ID,Tem_percentile,RH_percentile,Wind_percentile,Tem_threshold,RH_threshold,Wind_threshold
01001,63,27,65,28.7,52.38,2.61
01003,60,38,63,28.51,59.32,3.15
01005,65,40,79,29.35,57.3,3.04
01007,60,30,75,27.67,54.02,3.03
01009,61,24,68,26.71,52.3,2.69
01011,75,39,63,30.85,57.56,2.41
01013,66,36,72,29.88,56.23,2.88
01015,60,22,66,26.63,51.7,2.72
01017,60,32,72,27.51,52.74,2.96
01019,60,25,72,26.18,53.9,2.8
01021,60,31,73,27.66,53.99,3.01
01023,60,34,82,28.7,54.78,3.28
01025,60,37,81,28.98,55.25,3.18
01027,60,31,73,26.34,55.35,2.59
01029,60,28,71,26.11,53.9,3.15
01031,63,40,76,29.14,57.46,2.99
01033,60,29,79,26.48,53.34,3.69
01035,60,36,79,28.66,57.18,3.08
01037,60,29,72,27.4,54.34,2.96
01039,62,36,75,29.28,55.86,2.95
01041,74,40,64,31.01,58.23,2.69
01043,61,23,69,26.79,51.46,2.8
01045,63,39,78,29.31,55.99,3.11
01047,62,33,75,28.73,54.65,2.86
01049,60,25,70,24.84,57.47,2.95
01051,61,29,70,28.07,53.68,2.73
01053,65,37,71,29.88,56.26,2.86
01055,60,28,76,26.31,54.39,3.23
01057,60,27,77,27.23,51.58,3.09
01059,62,30,79,26.85,54.2,3.63
01061,62,35,76,29.06,54.96,2.87
01063,65,28,71,29.08,53.28,2.78
01065,65,34,76,29.36,54.58,2.88
01067,75,36,67,31.19,55.56,2.78
01069,75,40,71,31.4,56.47,2.74
01071,60,25,74,25.21,55.51,3.57
01073,60,29,77,27.35,52.57,2.97
01075,61,24,78,27.6,50.74,3.28
01077,62,28,76,27.02,52.81,3.48
01079,61,30,80,26.73,53.92,3.19
01081,64,40,77,28.51,54.78,2.86
01083,60,30,79,26.05,54.41,3.25
01085,60,31,71,28.4,53.76,2.75
01087,65,38,75,29.1,55.98,2.7
01089,60,31,77,25.78,56.04,3.6
01091,60,36,82,28.45,55.68,3.14
01093,60,29,81,26.69,53.23,3.6
01095,60,28,76,25.96,54.81,3.24
01097,60,40,68,28.46,59.71,3.29
01099,61,39,81,28.97,56.92,3.28
01101,76,40,62,31.26,57.2,2.44
01103,60,29,77,26.22,54.23,3.21
01105,62,33,75,28.4,54.37,2.97
01107,62,28,74,28.25,53.05,2.88
01109,83,40,63,32.15,58.98,2.58
01111,60,29,71,26.74,52.54,2.97
01113,67,39,75,29.56,55.64,2.68
01115,60,25,69,26.84,52.25,3.03
01117,60,26,71,27.67,51.46,2.92
01119,60,34,82,28.23,55.31,3.33
01121,60,30,75,27.46,53.96,2.94
01123,60,30,72,27.49,54.32,2.78
01125,61,31,77,27.94,53.66,3.12
01127,61,25,74,27.48,50.57,2.97
01129,60,34,80,29.2,53.75,3.22
01131,60,38,83,28.67,55.79,3.3
01133,61,26,75,26.62,52.87,3.31
04001,86,6,82,29.23,17.540000000000006,3.54
04003,93,8,72,34.71,14.689999999999998,3.08
04005,92,6,76,32.11,16.61,3.39
04007,87,7,80,32.85,14.269999999999996,3.38
04009,96,8,77,35.62,15.680000000000007,3.05
04011,94,7,75,32.61,15.909999999999997,3.35
04012,94,11,75,41.88,15.709999999999994,2.95
04013,90,7,78,40.25,14.230000000000004,2.69
04015,91,10,81,36.17,14.39,3.59
04017,85,5,82,30.49,15.480000000000004,3.43
04019,92,12,76,38.59,16.049999999999997,3.22
04021,93,9,79,39.73,14.810000000000002,2.76
04023,92,9,72,33.87,15.340000000000003,3.27
04025,84,8,81,32.72,15.209999999999994,3.38
04027,91,13,74,41.36,18.25,2.74
05001,87,24,61,33.22,51.71,2.86
05003,69,29,74,30.37,53.88,3.18
05005,67,27,77,27.73,45.81,3.31
05007,94,36,77,33.87,52.9,3.73
05009,62,19,78,25.48,44.76,3.37
05011,70,31,74,30.3,53.96,3.25
05013,68,29,75,29.85,52.92,3.19
05015,87,37,74,31.52,53.08,3.6
05017,90,38,67,34.24,57.37,2.93
05019,88,33,63,33.66,53.97,2.76
05021,77,21,66,30.7,48.94,2.92
05023,92,34,62,33.77,51.91,3.08
05025,85,39,68,33.07,55.62,2.83
05027,60,30,83,27.99,54.56,3.52
05029,92,38,65,34.71,54.49,2.71
05031,72,24,77,29.92,50.55,3.26
05033,82,36,76,31.51,53.98,2.89
05035,76,28,74,30.7,53.51,3.27
05037,74,27,77,30.4,52.3,3.34
05039,83,34,66,32.58,54.17,2.82
05041,77,31,72,31.53,54.97,3.16
05043,73,29,69,30.79,53.81,2.95
05045,96,34,62,35.89,52.93,2.69
05047,80,34,75,31.15,54.63,3.22
05049,69,28,75,28.21,47.48,3.12
05051,94,31,61,35.1,52.67,2.9
05053,77,34,72,31.36,53.38,3.01
05055,77,25,72,30.8,50.33,3.33
05057,93,30,61,34.76,54.47,2.71
05059,93,35,63,34.8,53.54,2.8
05061,78,31,73,31.1,55.28,3.52
05063,76,31,70,30.59,49.17,3.2
05065,61,22,78,26.34,44.61,3.3
05067,76,24,70,30.75,50.05,3.15
05069,84,36,71,32.73,54.7,3.1
05071,77,36,76,29.78,55.84,3.83
05073,91,39,68,34.68,57.3,2.77
05075,71,25,76,29.58,48.91,3.31
05077,87,34,70,33.06,55.51,3.09
05079,82,27,65,32.5,52.36,2.81
05081,94,31,65,35.43,54.68,2.81
05083,72,32,79,29.93,54.32,3.08
05085,93,31,62,34.38,53.04,2.76
05087,93,36,72,32.6,54.97,3.7
05089,63,18,75,26.57,42.25,3.3
05091,95,35,66,35.94,55.67,2.83
05093,69,23,78,28.99,50.92,3.41
05095,77,28,72,31.03,52.83,3.12
05097,82,33,64,31.66,55.69,3.36
05099,94,37,61,35.18,56.53,2.63
05101,62,27,80,24.53,51.23,4.55
05103,65,35,87,29.18,55.01,4.01
05105,94,36,60,35.2,54.99,2.64
05107,80,30,70,31.76,54.39,3.12
05109,80,35,72,31.26,56.61,3.38
05111,70,26,80,29.5,51.68,3.43
05113,91,35,68,33.11,58.41,3.42
05115,72,37,78,29.31,55.17,3.53
05117,91,30,65,34.11,52.58,2.81
05119,94,36,64,34.96,54.52,2.69
05121,72,27,76,29.46,49.6,3.46
05123,73,25,74,30.13,52.14,3.23
05125,94,36,63,35.09,53.8,2.82
05127,82,35,71,31.97,55.41,3.41
05129,60,21,78,24.99,45.99,4.12
05131,90,35,71,34.29,53.69,2.78
05133,85,32,73,33.13,56.27,3.47
05135,71,33,78,29.29,49.54,3.21
05137,68,30,76,27.91,48.45,3.72
05139,61,33,86,28.44,55.06,3.87
05141,69,33,76,27.97,51.96,3.36
05143,93,33,70,33.1,53.61,3.42
05145,89,27,64,33.65,50.75,2.87
05147,87,29,69,33.23,52.25,3.03
05149,69,28,74,29.09,52.9,3.11
06001,92,11,75,30.1,39.85,3.22
06003,85,10,69,21.93,27.14,3.32
06005,85,9,75,31.34,29.92,2.36
06007,82,13,75,31.52,32.33,2.97
06009,93,10,65,34.35,31.569999999999993,2.41
06011,81,10,82,32.78,30.86,3.29
06013,91,10,85,31.95,37.76,3.54
06015,92,12,77,26.53,44.55,3.97
06017,87,11,71,29.34,30.17,2.32
06019,93,7,79,32.15,27.489999999999995,2.53
06021,80,9,79,31.64,30.439999999999998,3.61
06023,92,9,74,28.28,41.84,4.37
06025,93,12,67,42.12,18.019999999999996,2.42
06027,90,13,80,34.98,17.989999999999995,3.1
06029,91,8,75,35.55,22.700000000000003,3.01
06031,94,8,84,38.28,27.159999999999997,2.59
06033,85,12,80,31.31,29.269999999999996,3.46
06035,87,10,69,27.59,24.019999999999996,3.19
06037,91,19,61,32.81,31.939999999999998,2.43
06039,94,6,70,33.47,28.980000000000004,2.73
06041,90,11,78,26.22,49.96,4.7
06043,93,10,69,32.42,29.03,2.27
06045,92,10,76,30.65,36.22,4.93
06047,94,6,82,36.88,29.599999999999994,3.29
06049,85,14,72,27.18,30.200000000000003,2.91
06051,87,15,71,24.94,24.849999999999994,3.0
06053,95,10,74,32.41,33.34,3.12
06055,91,8,77,33.22,32.010000000000005,3.05
06057,87,9,68,28.71,28.069999999999993,2.69
06059,96,26,67,31.56,48.42,2.06
06061,87,9,68,29.05,29.540000000000006,2.62
06063,86,9,67,26.89,25.189999999999998,3.29
06065,93,15,71,39.02,20.75,2.71
06067,93,7,83,35.84,32.040000000000006,2.75
06069,93,10,76,34.0,28.72,2.99
06071,87,9,75,37.12,16.900000000000006,3.11
06073,86,24,65,32.49,35.69,2.34
06075,73,19,78,20.41,61.6,3.34
06077,95,6,81,36.64,30.739999999999995,2.94
06079,93,8,69,32.79,30.790000000000006,3.01
06081,93,10,62,26.77,47.63,3.26
06083,90,15,65,29.57,37.03,3.47
06085,91,12,73,31.16,35.42,3.31
06087,94,9,73,29.5,40.57,3.41
06089,84,12,72,30.45,28.450000000000003,2.86
06091,85,9,69,26.09,26.239999999999995,3.26
06093,82,9,62,26.76,29.72,2.62
06095,92,9,85,34.08,34.53,3.86
06097,90,9,82,29.4,41.11,4.75
06099,94,6,80,36.41,28.709999999999994,3.27
06101,86,8,76,34.49,31.78,2.46
06103,82,14,75,31.15,30.659999999999997,3.45
06105,89,13,64,30.1,32.05,2.72
06107,94,9,71,31.23,26.72,2.27
06109,87,9,65,26.71,27.069999999999993,2.51
06111,81,12,61,28.95,26.47,2.26
06113,93,7,74,36.56,29.620000000000005,2.53
06115,82,11,79,32.17,31.819999999999993,2.74
08001,89,10,85,31.45,24.92,2.96
08003,86,8,81,26.01,23.599999999999994,2.78
08005,91,11,81,31.29,25.400000000000006,3.11
08007,82,6,83,23.71,22.689999999999998,3.72
08009,91,17,80,33.78,28.25,3.93
08011,89,16,80,34.19,26.730000000000004,3.13
08013,85,9,75,24.88,25.92,3.82
08014,91,8,77,31.09,22.64,2.94
08015,87,8,71,20.44,26.370000000000005,4.24
08017,92,19,83,33.28,30.83,3.63
08019,91,6,72,19.49,26.22,3.48
08021,85,7,79,22.34,24.769999999999996,4.19
08023,86,7,82,23.81,24.25,3.69
08025,90,9,77,33.85,22.439999999999998,2.51
08027,86,6,78,22.66,23.099999999999994,3.82
08029,83,7,89,26.78,21.689999999999998,3.5
08031,92,8,81,31.58,23.14,3.06
08033,86,7,78,24.38,21.86,3.92
08035,84,8,84,26.77,24.900000000000006,3.6
08037,76,8,85,19.71,25.36,4.45
08039,89,11,79,29.4,26.939999999999998,3.23
08041,88,13,82,28.03,27.269999999999996,3.07
08043,89,6,77,26.58,22.560000000000002,3.64
08045,85,6,82,24.5,22.33,4.07
08047,91,8,74,22.12,26.340000000000003,3.35
08049,83,8,75,20.52,27.299999999999997,3.99
08051,83,11,81,20.96,26.849999999999994,4.02
08053,85,10,78,18.07,25.489999999999995,4.53
08055,87,8,85,26.42,23.03,3.31
08057,83,8,76,21.02,27.540000000000006,4.55
08059,89,9,81,26.49,25.439999999999998,3.24
08061,92,15,78,34.19,27.989999999999995,3.17
08063,92,21,83,32.71,32.7,3.75
08065,85,11,69,17.35,29.790000000000006,4.59
08067,85,5,80,24.85,21.58,3.53
08069,81,8,77,22.76,26.099999999999994,3.66
08071,83,6,83,28.72,21.58,3.34
08073,91,15,77,31.54,28.180000000000007,3.2
08075,94,12,73,33.35,28.629999999999995,3.26
08077,85,6,85,27.73,19.28,3.5
08079,83,9,79,18.3,24.89,4.43
08081,89,9,83,28.22,23.47,3.46
08083,84,6,84,27.95,20.61,3.51
08085,93,8,81,29.93,20.28,3.14
08087,90,11,80,32.25,26.620000000000005,2.93
08089,88,8,79,33.67,21.67,2.64
08091,86,8,84,22.42,22.400000000000006,3.79
08093,89,7,75,21.47,26.510000000000005,4.05
08095,93,14,75,33.33,31.239999999999995,3.46
08097,85,8,81,20.19,25.730000000000004,4.04
08099,92,13,77,34.83,27.760000000000005,3.32
08101,87,9,83,31.35,22.260000000000005,2.86
08103,85,7,83,26.19,22.36,4.17
08105,87,8,82,22.58,24.569999999999993,3.55
08107,81,8,85,22.24,24.799999999999997,4.1
08109,82,9,80,21.71,24.879999999999995,3.51
08111,81,12,80,15.84,25.989999999999995,4.64
08113,86,8,84,25.32,21.17,4.0
08115,92,11,71,33.2,29.61,3.31
08117,84,9,74,18.22,27.409999999999997,4.41
08119,86,5,81,21.86,23.819999999999993,3.66
08121,88,12,79,31.09,28.739999999999995,3.24
08123,87,10,83,30.52,26.260000000000005,2.98
08125,90,13,77,32.59,29.959999999999994,3.47
09001,62,19,71,20.78,46.92,3.66
09003,62,21,75,20.42,46.74,3.81
09005,60,19,76,18.83,47.44,4.07
09007,60,23,68,19.59,49.03,4.01
09009,61,22,66,20.28,48.12,3.69
09011,61,26,66,19.73,50.71,3.87
09013,60,20,73,19.01,47.22,3.94
09015,61,22,72,19.46,47.43,3.9
10001,62,22,61,23.23,49.18,3.43
10003,74,27,60,26.96,49.96,3.15
10005,60,32,74,22.94,53.7,4.25
11001,63,20,77,24.48,45.48,3.47
12001,93,29,62,34.17,55.8,2.56
12003,90,37,70,33.74,56.63,2.84
12005,69,38,60,30.21,58.83,2.85
12007,89,40,72,33.31,59.08,2.94
12009,71,30,70,30.95,63.59,3.51
12011,78,34,68,32.65,64.17,2.8
12013,89,39,61,33.46,56.33,2.71
12015,73,27,62,32.49,60.59,2.61
12017,89,37,62,33.34,62.49,2.84
12019,87,38,74,33.41,57.22,3.18
12021,62,24,73,31.76,61.95,2.87
12023,93,40,72,34.43,57.33,2.85
12027,87,25,63,33.67,57.35,2.56
12029,81,35,61,32.19,59.81,2.78
12031,72,35,70,31.03,57.8,3.03
12033,61,40,67,28.58,60.93,3.33
12035,85,33,64,32.71,59.19,2.46
12037,68,40,65,30.2,63.71,2.99
12039,83,40,67,32.41,58.54,2.57
12041,90,38,74,34.06,56.77,2.94
12043,84,28,67,33.29,59.45,2.59
12045,67,40,64,29.86,61.16,3.2
12047,90,39,72,33.93,56.44,2.88
12049,92,26,60,34.33,56.37,2.55
12051,71,30,79,32.45,60.69,2.76
12053,88,36,60,33.31,64.0,2.77
12055,87,22,64,33.79,55.67,2.63
12057,81,29,62,32.71,61.32,2.77
12059,60,39,81,28.96,56.59,3.14
12061,76,28,64,32.1,60.21,3.87
12063,86,39,60,32.95,57.28,2.33
12065,85,40,61,32.86,58.85,2.54
12067,89,38,67,33.67,56.97,2.94
12069,85,31,70,33.05,58.63,2.9
12071,62,27,70,31.42,61.65,3.07
12073,82,40,65,32.55,58.11,2.61
12075,92,38,64,33.68,60.99,2.97
12077,87,40,60,33.16,57.45,2.89
12079,90,40,70,33.84,57.57,2.68
12081,69,25,60,31.96,59.08,2.78
12083,84,37,75,33.22,58.34,3.06
12085,61,33,72,30.79,63.43,3.29
12086,67,33,75,31.47,66.97,3.28
12087,73,39,73,31.98,69.13,3.42
12089,85,36,61,32.79,57.43,3.01
12091,61,34,66,28.99,56.52,3.03
12093,86,24,62,33.23,58.04,2.73
12095,88,28,64,33.35,57.73,2.77
12097,93,30,61,34.25,58.4,2.72
12099,79,34,68,32.5,63.7,2.82
12101,91,37,62,33.73,63.46,2.87
12103,64,30,74,30.89,65.78,3.54
12105,86,25,67,33.63,55.62,2.74
12107,81,37,75,32.77,58.01,2.99
12109,80,34,62,31.91,58.35,2.74
12111,78,32,60,32.37,62.73,2.93
12113,61,36,67,28.64,58.52,3.21
12115,65,25,62,31.93,59.87,2.85
12117,83,29,64,32.79,57.14,3.08
12119,93,37,73,34.21,60.44,2.98
12121,89,37,71,33.94,55.64,2.77
12123,69,40,65,31.43,59.36,3.18
12125,91,39,71,33.89,57.8,2.82
12127,85,33,65,32.49,59.85,2.86
12129,79,40,60,32.19,60.51,2.49
12131,71,40,60,30.67,58.03,2.89
12133,84,40,60,32.61,56.18,2.62
13001,92,31,70,34.42,51.63,2.93
13003,92,34,72,34.49,52.75,3.17
13005,91,29,69,34.09,52.01,2.89
13007,89,34,61,33.79,55.22,2.7
13009,81,35,71,32.15,51.74,2.88
13011,71,35,77,28.55,52.17,3.11
13013,70,32,75,28.71,51.91,3.04
13015,62,23,66,26.51,51.4,2.62
13017,91,37,68,34.17,54.9,2.97
13019,92,40,74,34.35,55.28,3.1
13021,90,39,70,33.89,53.77,2.95
13023,91,33,70,34.38,51.92,3.04
13025,90,33,70,33.81,54.19,3.14
13027,89,40,72,33.76,56.45,2.85
13029,93,38,68,34.29,56.44,3.59
13031,95,31,69,35.37,52.72,3.02
13033,93,36,69,34.59,51.72,2.92
13035,74,34,69,30.26,53.17,2.78
13037,84,37,64,32.54,56.15,2.68
13039,88,39,63,32.88,59.98,3.28
13043,93,31,70,35.09,50.63,3.15
13045,60,27,72,26.27,52.41,3.06
13047,60,22,71,25.45,52.02,3.36
13049,92,36,70,34.68,55.16,3.08
13051,94,40,62,33.81,59.06,3.71
13053,70,39,73,30.21,55.49,2.84
13055,60,23,68,25.57,53.71,2.91
13057,60,24,69,25.42,48.18,2.78
13059,90,37,61,32.89,53.07,2.62
13061,71,40,75,30.61,56.98,2.93
13063,73,36,69,29.46,54.43,3.1
13065,92,33,73,34.44,53.94,3.02
13067,60,29,72,25.87,52.91,2.99
13069,95,29,62,35.38,50.76,2.86
13071,89,37,67,33.76,54.81,2.79
13073,77,38,76,31.19,51.35,2.95
13075,91,40,72,34.16,56.0,3.07
13077,64,31,71,27.97,53.52,3.18
13079,90,40,70,33.65,54.38,2.86
13081,90,39,69,34.34,55.34,2.88
13083,60,23,71,24.22,56.09,3.33
13085,61,27,74,24.81,51.17,3.08
13087,92,40,65,34.35,57.64,2.6
13089,70,33,67,28.44,53.49,2.88
13091,94,34,67,35.26,52.62,2.94
13093,91,39,69,34.45,54.95,2.87
13095,89,39,67,33.83,57.6,2.92
13097,63,33,72,26.96,54.64,3.02
13099,68,35,76,30.65,55.23,2.97
13101,93,40,71,34.55,56.42,2.84
13103,94,31,68,35.03,52.15,3.14
13105,76,34,76,30.11,51.34,2.98
13107,91,34,72,34.36,51.48,3.21
13109,93,31,70,34.68,51.93,3.04
13111,62,30,70,24.5,54.02,3.86
13113,71,32,67,29.14,54.35,3.09
13115,62,22,67,26.52,51.1,2.55
13117,74,39,73,28.38,54.88,2.84
13119,66,33,81,27.92,51.51,3.18
13121,62,27,68,26.62,51.32,2.9
13123,62,27,67,24.73,53.05,3.64
13125,72,32,75,30.26,50.75,3.05
13127,92,39,60,33.31,62.85,3.58
13129,62,24,66,26.51,52.61,2.69
13131,90,40,67,33.8,57.4,2.77
13133,73,34,74,30.1,51.83,3.1
13135,60,28,72,25.81,51.37,3.11
13137,61,28,77,24.88,49.86,3.77
13139,68,36,78,27.36,52.71,3.14
13141,79,36,70,31.37,52.36,2.91
13143,60,27,73,25.8,52.48,3.07
13145,69,40,72,29.53,54.95,3.05
13147,75,36,79,29.69,52.05,3.04
13149,60,29,72,27.13,51.96,3.15
13151,72,33,69,29.52,53.51,3.0
13153,91,35,71,34.27,52.72,2.91
13155,90,40,74,33.81,56.63,3.14
13157,72,35,75,28.99,52.48,3.03
13159,84,40,69,32.01,54.68,2.8
13161,95,28,63,35.31,50.58,2.67
13163,92,39,68,34.33,52.63,2.82
13165,94,32,69,35.18,50.96,3.05
13167,95,34,65,35.42,51.78,2.84
13169,86,38,70,32.81,53.13,2.86
13171,74,35,70,30.15,54.44,2.75
13173,92,38,74,34.47,54.44,2.99
13175,95,31,66,35.72,50.79,2.84
13177,88,40,68,33.58,57.45,2.85
13179,95,40,67,34.83,58.25,3.51
13181,69,30,78,29.65,49.35,3.03
13183,94,31,64,35.19,52.41,3.04
13185,89,40,74,33.95,56.01,2.99
13187,60,27,73,24.21,51.61,3.4
13189,88,39,69,32.88,53.32,2.73
13191,83,40,62,31.7,62.63,3.62
13193,90,38,67,34.01,54.33,2.83
13195,69,32,78,28.67,51.46,3.07
13197,85,40,62,32.44,55.47,2.59
13199,67,34,69,29.05,53.55,3.09
13201,92,37,62,34.52,56.16,2.48
13205,89,36,61,33.86,55.64,2.64
13207,87,40,67,32.81,54.49,2.72
13209,92,30,68,34.64,49.3,2.82
13211,94,38,60,34.2,53.47,2.54
13213,60,22,72,25.42,53.31,3.34
13215,71,39,72,30.39,54.37,3.01
13217,92,39,61,33.39,54.67,2.61
13219,92,37,60,33.5,53.07,2.6
13221,94,39,61,34.03,53.96,2.63
13223,60,30,72,25.9,54.4,2.88
13225,89,37,71,33.56,53.35,2.93
13227,62,21,65,25.16,48.7,2.99
13229,91,27,68,34.47,50.51,2.96
13231,72,36,69,29.72,55.5,3.03
13233,61,25,72,26.49,51.59,2.73
13235,94,36,69,35.28,53.44,2.97
13237,83,39,71,32.09,53.61,2.87
13239,70,38,75,30.35,55.92,2.89
13241,60,30,76,23.5,51.44,3.97
13243,72,39,76,30.94,56.16,2.96
13245,92,39,68,34.2,51.52,2.74
13247,73,35,72,29.51,53.59,2.98
13249,93,39,60,34.31,55.31,2.55
13251,95,31,69,35.44,51.43,2.93
13253,91,40,63,34.13,57.77,2.48
13255,71,33,69,29.15,54.79,2.98
13257,65,30,80,27.33,49.61,3.42
13259,75,39,68,31.0,56.05,2.55
13261,90,37,63,33.78,55.34,2.63
13263,66,39,79,29.36,54.37,3.28
13265,94,40,62,34.32,54.17,2.67
13267,93,32,71,34.73,51.43,3.06
13269,88,40,66,33.24,54.62,2.7
13271,95,31,65,35.46,50.94,2.77
13273,82,36,68,32.33,55.81,2.82
13275,82,38,70,32.61,55.55,2.82
13277,91,37,68,33.72,56.26,2.97
13279,94,31,68,35.2,49.64,2.87
13281,60,32,70,23.03,54.36,4.07
13283,93,30,67,34.92,49.76,2.85
13285,60,30,72,27.53,52.17,3.2
13287,90,39,69,33.64,56.68,3.01
13289,90,34,70,34.05,51.72,2.86
13291,61,28,69,23.55,52.65,3.48
13293,75,40,71,30.84,55.07,2.92
13295,60,27,73,24.94,55.9,3.57
13297,90,37,61,32.58,53.94,2.57
13299,94,34,73,35.11,53.87,3.11
13301,76,33,71,30.61,51.76,2.89
13303,92,34,62,34.09,52.07,2.72
13305,90,32,70,34.14,52.7,3.11
13307,89,40,60,33.34,56.26,2.45
13309,94,31,67,35.23,50.43,2.78
13311,60,27,76,24.29,50.2,3.67
13313,60,22,73,25.75,53.11,3.3
13315,91,38,70,34.35,54.69,3.06
13317,83,40,71,31.74,54.3,2.87
13319,88,35,71,33.76,51.46,3.01
13321,90,39,66,33.76,57.12,2.87
16001,88,11,72,31.94,26.200000000000003,3.07
16003,88,9,73,26.93,28.239999999999995,2.82
16005,91,13,82,29.05,30.760000000000005,3.93
16007,87,11,81,25.12,30.239999999999995,3.94
16009,89,4,67,27.31,31.599999999999994,3.17
16011,91,11,83,29.71,30.36,3.48
16013,91,9,72,27.94,27.310000000000002,3.34
16015,89,6,72,27.11,23.72,3.29
16017,89,7,69,25.57,37.46,3.08
16019,93,9,81,28.09,29.209999999999994,3.66
16021,91,10,69,24.34,40.99,3.0
16023,88,8,82,27.24,27.569999999999993,3.43
16025,88,15,78,25.76,30.480000000000004,3.55
16027,88,7,75,32.41,26.340000000000003,2.58
16029,88,10,81,25.83,30.03,4.2
16031,87,8,76,28.22,27.53,3.58
16033,86,10,86,24.71,30.75,3.93
16035,91,8,71,27.01,34.59,2.87
16037,89,12,78,23.22,30.400000000000006,4.05
16039,87,7,69,28.75,23.700000000000003,3.11
16041,90,9,85,28.4,27.939999999999998,3.36
16043,88,9,82,25.48,32.239999999999995,3.67
16045,90,7,77,30.8,24.64,2.86
16047,92,12,77,32.71,27.260000000000005,2.89
16049,88,8,68,24.85,33.230000000000004,2.89
16051,91,10,85,30.07,30.840000000000003,3.15
16053,87,10,79,31.01,27.519999999999996,3.04
16055,89,8,73,26.81,36.28,3.23
16057,89,9,76,27.61,36.6,3.1
16059,90,8,76,24.64,31.239999999999995,3.11
16061,91,8,76,27.95,33.28,2.52
16063,92,12,78,32.24,28.11,3.09
16065,91,12,84,28.22,32.11,4.09
16067,88,6,75,30.47,26.36,3.04
16069,90,10,77,29.3,31.769999999999996,2.98
16071,86,9,83,27.96,27.409999999999997,3.78
16073,89,7,67,30.12,23.989999999999995,2.82
16075,88,9,81,32.33,26.42,2.6
16077,89,8,80,29.61,27.409999999999997,3.61
16079,89,9,68,24.5,36.97,3.57
16081,84,7,85,24.18,29.590000000000003,4.44
16083,92,12,73,30.76,28.659999999999997,3.19
16085,89,8,70,24.01,28.739999999999995,3.4
16087,93,6,78,31.55,24.349999999999994,2.61
17001,87,12,75,30.35,46.22,3.63
17003,63,19,78,25.9,51.3,3.38
17005,81,20,72,29.71,50.48,3.71
17007,81,11,78,27.0,48.59,4.16
17009,89,17,75,30.96,48.84,3.75
17011,85,17,75,28.95,49.43,3.67
17013,86,21,72,31.03,49.91,3.47
17015,87,17,76,28.89,51.04,3.76
17017,86,16,72,30.42,48.64,3.7
17019,79,17,77,28.22,51.24,3.74
17021,81,15,72,29.36,48.64,3.72
17023,80,17,69,29.07,51.38,3.44
17025,80,22,70,29.76,51.86,3.47
17027,91,24,64,32.14,52.31,3.34
17029,78,18,74,28.44,50.9,3.74
17031,81,16,78,27.07,50.58,4.17
17033,76,15,68,28.46,50.89,3.15
17035,80,16,69,29.12,50.25,3.58
17037,82,9,75,27.42,46.02,4.08
17039,82,16,74,29.05,49.65,3.78
17041,84,16,68,30.2,49.51,3.47
17043,77,10,77,26.6,46.44,4.25
17045,79,16,73,28.49,51.52,3.63
17047,78,20,67,29.63,51.55,3.17
17049,78,13,68,28.8,48.84,3.58
17051,84,15,66,30.11,49.1,3.47
17053,81,17,78,28.34,51.45,3.97
17055,71,24,74,27.77,53.54,3.06
17057,88,15,73,30.49,48.6,3.78
17059,62,13,72,25.29,49.26,3.16
17061,80,14,72,29.21,47.33,3.56
17063,80,8,70,27.61,45.09,3.46
17065,71,18,70,27.75,51.43,3.1
17067,88,15,71,30.65,47.92,3.57
17069,60,23,85,24.74,53.1,4.17
17071,87,13,73,29.93,47.38,3.65
17073,89,18,73,29.9,50.02,3.66
17075,79,11,77,27.87,47.76,3.94
17077,60,16,78,24.47,49.52,3.34
17079,78,17,70,28.81,51.44,3.55
17081,75,22,70,28.5,51.9,3.19
17083,82,17,72,29.85,48.91,3.48
17085,81,13,78,26.6,49.91,3.82
17087,67,22,74,26.88,53.12,3.18
17089,81,10,74,27.1,47.69,4.08
17091,80,10,75,27.81,47.73,3.75
17093,82,8,71,27.93,45.41,3.57
17095,88,14,71,29.85,48.55,3.67
17097,80,15,80,25.71,52.43,4.78
17099,81,11,71,27.8,45.97,3.61
17101,80,21,65,29.54,52.84,3.08
17103,80,11,79,27.11,47.44,4.12
17105,87,15,71,29.75,49.95,3.51
17107,80,19,78,28.9,50.31,3.97
17109,89,16,72,30.67,50.11,3.72
17111,81,11,78,26.86,49.65,4.29
17113,79,19,80,28.17,51.48,4.26
17115,82,16,73,29.47,49.37,3.71
17117,81,18,74,29.6,49.14,3.76
17119,82,21,69,30.04,51.01,3.42
17121,76,20,71,28.67,50.1,3.5
17123,87,14,72,29.97,47.45,3.6
17125,88,18,73,30.9,49.11,3.76
17127,66,24,77,26.78,54.0,3.31
17129,83,18,75,29.52,49.52,3.87
17131,88,15,72,29.96,48.16,3.57
17133,81,21,66,30.11,50.05,3.0
17135,80,13,71,29.53,46.96,3.66
17137,77,13,74,28.22,47.31,3.78
17139,82,16,71,29.53,49.5,3.61
17141,83,13,78,27.67,49.31,4.18
17143,84,15,75,29.0,48.64,3.82
17145,75,27,74,28.81,52.97,3.17
17147,81,18,76,28.92,51.14,3.75
17149,87,17,73,30.61,48.71,3.57
17151,63,18,75,25.76,51.09,3.3
17153,61,20,79,25.18,52.43,3.41
17155,83,13,71,28.83,46.47,3.53
17157,71,23,75,28.08,50.05,3.26
17159,73,17,71,27.88,50.75,3.45
17161,87,18,75,29.5,49.22,3.61
17163,78,23,71,29.46,50.6,3.13
17165,67,18,72,26.96,51.34,3.12
17167,82,16,73,29.43,48.68,3.77
17169,87,15,75,30.46,48.48,3.81
17171,81,16,74,29.32,48.46,3.76
17173,80,13,70,29.23,48.04,3.62
17175,90,17,73,30.29,49.91,3.69
17177,79,12,80,26.0,49.97,4.18
17179,80,15,77,28.53,48.33,3.99
17181,67,23,78,26.93,52.81,3.31
17183,79,15,75,28.13,49.72,3.71
17185,75,19,68,28.62,51.66,3.09
17187,88,12,72,30.15,47.11,3.71
17189,93,28,62,33.0,53.3,3.06
17191,73,18,71,28.1,50.53,3.47
17193,71,18,71,27.81,52.15,3.2
17195,87,16,75,29.29,49.62,3.53
17197,82,10,72,27.94,47.67,3.63
17199,60,15,76,24.34,50.71,3.2
17201,81,12,79,26.9,49.17,4.18
17203,88,18,74,30.37,49.99,3.79
18001,82,20,74,27.86,52.83,3.73
18003,75,18,81,25.82,52.38,3.79
18005,63,21,80,23.57,53.53,3.9
18007,82,17,78,28.2,51.23,3.79
18009,82,20,74,27.45,53.92,3.73
18011,75,20,76,26.48,52.18,3.97
18013,64,20,78,23.78,53.66,3.69
18015,81,15,76,28.13,49.73,3.6
18017,78,16,78,26.97,51.17,3.95
18019,60,19,80,24.03,50.35,3.69
18021,75,20,74,27.21,53.26,3.57
18023,77,21,80,26.76,53.16,4.11
18025,61,15,75,24.2,49.17,3.55
18027,67,16,73,25.78,50.54,3.38
18029,71,18,71,25.79,51.97,3.05
18031,60,17,80,21.95,52.14,3.67
18033,82,16,71,27.75,51.73,3.26
18035,78,20,75,26.74,53.74,3.9
18037,61,16,75,23.92,49.48,3.52
18039,77,9,72,26.01,48.07,3.89
18041,78,18,64,27.09,51.78,3.2
18043,61,15,74,24.29,48.24,3.15
18045,79,18,76,27.84,51.36,3.76
18047,76,16,63,26.94,50.75,3.12
18049,78,11,73,26.49,49.2,3.89
18051,70,17,71,27.17,50.53,3.21
18053,77,20,79,26.48,53.59,4.08
18055,69,14,70,25.96,50.66,3.37
18057,78,18,71,27.03,52.43,3.7
18059,74,20,72,26.15,53.33,3.76
18061,60,15,75,23.94,48.8,3.41
18063,77,23,75,27.01,53.82,4.04
18065,80,24,71,27.15,55.23,3.87
18067,79,16,75,27.23,51.59,3.52
18069,78,17,77,26.87,51.79,4.04
18071,62,17,77,23.88,51.58,3.29
18073,79,10,76,27.28,47.76,3.67
18075,79,19,75,26.95,52.95,3.67
18077,60,19,82,23.22,53.32,4.19
18079,61,20,81,23.25,53.6,3.67
18081,66,22,79,23.93,54.33,4.1
18083,71,19,73,27.01,52.38,3.5
18085,81,15,73,26.98,51.46,3.96
18087,77,9,70,25.53,48.78,3.74
18089,83,16,78,28.04,51.87,3.95
18091,81,14,78,27.03,51.13,4.14
18093,61,16,78,23.62,51.15,3.5
18095,77,23,79,26.64,54.91,4.16
18097,78,22,74,27.3,53.74,3.87
18099,81,18,78,27.5,52.27,4.06
18101,63,14,74,24.53,49.41,3.43
18103,78,18,78,26.78,52.27,3.95
18105,64,14,73,23.98,50.85,3.36
18107,79,22,77,27.59,53.15,4.0
18109,77,19,67,27.18,53.04,3.61
18111,81,14,78,28.09,49.68,3.89
18113,76,13,76,25.48,50.81,4.0
18115,60,13,77,22.93,49.47,3.12
18117,61,14,73,23.81,49.28,3.63
18119,76,20,72,27.06,54.15,3.47
18121,79,19,74,28.42,51.45,3.69
18123,61,17,78,24.36,50.38,3.46
18125,71,15,68,27.15,49.53,3.12
18127,83,19,81,27.76,53.07,4.14
18129,70,17,70,27.35,50.9,3.12
18131,82,18,80,27.93,52.05,3.95
18133,76,20,75,27.06,53.09,3.86
18135,80,22,74,27.0,54.34,3.72
18137,62,17,77,22.84,53.1,3.23
18139,66,18,77,23.62,52.61,3.8
18141,82,16,77,27.32,51.61,4.26
18143,60,20,81,23.56,52.7,3.82
18145,63,17,78,23.11,52.15,3.95
18147,73,17,66,28.16,49.73,3.02
18149,83,13,75,28.16,49.59,3.72
18151,77,20,79,25.48,55.23,4.01
18153,77,22,72,28.23,54.49,3.51
18155,60,17,80,23.2,51.51,3.58
18157,80,16,77,27.79,50.32,3.8
18159,79,13,68,27.07,50.62,3.42
18161,79,18,65,27.42,51.22,3.23
18163,67,18,74,26.65,49.72,3.32
18165,80,19,75,28.68,51.87,3.69
18167,76,18,74,27.78,52.0,3.58
18169,77,17,78,26.4,52.1,4.07
18171,80,16,77,27.93,50.43,3.7
18173,70,17,70,27.37,49.65,3.2
18175,61,16,78,23.94,50.01,3.54
18177,80,18,64,27.24,52.33,3.5
18179,75,20,81,25.7,53.6,4.2
18181,80,15,79,27.69,50.08,3.86
18183,79,19,78,26.4,53.66,4.11
19001,90,18,84,30.66,46.89,4.49
19003,88,17,83,30.04,47.22,4.58
19005,90,13,78,28.78,48.27,3.95
19007,92,15,74,31.26,47.01,3.9
19009,91,18,83,30.75,47.83,4.52
19011,84,13,79,28.22,46.84,3.95
19013,86,14,79,28.41,47.86,3.89
19015,84,15,83,28.45,46.6,4.32
19017,85,16,83,27.9,49.27,4.61
19019,84,13,80,27.65,47.55,3.97
19021,85,14,85,28.08,44.56,4.46
19023,85,13,82,28.31,47.0,4.5
19025,83,15,87,28.17,45.15,4.81
19027,87,19,87,29.27,47.93,4.8
19029,89,19,86,30.35,47.73,4.68
19031,87,12,73,29.31,46.58,3.53
19033,86,11,81,27.93,45.98,4.42
19035,87,15,83,28.94,44.59,4.23
19037,84,11,83,27.43,46.44,4.65
19039,91,15,77,30.87,46.43,3.88
19041,87,12,82,28.54,44.8,4.41
19043,84,12,81,27.43,47.04,3.88
19045,86,14,75,28.65,48.32,3.65
19047,90,19,87,30.1,47.45,4.63
19049,89,14,79,30.05,46.24,3.67
19051,91,14,71,31.38,45.77,3.67
19053,90,11,77,30.67,43.78,3.81
19055,91,13,73,29.45,47.98,3.65
19057,88,14,72,29.97,47.56,3.53
19059,84,15,88,27.28,47.37,4.98
19061,89,12,73,28.66,47.97,3.69
19063,85,15,89,27.67,47.37,4.73
19065,85,13,81,27.43,47.84,4.33
19067,87,12,82,28.47,46.71,4.54
19069,80,9,81,26.62,43.73,4.18
19071,95,14,78,33.64,44.19,3.45
19073,84,15,85,28.81,45.34,4.65
19075,82,13,81,27.29,47.2,4.2
19077,90,15,81,30.43,46.05,4.12
19079,88,14,78,29.23,45.84,4.2
19081,81,10,85,26.71,44.04,4.62
19083,84,13,81,28.01,46.5,4.17
19085,90,20,88,30.89,47.49,4.73
19087,87,14,73,29.94,47.22,3.54
19089,84,10,81,26.77,46.57,4.45
19091,83,11,86,27.74,43.4,4.67
19093,86,16,86,28.85,44.78,4.54
19095,84,14,77,28.7,46.89,3.81
19097,83,11,75,27.36,47.36,3.69
19099,88,15,76,29.76,47.71,3.83
19101,91,19,76,31.38,48.85,3.74
19103,87,12,72,29.71,45.43,3.61
19105,86,13,76,28.54,47.31,3.92
19107,91,18,75,31.01,48.4,3.92
19109,84,11,85,27.66,43.8,4.48
19111,89,16,71,30.69,47.83,3.56
19113,85,13,76,28.57,46.66,3.9
19115,88,15,72,30.12,47.95,3.39
19117,92,15,76,31.36,46.25,3.79
19119,88,14,87,29.39,44.18,4.42
19121,90,17,81,30.54,46.89,4.19
19123,92,15,72,31.27,46.58,3.9
19125,89,18,77,30.48,47.61,3.78
19127,90,17,76,29.87,49.59,3.75
19129,94,17,77,32.79,45.73,3.73
19131,84,9,82,27.15,44.4,4.49
19133,90,20,88,30.9,46.31,4.63
19135,91,17,75,31.05,47.17,3.9
19137,89,21,86,30.78,48.29,4.51
19139,88,17,73,30.08,48.48,3.46
19141,87,15,86,28.75,45.86,4.3
19143,87,15,87,28.23,46.61,4.73
19145,90,17,84,31.2,47.53,4.23
19147,85,13,86,28.06,45.07,4.37
19149,87,14,84,29.56,42.85,4.31
19151,82,13,87,27.57,44.49,4.66
19153,89,12,77,30.03,45.29,3.72
19155,88,20,86,30.14,47.64,4.67
19157,91,20,76,30.58,50.67,4.0
19159,92,13,78,31.34,45.11,4.2
19161,90,18,83,29.77,46.82,4.44
19163,84,13,73,28.52,46.93,3.46
19165,90,18,87,30.35,47.44,4.74
19167,88,14,84,29.59,43.6,4.07
19169,91,18,78,30.06,49.77,4.08
19171,81,13,81,27.31,47.05,4.0
19173,91,15,81,31.16,46.19,4.44
19175,88,15,83,29.93,46.17,4.54
19177,88,16,74,30.78,47.02,3.53
19179,92,18,75,31.59,47.92,4.06
19181,89,14,79,30.32,45.97,3.82
19183,86,15,74,29.8,46.7,3.47
19185,92,13,75,31.18,45.34,3.83
19187,83,14,84,28.0,44.74,4.6
19189,83,11,85,27.15,45.12,4.65
19191,85,12,80,27.2,47.04,4.47
19193,82,12,86,28.24,42.03,4.53
19195,89,14,83,28.53,48.03,4.54
19197,80,10,83,26.64,44.08,4.48
20001,96,17,77,35.33,45.75,3.92
20003,96,14,75,35.19,43.6,4.02
20005,91,17,78,32.84,44.92,4.12
20007,96,12,79,37.94,35.129999999999995,4.2
20009,96,12,79,36.9,36.13,4.15
20011,97,13,76,36.08,44.02,3.75
20013,92,14,78,33.25,43.52,4.13
20015,97,14,77,36.85,40.61,4.51
20017,96,12,74,35.85,40.1,4.25
20019,97,17,74,37.26,43.72,3.71
20021,93,26,85,34.09,50.54,4.32
20023,90,20,84,32.99,34.790000000000006,3.89
20025,96,13,82,37.56,33.28,3.87
20027,95,14,84,35.75,40.31,4.02
20029,92,13,85,34.15,39.66,4.3
20031,97,14,72,35.69,43.62,4.02
20033,95,15,83,37.23,35.269999999999996,4.35
20035,95,15,77,36.39,41.76,3.88
20037,95,19,80,34.93,47.99,3.95
20039,96,19,81,36.05,37.26,4.01
20041,96,9,76,36.4,37.44,3.89
20043,89,14,77,31.78,44.2,3.76
20045,97,14,74,35.53,44.31,3.39
20047,95,12,82,36.24,34.69,4.46
20049,95,20,81,35.61,44.95,4.12
20051,97,12,81,37.17,35.45,4.26
20053,97,11,77,37.33,37.03,4.12
20055,96,16,83,36.33,33.81999999999999,4.4
20057,96,12,79,36.69,33.370000000000005,4.31
20059,95,20,77,34.57,46.58,3.96
20061,94,16,81,34.66,42.75,4.08
20063,92,16,85,34.39,35.489999999999995,4.09
20065,94,16,86,35.28,37.04,4.52
20067,94,17,87,36.08,31.370000000000005,4.17
20069,95,12,83,35.93,32.09,4.5
20071,93,15,78,34.62,30.400000000000006,3.63
20073,97,14,74,36.55,42.13,3.96
20075,93,17,83,35.34,30.260000000000005,3.84
20077,95,10,79,37.38,36.51,4.11
20079,96,13,79,36.67,40.14,4.26
20081,97,15,82,37.1,32.400000000000006,4.19
20083,95,13,80,36.22,34.09,4.31
20085,92,20,83,33.39,45.85,4.41
20087,97,15,74,35.44,44.56,3.65
20089,94,14,81,34.62,39.79,3.94
20091,97,23,80,35.21,48.49,3.97
20093,95,18,85,36.06,32.31999999999999,4.27
20095,97,10,76,37.9,36.32,4.42
20097,95,14,84,36.3,35.540000000000006,4.94
20099,93,21,81,34.36,48.55,4.18
20101,95,17,85,35.92,34.900000000000006,4.46
20103,93,19,79,33.43,46.5,3.98
20105,97,13,83,37.65,38.12,4.17
20107,97,13,76,35.81,43.66,3.82
20109,92,17,83,34.48,33.58,4.02
20111,96,17,76,35.13,44.6,4.03
20113,97,12,79,37.22,38.94,4.4
20115,96,12,78,36.2,39.86,4.55
20117,92,20,88,33.29,45.05,4.56
20119,96,14,83,37.23,32.769999999999996,4.29
20121,96,15,73,34.68,44.62,3.62
20123,97,12,78,37.14,38.1,3.76
20125,95,25,82,35.6,48.59,4.2
20127,97,12,74,36.0,41.01,4.1
20129,96,17,80,36.72,29.459999999999994,4.19
20131,91,18,84,32.87,44.84,4.43
20133,96,19,79,35.64,47.59,3.87
20135,92,14,85,35.04,34.879999999999995,4.45
20137,94,17,83,35.02,37.75,4.12
20139,97,16,74,35.73,44.91,3.77
20141,96,13,81,36.67,37.09,4.12
20143,97,13,83,37.55,38.73,3.84
20145,93,12,83,35.56,35.05,4.49
20147,94,13,82,35.34,36.61,3.85
20149,90,19,87,32.78,44.75,4.44
20151,97,11,78,37.69,34.730000000000004,4.58
20153,94,15,78,34.72,34.45,3.78
20155,96,13,79,36.9,39.31,4.34
20157,92,16,87,33.72,41.84,4.62
20159,96,15,80,36.7,39.75,4.58
20161,97,14,77,36.28,41.56,3.66
20163,94,13,83,35.5,36.09,4.24
20165,93,12,83,35.62,35.040000000000006,4.35
20167,97,17,84,37.16,39.45,4.56
20169,97,13,85,37.31,39.38,4.05
20171,91,15,85,34.35,32.870000000000005,4.45
20173,97,12,77,37.31,39.68,4.04
20175,97,13,81,37.57,31.260000000000005,4.1
20177,96,16,75,34.94,44.84,3.6
20179,94,15,82,35.18,35.25,4.22
20181,93,21,83,33.82,35.28,3.98
20183,95,16,82,35.73,38.86,3.92
20185,96,13,80,37.12,36.45,4.21
20187,93,22,87,35.61,32.18000000000001,4.29
20189,97,16,84,37.17,31.230000000000004,4.2
20191,97,11,78,38.0,39.24,4.01
20193,95,20,82,35.03,36.38,4.24
20195,96,11,80,36.33,34.05,3.92
20197,90,17,81,32.6,44.63,4.3
20199,93,17,80,34.63,31.790000000000006,4.01
20201,91,18,89,33.42,42.64,4.58
20203,92,17,84,34.39,32.650000000000006,4.28
20205,96,16,75,36.02,44.57,3.62
20207,97,14,72,36.18,43.33,3.64
20209,97,22,79,35.26,47.16,4.0
21001,60,16,76,24.42,49.68,3.38
21003,60,25,83,25.0,54.29,3.83
21005,61,17,76,24.29,49.7,3.43
21007,63,19,76,26.06,51.59,3.25
21009,60,15,76,25.05,49.11,3.22
21011,61,18,82,24.06,49.38,3.64
21013,60,23,83,23.29,51.0,3.85
21015,69,17,71,25.66,50.25,2.88
21017,62,17,76,24.13,50.21,3.55
21019,62,14,84,24.43,45.64,3.75
21021,61,17,76,24.08,50.04,3.43
21023,61,16,77,23.32,49.75,3.47
21025,60,17,86,24.16,45.64,3.69
21027,60,22,85,24.3,53.04,4.03
21029,61,17,76,25.14,47.27,3.31
21031,60,16,77,24.83,49.68,3.5
21033,60,16,78,25.4,48.67,3.73
21035,62,19,74,26.1,50.52,3.01
21037,65,15,70,24.62,49.42,3.32
21039,64,18,75,26.75,50.11,3.33
21041,62,19,80,24.31,51.05,3.94
21043,61,16,84,23.79,47.9,3.88
21045,60,17,78,23.97,50.19,3.31
21047,62,17,74,25.8,49.51,3.33
21049,62,18,78,24.3,49.94,3.4
21051,61,17,79,24.18,47.26,3.58
21053,60,14,74,24.51,48.27,3.16
21055,61,16,77,25.3,49.24,3.87
21057,60,17,76,24.93,49.18,3.4
21059,61,18,79,25.06,50.29,3.45
21061,60,15,77,24.95,48.87,3.33
21063,61,13,80,24.06,45.67,3.47
21065,61,16,79,24.41,47.29,3.46
21067,62,18,78,24.07,50.43,3.5
21069,60,19,82,23.31,50.12,3.79
21071,65,18,82,25.91,44.59,3.68
21073,61,18,77,24.0,51.12,3.79
21075,67,20,76,27.7,51.4,3.47
21077,61,18,80,23.7,50.83,3.27
21079,61,17,77,24.42,48.88,3.52
21081,65,15,70,25.08,48.95,3.12
21083,62,17,74,26.07,49.05,3.29
21085,60,20,80,24.52,51.71,3.83
21087,60,17,77,24.65,49.47,3.57
21089,61,14,83,23.83,46.33,3.94
21091,61,20,80,24.65,52.02,3.56
21093,61,16,75,24.65,48.79,3.4
21095,60,20,82,22.6,48.51,3.9
21097,62,18,76,24.13,50.22,3.44
21099,61,15,75,25.03,48.62,3.37
21101,67,21,76,27.04,50.35,3.36
21103,61,21,80,24.08,52.02,4.09
21105,69,22,74,28.1,51.9,3.63
21107,60,15,76,25.4,48.26,3.3
21109,60,19,81,23.22,49.8,3.78
21111,62,16,73,24.87,47.67,3.15
21113,61,17,77,24.12,49.13,3.46
21115,63,15,84,25.31,44.06,3.64
21117,66,16,70,24.85,49.81,3.11
21119,62,17,84,24.4,44.99,3.89
21121,61,18,78,24.22,47.97,3.55
21123,61,16,77,24.78,48.91,3.45
21125,60,18,81,23.84,48.62,3.55
21127,62,14,83,24.69,44.99,3.62
21129,61,18,84,24.32,47.72,3.75
21131,60,18,85,23.4,47.36,3.96
21133,60,18,85,23.44,45.35,4.2
21135,60,15,81,23.19,47.73,3.8
21137,60,15,77,23.87,48.8,3.44
21139,60,19,78,25.03,50.87,3.67
21141,60,20,79,24.86,51.92,3.48
21143,60,18,77,25.45,49.79,3.72
21145,63,19,75,26.11,51.04,3.19
21147,60,23,86,24.06,51.97,3.77
21149,69,13,67,27.75,47.96,2.94
21151,61,17,78,24.24,49.19,3.51
21153,62,16,83,24.67,45.5,3.62
21155,60,17,77,24.28,49.39,3.57
21157,60,17,76,25.45,49.32,3.28
21159,63,13,82,25.01,43.07,3.75
21161,60,15,76,23.07,48.87,3.47
21163,60,25,85,24.25,52.96,3.93
21165,63,16,81,24.62,47.59,3.39
21167,61,19,78,24.37,49.82,3.44
21169,60,15,76,24.62,49.48,3.47
21171,61,27,84,25.25,54.48,3.64
21173,61,18,80,24.02,49.75,3.5
21175,65,17,81,25.53,47.41,3.4
21177,61,15,77,25.4,49.29,3.31
21179,60,15,76,24.61,47.61,3.37
21181,62,17,78,24.07,49.88,3.5
21183,61,21,82,25.23,51.48,3.65
21185,61,16,75,24.33,49.24,3.66
21187,62,17,76,24.43,49.67,3.53
21189,60,18,83,23.97,47.53,3.74
21191,60,15,76,23.21,48.97,3.54
21193,61,16,82,24.13,45.19,3.63
21195,63,14,81,25.04,41.87,3.67
21197,61,18,83,24.25,48.2,3.52
21199,61,19,81,24.43,50.47,3.44
21201,60,15,78,23.35,48.85,3.26
21203,60,17,79,23.78,49.14,3.67
21205,60,11,79,23.58,44.53,3.53
21207,61,20,79,24.53,51.6,3.21
21209,63,17,72,24.44,50.16,3.47
21211,64,17,74,25.09,50.65,3.68
21213,60,22,81,24.87,53.39,3.71
21215,61,16,76,24.66,48.55,3.55
21217,61,15,75,24.6,49.15,3.5
21219,60,14,74,24.91,49.07,3.34
21221,60,24,80,25.28,52.44,3.53
21223,60,16,77,23.55,50.41,4.0
21225,60,19,80,24.75,50.63,3.53
21227,60,21,80,24.97,52.51,3.57
21229,60,18,79,24.22,49.58,3.46
21231,60,22,82,24.21,51.99,3.44
21233,60,15,77,25.24,48.14,3.39
21235,60,18,79,23.97,48.85,3.6
21237,62,13,79,24.46,45.12,3.29
21239,61,18,78,23.98,49.97,3.6
22001,72,40,71,31.3,63.33,2.86
22003,86,40,65,33.33,61.87,2.88
22005,61,38,76,29.31,60.79,2.66
22007,60,32,70,29.12,59.22,2.49
22009,90,40,62,33.81,61.12,2.66
22011,82,39,68,32.78,61.44,2.99
22013,76,38,72,31.75,57.66,3.18
22015,95,35,63,35.92,55.38,2.83
22017,96,35,66,36.35,55.04,3.04
22019,81,39,62,32.21,63.96,2.47
22021,74,35,68,31.59,56.64,3.06
22023,60,29,66,28.41,64.12,2.98
22025,90,38,65,33.94,58.76,2.74
22027,74,36,73,31.18,58.58,3.1
22029,93,37,63,34.33,58.53,2.7
22031,96,38,67,36.05,56.63,2.92
22033,60,38,82,29.0,60.22,3.26
22035,93,37,62,34.64,58.12,2.69
22037,74,40,71,31.14,60.91,3.04
22039,86,38,64,33.53,61.39,2.82
22041,94,39,62,35.04,58.18,2.64
22043,62,40,88,29.36,59.49,3.94
22045,60,40,72,28.39,65.21000000000001,3.24
22047,68,34,66,30.45,59.93,2.33
22049,65,31,76,29.89,54.65,3.47
22051,62,38,69,29.12,64.77000000000001,2.85
22053,71,37,67,30.94,62.74,2.62
22055,61,36,72,29.2,61.81,2.79
22057,60,40,73,28.64,65.25,3.08
22059,95,37,61,35.24,58.6,2.62
22061,74,40,76,31.49,58.35,3.33
22063,74,37,66,31.4,60.52,2.65
22065,87,36,64,33.32,57.82,2.68
22067,64,32,84,29.47,55.81,3.63
22069,85,40,65,33.5,58.58,2.91
22071,60,38,73,28.91,63.67,3.29
22073,79,37,69,32.55,57.24,2.95
22075,64,36,70,28.65,69.53,3.87
22077,73,37,70,31.04,60.84,2.7
22079,85,40,65,33.32,60.97,3.0
22081,93,40,64,34.97,57.79,2.77
22083,89,34,63,33.83,56.97,2.65
22085,91,39,69,34.41,58.34,3.15
22087,61,36,72,28.37,67.03,3.67
22089,62,38,75,29.34,62.52,2.69
22091,76,40,67,31.65,60.34,2.91
22093,62,34,71,29.55,59.94,2.44
22095,60,32,73,28.88,60.96,2.62
22097,73,39,72,31.43,61.55,2.92
22099,66,37,68,29.99,61.89,2.49
22101,60,36,71,28.28,63.21,3.16
22103,72,40,60,30.95,63.79,2.9
22105,76,36,61,31.75,60.32,2.61
22107,88,39,65,33.57,58.01,2.71
22109,60,36,69,28.27,64.83,3.45
22111,62,34,84,29.04,55.98,3.58
22113,61,38,71,28.71,64.92,3.18
22115,85,39,69,33.27,59.73,3.24
22117,82,39,60,32.59,59.43,2.74
22119,96,34,61,36.1,56.39,2.82
22121,61,40,84,29.27,61.08,3.34
22123,92,34,63,34.56,56.77,2.73
22125,76,38,69,31.46,60.6,2.93
22127,63,35,84,29.54,56.55,3.77
23001,62,20,72,18.13,46.55,3.66
23003,76,22,74,20.49,51.5,3.93
23005,73,36,67,21.63,54.41,3.97
23007,68,25,71,17.44,51.43,4.18
23009,66,25,64,18.51,50.2,3.93
23011,76,32,72,23.01,49.3,3.41
23013,69,40,63,18.74,57.82,4.1
23015,67,36,64,18.86,56.11,3.87
23017,66,19,67,17.94,50.16,4.1
23019,70,23,71,19.94,47.77,4.02
23021,75,22,67,20.4,47.98,3.84
23023,60,28,61,16.98,52.56,3.63
23025,73,24,67,19.5,50.7,4.05
23027,77,31,65,22.46,52.17,3.85
23029,65,25,63,17.93,51.74,4.14
23031,61,27,74,18.26,50.31,4.35
24001,67,13,68,23.83,45.74,3.0
24003,63,28,72,24.31,49.41,3.25
24005,63,23,76,23.69,46.79,3.42
24009,60,25,71,23.13,50.51,3.23
24011,60,23,73,23.4,48.52,3.36
24013,70,22,72,25.48,48.78,3.4
24015,69,26,67,25.9,47.82,3.34
24017,63,23,82,24.53,46.26,3.73
24019,67,32,65,25.8,53.64,2.88
24021,67,20,75,24.71,48.92,3.18
24023,64,17,76,20.23,51.36,4.22
24025,77,29,64,28.18,48.59,3.05
24027,60,20,77,22.82,46.69,3.49
24029,60,22,72,23.05,47.26,3.42
24031,63,21,79,23.6,47.76,3.51
24033,62,22,74,23.97,46.94,3.36
24035,64,23,67,24.64,48.17,3.01
24037,60,25,69,23.16,50.39,3.39
24039,60,32,68,23.38,54.74,3.19
24041,64,24,64,24.68,49.82,2.6
24043,73,20,69,26.59,46.07,2.89
24045,60,25,69,23.68,51.7,3.56
24047,60,29,66,22.85,55.43,3.74
24510,64,22,71,24.58,42.39,3.12
25001,60,39,67,17.18,62.75,4.68
25003,62,18,73,18.01,50.49,3.75
25005,75,34,60,24.04,53.72,3.93
25007,60,34,66,17.86,61.76,4.42
25009,61,31,75,19.04,53.28,4.18
25011,63,22,75,19.39,49.62,4.52
25013,63,21,74,20.07,48.33,3.76
25015,64,15,68,20.08,46.13,3.7
25017,62,23,79,20.18,47.5,3.99
25019,60,34,73,16.34,63.88,5.36
25021,60,23,78,19.54,47.93,4.13
25023,74,31,64,23.48,53.4,3.92
25025,62,26,80,19.71,49.4,4.44
25027,60,24,80,18.65,48.33,3.97
26001,82,11,73,25.08,48.39,4.21
26003,85,14,76,24.72,52.16,4.57
26005,80,13,75,26.02,52.76,4.35
26007,75,16,78,22.32,54.11,4.67
26009,87,18,74,26.29,53.93,4.36
26011,88,14,68,27.08,51.98,3.4
26013,77,14,78,22.39,49.45,4.49
26015,79,15,73,26.21,51.75,3.97
26017,90,13,70,28.11,51.29,3.28
26019,86,14,72,25.89,53.14,4.24
26021,81,11,75,26.56,51.73,4.48
26023,77,18,79,25.42,54.33,4.15
26025,79,15,73,26.02,52.28,3.91
26027,78,14,76,26.1,51.51,4.14
26029,87,20,68,25.23,55.98,4.13
26031,80,17,76,24.14,53.83,4.65
26033,64,12,77,16.62,51.27,4.16
26035,81,16,78,25.27,51.89,4.12
26037,80,18,78,26.18,53.47,4.17
26039,83,14,76,25.29,50.95,4.15
26041,89,19,69,25.45,54.94,3.81
26043,79,12,72,23.36,47.49,3.49
26045,79,17,75,25.76,53.76,3.99
26047,80,23,75,23.13,57.55,4.41
26049,81,18,78,26.08,53.01,4.07
26051,88,13,69,27.93,49.36,3.43
26053,79,18,75,22.6,53.24,4.0
26055,84,14,78,25.52,51.36,4.54
26057,85,19,78,27.48,54.5,3.88
26059,74,17,79,24.4,53.29,4.17
26061,87,17,74,24.85,53.27,4.31
26063,86,13,71,26.38,55.41,4.04
26065,82,19,72,26.41,53.86,3.86
26067,86,21,76,27.81,54.43,4.07
26069,82,15,79,25.26,50.19,4.47
26071,73,12,80,20.99,49.14,3.99
26073,86,19,79,27.4,53.43,3.87
26075,75,20,80,24.44,54.39,4.2
26077,78,19,79,26.24,52.2,4.27
26079,84,15,76,25.28,52.0,4.18
26081,79,16,74,25.67,52.05,3.97
26083,88,16,76,22.75,52.73,4.89
26085,82,14,80,25.79,51.42,4.9
26087,86,20,74,27.49,54.45,3.96
26089,83,17,74,24.55,56.45,4.38
26091,74,20,81,25.01,53.3,4.14
26093,79,16,72,25.45,52.39,3.9
26095,87,25,71,24.9,60.27,3.94
26097,77,21,67,21.04,56.08,3.7
26099,82,15,71,26.71,51.01,3.46
26101,86,20,80,26.24,55.39,5.19
26103,82,14,77,23.72,50.43,4.33
26105,81,21,79,25.14,55.48,4.98
26107,87,19,76,27.21,54.04,3.9
26109,80,14,75,23.87,48.97,3.88
26111,91,18,75,29.45,52.25,3.41
26113,83,13,75,25.31,50.36,4.09
26115,77,23,81,26.13,54.25,4.13
26117,85,16,75,27.29,52.22,3.93
26119,81,17,75,24.93,50.76,4.37
26121,83,18,77,25.65,55.11,4.9
26123,81,13,76,25.8,50.67,4.34
26125,77,15,73,25.04,50.87,3.82
26127,84,18,77,26.03,55.53,5.04
26129,82,15,77,25.33,50.41,3.91
26131,82,14,71,24.01,49.73,3.93
26133,85,13,72,26.09,50.68,3.94
26135,83,14,74,25.46,50.07,4.1
26137,85,18,80,25.84,51.54,4.72
26139,81,12,69,25.87,51.32,3.95
26141,83,14,72,25.0,52.47,4.52
26143,80,12,77,24.33,49.44,4.11
26145,90,15,71,29.13,51.09,3.35
26147,81,14,72,25.96,53.51,3.81
26149,76,14,78,25.52,50.79,4.1
26151,83,13,78,26.2,53.39,4.43
26153,84,20,69,24.05,56.77,3.94
26155,80,16,77,25.98,52.32,4.11
26157,83,15,77,26.87,52.14,3.97
26159,81,15,76,26.48,53.59,4.43
26161,80,16,71,26.47,52.42,3.84
26163,81,18,70,26.95,51.28,3.62
26165,84,13,77,25.44,50.89,4.53
27001,78,13,84,23.31,46.64,4.3
27003,82,11,83,26.59,45.28,3.9
27005,82,10,86,24.93,43.42,4.53
27007,85,13,83,25.32,45.28,4.26
27009,78,12,86,24.73,45.24,4.73
27011,92,13,84,30.13,43.84,4.34
27013,88,12,84,28.89,44.66,4.21
27015,89,12,83,29.14,44.61,4.2
27017,77,15,86,22.91,47.32,4.53
27019,90,11,80,29.06,45.01,3.77
27021,76,12,88,22.78,45.24,4.52
27023,85,9,83,27.88,40.94,4.34
27025,81,12,81,25.91,46.7,4.16
27027,88,12,90,28.19,43.24,4.58
27029,81,12,85,24.11,43.97,4.65
27031,86,21,72,23.11,49.21,4.09
27033,86,11,84,27.99,44.39,4.8
27035,80,14,85,24.42,45.66,4.46
27037,89,12,81,28.76,45.8,3.82
27039,91,12,79,29.27,48.18,4.43
27041,87,12,83,27.13,45.96,4.24
27043,86,10,82,27.87,44.12,4.43
27045,89,11,78,28.12,46.88,4.32
27047,90,11,79,28.74,46.2,4.34
27049,92,14,78,29.71,48.16,3.81
27051,88,12,87,28.26,43.88,4.52
27053,88,11,79,28.29,44.49,3.75
27055,93,13,75,29.58,48.91,3.97
27057,87,15,79,26.14,46.2,4.41
27059,80,14,86,25.42,47.52,4.27
27061,81,16,87,23.8,47.95,4.59
27063,85,13,87,27.53,45.59,4.99
27065,75,15,89,23.14,48.41,4.76
27067,86,14,83,27.79,46.41,4.42
27069,92,7,83,28.67,40.35,3.95
27071,83,7,80,24.53,40.78,4.21
27073,87,10,84,28.97,41.29,4.45
27075,84,20,75,23.65,50.18,4.21
27077,96,22,88,29.62,49.5,4.64
27079,92,13,83,29.83,46.09,4.01
27081,88,16,88,28.25,46.21,4.78
27083,89,10,80,29.07,41.45,4.1
27085,93,13,81,30.28,46.54,3.78
27087,85,11,85,25.95,43.19,4.54
27089,89,10,87,27.77,42.35,4.55
27091,84,12,84,27.32,45.04,4.62
27093,87,14,83,28.2,46.35,4.12
27095,77,12,86,23.69,45.97,4.53
27097,79,14,88,24.97,46.79,4.68
27099,90,11,81,28.43,46.97,4.47
27101,87,13,86,28.15,44.49,4.78
27103,88,11,84,28.84,43.73,3.91
27105,86,14,87,27.93,45.25,5.05
27107,88,12,89,28.19,43.07,4.45
27109,90,14,80,28.67,48.98,4.08
27111,87,14,85,27.11,47.01,4.18
27113,88,11,87,27.26,42.2,4.44
27115,76,12,83,23.14,46.36,4.27
27117,88,15,89,28.38,45.35,4.75
27119,88,11,87,27.43,43.24,4.43
27121,87,14,85,27.65,46.71,4.43
27123,88,10,77,28.78,43.15,3.59
27125,88,11,86,27.23,42.5,4.37
27127,86,10,82,28.29,42.48,4.19
27129,90,15,83,29.44,46.51,3.98
27131,91,13,81,29.29,47.76,4.34
27133,88,15,88,28.94,44.6,4.93
27135,88,8,84,26.42,42.12,4.18
27137,79,16,84,22.75,48.38,4.38
27139,91,12,81,29.37,45.58,3.85
27141,80,13,87,25.94,45.88,4.57
27143,90,14,83,29.47,46.41,3.86
27145,78,12,87,25.11,45.41,4.56
27147,90,15,83,29.12,48.82,4.67
27149,88,11,84,28.14,44.82,4.38
27151,87,10,83,28.3,42.78,4.31
27153,86,16,83,27.03,49.42,4.45
27155,88,11,86,28.94,41.44,4.31
27157,92,11,75,29.91,45.67,3.61
27159,81,15,85,24.63,49.41,4.01
27161,90,10,79,29.06,44.61,4.03
27163,88,10,76,28.39,44.6,3.53
27165,88,10,81,28.9,43.49,4.47
27167,93,14,86,30.64,43.62,4.17
27169,93,12,76,29.78,47.1,3.74
27171,84,12,81,27.07,46.14,4.24
27173,88,11,82,29.01,43.03,4.22
28001,62,38,88,29.2,57.49,3.98
28003,63,27,79,27.58,52.93,3.71
28005,86,40,61,32.77,60.03,2.85
28007,62,33,82,28.37,55.47,3.68
28009,62,31,82,27.01,55.46,3.95
28011,88,37,71,33.54,57.29,3.02
28013,60,26,77,27.4,52.71,3.32
28015,61,23,77,27.87,51.94,3.43
28017,61,28,78,27.36,54.84,3.24
28019,63,30,80,28.38,55.6,3.46
28021,62,40,89,29.15,58.17,3.9
28023,60,36,82,28.49,55.76,3.45
28025,62,27,78,28.15,53.22,3.02
28027,90,39,70,33.77,57.58,3.03
28029,62,39,87,29.2,57.81,3.85
28031,63,39,84,28.96,57.95,3.4
28033,66,32,83,28.39,55.33,3.94
28035,60,39,85,28.97,55.93,3.62
28037,63,38,86,29.51,57.91,3.96
28039,62,40,75,29.56,55.7,3.26
28041,61,38,81,29.26,55.6,3.31
28043,61,25,78,27.71,52.85,3.39
28045,69,38,61,30.27,63.41,3.06
28047,65,40,60,29.45,64.14,3.31
28049,64,36,82,29.38,56.69,3.54
28051,62,28,80,28.41,53.99,3.52
28053,63,20,75,29.28,51.3,3.07
28055,60,24,80,28.33,53.75,3.4
28057,60,26,79,27.33,51.62,3.32
28059,61,38,60,28.35,63.27,3.1
28061,62,40,85,28.64,57.53,3.57
28063,63,40,87,29.39,58.11,4.02
28065,62,40,84,28.96,58.94,3.46
28067,60,36,83,28.62,55.46,3.33
28069,62,37,84,28.55,55.97,3.44
28071,60,24,77,26.96,52.59,3.38
28073,60,39,86,28.88,57.67,3.69
28075,61,37,83,28.56,56.15,3.49
28077,61,39,84,28.95,58.33,3.7
28079,62,32,80,28.63,54.09,3.37
28081,61,29,80,27.51,53.4,3.42
28083,63,26,80,28.78,53.65,3.33
28085,63,38,82,29.26,58.63,3.62
28087,60,26,78,27.86,51.91,3.0
28089,60,36,86,28.32,56.19,3.82
28091,61,39,83,29.1,59.01,3.52
28093,61,25,77,26.72,53.49,3.56
28095,60,25,78,27.51,51.82,3.16
28097,63,29,78,27.96,54.55,3.53
28099,61,32,80,28.12,53.87,3.32
28101,61,32,78,28.27,54.55,3.27
28103,63,28,72,28.63,53.67,2.84
28105,62,30,79,28.2,55.08,3.09
28107,64,31,83,28.17,55.06,3.64
28109,82,40,60,32.41,60.28,2.78
28111,61,37,79,29.37,54.54,3.23
28113,72,37,68,30.82,59.13,3.1
28115,60,26,77,26.87,53.94,3.34
28117,60,25,78,26.53,52.72,3.55
28119,62,27,83,27.99,53.4,3.62
28121,62,39,87,29.0,56.88,3.82
28123,60,37,86,28.43,55.69,3.75
28125,60,22,78,28.32,52.91,3.26
28127,62,38,86,28.85,57.68,3.8
28129,62,38,85,28.78,57.36,3.73
28131,66,38,67,30.18,56.72,3.08
28133,63,24,79,28.85,53.03,3.26
28135,62,25,81,28.14,52.67,3.63
28137,64,30,84,27.71,55.26,3.86
28139,61,28,81,26.57,54.32,3.99
28141,60,25,79,26.44,52.1,3.6
28143,64,27,82,28.14,53.54,3.71
28145,62,31,83,27.42,55.24,3.87
28147,73,38,67,31.04,59.27,3.07
28149,65,38,87,29.72,57.78,3.81
28151,62,23,79,28.72,52.96,3.35
28153,60,37,84,28.8,55.58,3.34
28155,64,27,75,28.61,53.19,3.19
28157,88,40,65,33.11,60.16,2.92
28159,62,32,80,28.06,56.02,3.38
28161,60,25,78,27.28,52.43,3.41
28163,60,25,78,28.32,53.19,3.29
29001,96,15,70,33.62,46.86,3.73
29003,94,13,71,33.07,44.66,3.43
29005,93,15,80,32.86,45.21,3.73
29007,95,19,74,33.73,48.0,3.76
29009,83,32,80,30.2,52.6,3.75
29011,94,15,75,34.0,46.19,3.72
29013,96,14,79,35.07,44.08,3.95
29015,95,17,76,34.22,45.75,3.68
29017,65,29,82,26.28,52.2,3.89
29019,95,22,73,33.76,49.39,3.66
29021,91,16,77,32.25,45.24,3.86
29023,88,29,65,32.85,51.57,2.84
29025,98,16,73,35.38,46.24,3.67
29027,78,17,72,28.89,46.87,3.53
29029,67,16,84,26.55,43.28,3.98
29031,67,25,79,27.24,52.13,3.67
29033,97,15,76,34.8,45.73,3.61
29035,86,34,67,32.01,50.84,2.96
29037,91,14,79,32.8,44.38,3.96
29039,94,18,77,33.96,47.32,3.63
29041,97,13,72,34.57,45.21,3.21
29043,73,29,82,27.54,51.76,4.16
29045,89,14,70,31.04,46.6,3.4
29047,96,22,78,33.94,48.29,3.9
29049,93,17,75,32.39,46.33,3.72
29051,79,24,80,29.5,48.21,3.63
29053,89,21,76,31.65,48.45,3.49
29055,68,15,77,26.74,43.06,3.56
29057,93,20,76,33.56,48.31,3.68
29059,69,20,83,26.8,47.36,4.01
29061,95,13,72,33.32,44.41,3.64
29063,93,13,74,32.26,44.91,3.69
29065,67,19,80,26.29,45.56,3.9
29067,69,24,80,27.04,48.78,3.85
29069,70,17,72,29.05,48.32,3.05
29071,64,10,78,25.5,42.38,3.55
29073,68,15,79,26.36,44.51,3.75
29075,90,14,77,31.36,45.32,3.72
29077,68,18,79,26.29,47.65,4.03
29079,95,12,72,33.42,43.53,3.64
29081,93,12,74,32.27,44.06,3.68
29083,95,13,78,34.43,44.2,3.91
29085,96,22,74,34.62,48.35,3.46
29087,91,15,77,32.14,45.43,3.7
29089,94,20,77,33.15,48.48,3.6
29091,60,21,81,24.5,46.72,3.67
29093,67,19,76,26.31,45.34,3.89
29095,96,16,75,34.43,44.88,3.84
29097,93,18,73,33.71,47.11,3.83
29099,73,13,70,28.05,45.08,3.22
29101,97,15,76,35.08,45.57,3.9
29103,90,15,74,31.59,46.66,3.92
29105,75,25,80,28.42,48.48,3.81
29107,97,14,76,34.8,45.58,3.67
29109,90,30,79,32.05,52.8,3.89
29111,89,13,73,31.27,46.14,3.64
29113,85,16,70,30.93,47.21,3.51
29115,95,15,73,33.44,45.75,3.7
29117,97,17,73,34.71,47.32,3.8
29119,94,28,75,33.82,50.75,3.59
29121,93,11,69,32.88,43.64,3.75
29123,65,21,76,25.93,46.95,3.94
29125,67,15,80,25.88,44.49,3.42
29127,86,14,75,30.73,46.32,3.55
29129,93,11,73,32.15,43.26,3.54
29131,62,14,86,24.72,42.58,3.99
29133,67,22,77,27.57,52.96,3.53
29135,84,24,78,30.69,48.6,3.76
29137,95,19,75,33.76,47.7,3.64
29139,90,25,70,32.37,49.94,3.72
29141,73,19,82,27.89,45.76,3.93
29143,70,17,71,28.4,50.21,3.1
29145,95,31,77,34.25,52.3,3.88
29147,90,12,78,31.3,44.61,3.87
29149,75,36,77,29.3,51.55,3.47
29151,81,24,77,29.83,48.15,3.25
29153,66,22,77,26.93,45.32,3.38
29155,71,18,73,28.91,49.7,3.15
29157,60,22,83,24.46,50.03,3.86
29159,95,18,76,33.75,46.96,3.86
29161,66,17,82,25.86,44.75,3.9
29163,95,18,72,33.6,48.42,3.42
29165,93,19,78,33.04,46.26,3.95
29167,93,25,73,33.27,50.3,3.49
29169,69,19,81,26.94,44.59,3.68
29171,91,14,76,31.21,45.81,3.88
29173,92,17,74,32.49,47.58,3.39
29175,92,17,77,32.49,46.55,3.63
29177,98,17,75,35.59,46.83,3.55
29179,67,18,75,26.58,44.44,3.78
29181,85,28,68,32.14,50.05,2.95
29183,76,15,71,28.76,47.59,3.33
29185,95,17,79,34.5,46.1,3.71
29186,60,21,83,24.23,48.33,4.14
29187,63,20,82,24.91,46.79,4.48
29189,89,25,66,31.93,51.61,3.17
29195,97,18,75,34.81,47.42,3.52
29197,92,14,72,31.71,46.25,3.83
29199,93,16,70,32.28,47.3,3.48
29201,69,23,77,27.88,53.53,3.47
29203,67,21,77,26.66,45.61,3.7
29205,89,14,76,31.62,45.47,4.0
29207,72,27,76,28.98,52.67,3.24
29209,82,31,76,30.21,50.96,3.61
29211,93,14,75,32.27,45.46,3.79
29213,65,15,73,26.35,42.74,3.27
29215,62,20,82,24.58,47.14,4.19
29217,95,17,80,34.7,46.31,3.92
29219,74,15,71,28.15,46.65,3.5
29221,60,15,81,23.94,44.29,3.96
29223,65,22,76,26.52,47.61,3.42
29225,69,22,82,26.47,49.56,3.94
29227,92,11,75,31.98,43.07,3.9
29229,70,23,80,26.8,49.15,4.16
29510,68,14,77,26.66,47.27,3.71
30001,86,9,74,22.58,32.94,3.63
30003,91,7,71,31.35,25.89,2.96
30005,92,6,73,30.02,29.489999999999995,3.7
30007,86,9,78,25.73,31.629999999999995,3.45
30009,94,7,65,28.77,27.200000000000003,2.87
30011,90,5,72,30.75,27.439999999999998,3.55
30013,89,8,67,27.48,29.72,3.67
30015,88,6,74,28.83,27.83,3.42
30017,93,9,77,33.18,29.53,3.31
30019,92,8,78,30.4,33.260000000000005,3.99
30021,94,9,75,32.91,31.64,3.55
30023,85,10,65,21.31,36.78,3.78
30025,93,8,75,32.25,32.129999999999995,3.86
30027,91,8,71,29.52,28.97,3.66
30029,87,9,64,22.42,38.11,3.7
30031,89,9,78,24.99,32.0,3.41
30033,94,7,69,33.29,28.450000000000003,3.31
30035,86,8,72,22.86,35.120000000000005,3.86
30037,92,9,67,30.0,28.310000000000002,2.95
30039,83,8,66,21.59,36.19,3.44
30041,87,8,82,28.14,30.430000000000007,3.87
30043,90,10,75,25.3,32.989999999999995,3.27
30045,87,7,67,25.17,29.760000000000005,3.9
30047,88,7,68,25.44,36.81,3.06
30049,88,10,67,24.51,35.489999999999995,3.8
30051,87,8,79,27.57,30.909999999999997,3.64
30053,89,8,71,24.3,35.349999999999994,3.19
30055,90,8,78,30.94,30.900000000000006,3.57
30057,88,12,78,23.88,33.81999999999999,3.81
30059,89,10,62,24.75,32.11,3.89
30061,87,7,69,24.4,34.56999999999999,3.15
30063,88,5,65,24.58,33.72,3.06
30065,82,10,81,27.42,29.230000000000004,3.23
30067,91,11,73,24.48,31.97,3.62
30069,87,9,78,29.97,29.209999999999994,3.49
30071,93,6,76,31.76,29.269999999999996,3.38
30073,89,9,73,26.63,32.47,3.68
30075,91,9,76,31.95,28.510000000000005,3.36
30077,85,9,69,22.72,36.83,3.6
30079,93,8,75,32.58,30.64,3.44
30081,83,8,68,22.37,35.94,3.35
30083,91,9,80,31.47,31.769999999999996,3.77
30085,89,7,81,30.1,31.47,3.66
30087,85,9,81,29.55,28.75,3.47
30089,86,7,75,24.41,35.349999999999994,3.29
30091,94,9,81,32.03,35.120000000000005,3.85
30093,85,12,72,22.41,34.17,3.87
30095,93,10,68,29.03,28.680000000000007,2.77
30097,91,8,60,26.87,28.83,2.97
30099,89,7,66,26.09,31.36,3.63
30101,89,8,77,27.99,30.53,3.59
30103,83,10,83,28.93,28.849999999999994,3.41
30105,89,9,84,29.36,32.41,3.7
30107,92,10,60,28.51,30.599999999999994,3.52
30109,95,8,77,33.11,32.260000000000005,3.49
30111,86,8,78,29.59,26.75,3.09
31001,92,21,87,32.78,42.33,4.43
31003,94,18,77,32.8,42.3,4.19
31005,92,22,78,32.08,37.79,3.91
31007,88,8,72,30.47,26.58,3.39
31009,91,21,79,31.86,39.62,3.99
31011,93,18,79,32.39,43.26,4.04
31013,87,12,78,29.96,33.05,3.53
31015,94,15,76,33.47,39.34,3.83
31017,88,17,80,30.71,37.7,4.21
31019,94,26,87,33.31,43.37,4.45
31021,90,20,89,31.25,46.41,4.42
31023,93,20,82,32.62,45.15,4.14
31025,94,16,79,32.93,44.6,4.1
31027,87,17,86,30.04,42.52,4.66
31029,94,16,75,34.21,33.33,3.5
31031,89,17,81,30.84,36.76,4.03
31033,91,12,73,31.9,29.22,3.43
31035,92,18,83,32.36,42.88,4.29
31037,88,18,84,30.62,43.92,4.06
31039,88,20,88,30.4,45.18,4.69
31041,91,21,80,31.74,40.42,4.08
31043,86,14,85,29.72,42.41,4.82
31045,89,11,81,31.22,31.290000000000006,3.43
31047,93,22,83,32.8,41.37,3.95
31049,92,16,75,32.98,32.349999999999994,3.45
31051,87,15,84,29.91,42.24,4.71
31053,91,17,81,31.71,43.47,3.93
31055,89,17,83,30.66,45.11,4.22
31057,94,16,76,34.62,33.010000000000005,3.47
31059,93,15,80,33.06,41.85,4.39
31061,95,19,83,34.55,40.87,4.29
31063,93,23,81,33.65,39.49,3.83
31065,93,20,84,34.69,38.2,4.01
31067,92,16,86,33.06,43.12,4.32
31069,92,15,74,32.19,33.78,3.53
31071,90,18,82,31.01,40.36,4.33
31073,93,22,84,33.25,40.71,3.88
31075,88,17,80,30.33,36.03,4.07
31077,93,18,79,32.45,41.37,4.13
31079,94,20,80,33.34,42.54,4.1
31081,93,21,82,32.77,44.2,4.11
31083,95,16,81,34.89,38.77,3.85
31085,95,24,83,34.42,39.16,3.82
31087,93,26,87,34.1,39.12,4.04
31089,92,17,78,32.06,40.27,4.07
31091,87,13,76,30.4,34.620000000000005,4.0
31093,92,22,84,32.4,43.19,4.25
31095,93,16,85,33.52,42.93,4.35
31097,93,15,81,33.24,43.68,4.13
31099,96,21,82,34.86,40.85,4.39
31101,91,14,74,32.43,34.06,3.24
31103,90,22,84,31.42,41.76,4.11
31105,89,7,74,30.42,25.64,3.35
31107,90,17,80,31.55,41.25,4.07
31109,93,17,82,32.95,44.39,4.14
31111,95,21,81,34.02,39.25,3.77
31113,95,22,78,33.91,39.23,3.87
31115,91,22,81,31.61,41.2,4.02
31117,95,22,79,33.64,38.9,3.89
31119,86,20,88,29.72,44.51,5.01
31121,92,23,85,32.51,44.87,4.12
31123,93,13,68,32.78,31.200000000000003,3.28
31125,85,15,85,29.95,41.38,4.11
31127,92,17,82,32.89,44.8,4.06
31129,92,18,86,33.13,42.37,4.48
31131,94,17,80,33.36,44.81,4.1
31133,90,20,88,32.36,45.45,4.47
31135,94,20,78,34.01,35.92,3.51
31137,93,20,84,33.1,40.95,4.19
31139,88,16,84,30.57,41.81,4.54
31141,92,18,80,32.09,43.62,4.12
31143,92,19,82,32.56,44.0,3.91
31145,95,20,78,34.99,37.75,3.7
31147,91,13,79,32.79,43.33,3.91
31149,91,19,80,31.58,40.34,3.96
31151,93,15,82,33.26,42.16,4.24
31153,89,19,84,30.88,46.06,4.39
31155,90,18,82,31.53,44.56,4.09
31157,90,9,69,31.71,27.72,3.01
31159,90,17,82,31.93,43.41,4.31
31161,90,16,80,31.18,35.67,3.72
31163,94,24,84,33.1,42.87,4.11
31165,87,10,77,29.99,28.840000000000003,3.24
31167,84,13,86,29.18,40.8,4.86
31169,93,16,85,33.49,43.19,4.66
31171,90,24,82,31.57,39.56,4.16
31173,87,17,87,30.39,43.23,4.69
31175,95,24,82,33.42,43.15,4.13
31177,91,20,85,31.31,46.34,4.18
31179,85,15,87,29.33,42.15,4.82
31181,92,16,85,33.36,40.28,4.27
31183,93,16,75,32.43,40.43,4.06
31185,92,20,82,32.58,44.79,4.33
32001,87,9,77,31.86,20.86,2.57
32003,89,11,85,36.8,14.230000000000004,3.79
32005,88,6,67,28.1,22.650000000000006,3.13
32007,91,9,72,29.29,24.180000000000007,3.09
32009,85,13,79,30.45,20.58,3.31
32011,87,11,79,29.02,23.980000000000004,3.3
32013,90,10,70,30.8,22.209999999999994,2.9
32015,89,14,76,30.21,24.519999999999996,3.14
32017,86,10,85,31.68,17.349999999999994,3.93
32019,87,11,76,30.52,22.97,2.51
32021,88,12,71,30.26,22.799999999999997,2.66
32023,86,10,82,30.25,19.17,3.63
32027,90,7,75,31.98,20.310000000000002,2.9
32029,88,9,73,29.51,26.08,2.79
32031,89,9,69,29.17,24.409999999999997,3.09
32033,89,8,78,28.65,21.58,3.69
32510,89,6,66,28.49,24.319999999999993,3.3
33001,63,16,70,18.68,46.03,3.93
33003,63,17,69,17.57,48.4,3.65
33005,61,21,77,18.29,49.21,4.35
33007,64,15,67,15.93,53.95,4.28
33009,62,14,69,16.86,49.57,4.56
33011,62,16,73,19.2,45.24,3.86
33013,62,17,72,18.8,47.15,3.8
33015,60,18,73,18.93,46.19,3.77
33017,67,25,74,20.81,48.76,4.14
33019,62,19,74,18.24,50.72,4.12
34001,61,22,66,22.04,50.29,3.47
34003,63,20,71,21.61,46.35,3.71
34005,60,20,70,22.43,47.03,3.78
34007,81,29,62,28.76,50.03,3.2
34009,60,31,70,21.84,53.8,3.45
34011,63,23,67,23.27,50.13,3.26
34013,62,19,69,21.6,45.75,3.7
34015,81,28,63,28.59,50.41,3.25
34017,62,28,73,21.49,48.63,4.12
34019,66,20,68,23.03,46.63,3.3
34021,62,20,72,22.29,46.5,3.39
34023,61,20,70,21.68,46.95,3.48
34025,63,23,64,21.99,48.77,3.41
34027,60,21,77,20.05,47.28,3.88
34029,60,20,62,21.37,48.6,3.88
34031,65,20,70,21.66,47.39,3.57
34033,80,28,62,28.54,50.81,3.23
34035,62,22,76,21.82,48.54,3.76
34037,66,19,69,21.7,48.35,3.51
34039,61,23,72,21.83,46.9,3.81
34041,61,19,74,20.56,46.91,3.47
35001,90,5,79,31.63,16.86,3.31
35003,90,6,77,28.28,17.060000000000002,3.5
35005,92,10,77,34.47,20.400000000000006,3.17
35006,90,6,79,29.17,18.459999999999994,3.51
35007,89,11,80,27.27,25.17,3.42
35009,93,13,80,34.12,24.930000000000007,3.78
35011,95,10,74,35.27,21.129999999999995,3.32
35013,88,10,80,34.44,17.099999999999994,3.06
35015,81,11,82,33.24,20.72,3.3
35017,92,8,75,32.11,16.659999999999997,3.56
35019,92,6,75,33.19,18.36,3.49
35021,83,8,85,30.33,22.28,3.76
35023,94,10,76,35.32,16.260000000000005,3.22
35025,74,8,83,31.58,19.959999999999994,3.73
35027,92,7,75,31.45,17.769999999999996,3.61
35028,89,5,79,26.68,21.799999999999997,4.04
35029,91,10,79,35.18,17.260000000000005,3.43
35031,86,7,82,28.44,18.849999999999994,3.73
35033,90,9,81,27.44,22.11,3.73
35035,88,7,77,31.87,17.58,3.47
35037,87,9,84,32.84,23.22,3.6
35039,89,7,80,26.92,22.189999999999998,3.52
35041,89,14,80,33.32,24.769999999999996,3.79
35043,87,5,80,29.28,18.28,3.57
35045,85,5,81,30.42,18.010000000000005,2.97
35047,88,8,81,30.14,20.659999999999997,3.85
35049,90,4,74,29.09,18.239999999999995,3.57
35051,90,7,77,32.64,15.730000000000004,3.16
35053,91,6,76,32.2,16.200000000000003,3.15
35055,87,5,78,24.56,22.709999999999994,3.76
35057,88,8,78,30.01,18.620000000000005,4.0
35059,90,15,80,31.06,25.849999999999994,3.96
35061,92,6,76,33.63,16.180000000000007,2.97
36001,65,18,77,20.21,50.09,3.8
36003,73,18,79,22.2,51.27,4.72
36005,63,20,66,21.55,45.86,3.7
36007,61,14,80,18.58,50.07,4.43
36009,71,17,82,21.54,51.46,4.99
36011,71,14,78,22.23,52.64,3.98
36013,74,14,72,22.86,49.98,4.22
36015,72,12,69,22.85,49.14,3.31
36017,73,14,71,22.36,52.34,4.09
36019,79,25,75,23.36,55.06,3.71
36021,63,20,79,20.3,49.06,3.79
36023,72,15,74,21.64,53.97,4.29
36025,68,20,76,20.2,51.36,4.6
36027,62,19,77,20.64,47.17,3.84
36029,79,15,67,24.37,52.25,3.88
36031,67,19,76,18.94,52.19,4.44
36033,74,21,77,21.28,56.86,4.47
36035,83,24,64,24.46,55.86,3.06
36037,69,12,71,21.88,50.95,3.88
36039,77,23,63,23.13,50.12,4.23
36041,69,16,75,19.07,54.38,4.64
36043,73,15,69,20.96,54.96,3.96
36045,71,16,74,21.2,54.59,4.11
36047,60,31,68,20.56,50.33,4.36
36049,72,13,76,20.62,54.08,4.51
36051,71,14,76,22.28,51.68,4.31
36053,72,15,76,21.92,54.25,3.81
36055,71,11,65,22.54,50.63,3.58
36057,77,20,64,24.23,53.07,2.91
36059,60,27,68,19.95,51.51,3.93
36061,63,31,74,21.68,48.94,4.26
36063,91,21,61,28.16,55.52,3.19
36065,72,15,74,21.82,54.31,3.75
36067,72,11,74,22.36,51.83,4.12
36069,74,17,77,23.11,53.31,3.98
36071,60,16,76,20.06,46.28,3.76
36073,81,18,63,25.76,53.47,3.44
36075,72,20,79,22.0,57.12,4.02
36077,63,16,77,18.82,52.75,4.24
36079,60,17,75,20.14,46.08,3.64
36081,62,28,67,21.02,49.73,4.21
36083,65,17,78,20.19,49.86,3.26
36085,64,26,63,22.24,48.27,3.76
36087,60,17,74,20.2,45.57,3.58
36089,79,17,73,23.49,54.87,3.84
36091,63,15,77,19.53,49.75,3.03
36093,64,15,78,19.76,50.2,2.97
36095,68,14,63,20.44,48.49,3.79
36097,73,18,76,22.77,51.91,3.97
36099,73,16,77,23.44,52.45,3.83
36101,73,13,72,22.59,49.57,4.01
36103,61,33,70,19.77,56.29,4.51
36105,60,18,76,18.16,48.61,4.23
36107,71,19,73,22.12,53.42,3.62
36109,72,15,73,22.18,52.3,3.97
36111,62,16,75,19.17,47.15,4.26
36113,68,18,76,19.95,50.71,3.72
36115,64,16,76,20.07,47.73,3.98
36117,77,17,72,24.51,53.9,3.51
36119,63,17,72,21.45,45.73,3.47
36121,71,17,77,21.34,53.64,4.6
36123,72,16,78,22.63,51.21,4.07
37001,60,28,85,25.42,48.32,3.67
37003,60,24,78,24.59,45.9,3.04
37005,60,31,84,21.01,51.01,4.18
37007,83,37,72,31.59,52.15,2.84
37009,60,26,79,20.24,50.92,4.03
37011,60,28,75,19.63,51.82,3.74
37013,61,33,80,26.48,55.21,3.81
37015,70,34,80,28.42,54.97,3.6
37017,65,32,76,28.18,50.68,3.38
37019,63,37,61,27.35,58.86,3.99
37021,60,28,74,22.24,52.6,3.52
37023,62,26,73,24.97,47.03,3.58
37025,84,39,70,31.37,52.74,2.87
37027,61,25,75,24.43,46.76,3.48
37029,60,33,77,25.18,56.15,4.28
37031,60,39,66,25.74,62.5,4.12
37033,60,29,85,25.25,49.68,3.48
37035,60,23,79,25.14,45.93,3.05
37037,60,28,83,25.8,48.88,3.51
37039,63,33,75,24.54,55.04,3.78
37041,64,31,85,26.97,53.43,3.24
37043,61,33,72,22.9,56.0,3.94
37045,61,21,76,25.79,45.26,2.91
37047,76,38,68,30.29,53.97,3.76
37049,60,37,80,26.68,55.61,3.54
37051,64,32,80,27.71,50.46,3.59
37053,60,37,73,24.59,59.05,4.44
37055,60,29,65,24.6,59.99,4.59
37057,60,21,77,25.69,44.48,2.93
37059,60,24,81,25.56,45.03,2.93
37061,72,40,76,29.53,55.11,3.58
37063,60,28,81,25.66,48.28,3.61
37065,75,33,71,29.84,52.47,3.34
37067,60,22,77,25.03,43.65,3.09
37069,62,28,78,26.29,49.36,3.49
37071,74,33,75,29.14,50.28,2.91
37073,67,29,79,27.33,52.9,3.2
37075,60,31,79,22.48,53.24,4.19
37077,60,22,78,25.3,46.12,3.44
37079,64,33,82,27.91,52.28,3.83
37081,60,25,79,25.01,46.63,3.35
37083,62,29,82,26.4,50.13,3.78
37085,66,33,79,27.83,51.02,3.38
37087,60,29,74,20.85,53.53,4.4
37089,60,26,75,22.86,51.26,3.74
37091,66,31,81,27.22,52.87,3.48
37093,67,33,77,28.62,50.25,3.49
37095,60,38,68,25.66,60.35,3.72
37097,60,23,81,25.39,45.06,3.13
37099,61,32,77,21.75,57.01,4.06
37101,80,32,67,30.68,50.95,2.88
37103,61,34,79,27.19,53.27,3.62
37105,60,22,78,26.34,46.34,3.32
37107,78,35,68,30.52,53.49,3.23
37109,60,24,79,25.42,46.45,3.07
37111,60,32,80,24.07,50.12,4.3
37113,60,26,72,21.99,52.24,3.51
37115,61,29,77,22.7,52.57,3.83
37117,68,31,76,28.04,53.19,3.54
37119,74,30,71,29.23,49.2,2.9
37121,60,27,76,20.68,50.06,3.09
37123,61,27,79,26.55,49.54,3.12
37125,69,30,75,28.66,49.46,3.29
37127,74,31,69,29.31,51.93,3.12
37129,60,35,60,26.48,58.51,3.33
37131,74,34,76,29.34,52.78,3.46
37133,60,36,69,27.14,54.78,3.8
37135,61,31,82,25.6,50.15,3.54
37137,60,35,74,26.47,56.18,3.55
37139,60,29,79,25.4,54.07,3.73
37141,68,35,66,28.7,53.89,3.26
37143,60,29,85,25.73,53.13,3.28
37145,60,22,77,25.03,45.71,3.14
37147,65,29,75,27.84,50.28,3.52
37149,60,25,78,25.63,47.11,3.62
37151,60,23,78,25.63,45.16,3.14
37153,76,36,77,30.38,52.45,3.01
37155,80,40,76,31.08,53.99,3.3
37157,60,25,80,24.69,47.86,3.26
37159,60,27,79,25.63,47.68,3.03
37161,60,23,75,25.4,45.65,3.51
37163,81,39,71,30.88,53.97,3.14
37165,82,36,72,31.6,52.19,2.75
37167,66,32,78,28.01,50.29,3.04
37169,61,29,79,24.53,47.53,3.14
37171,63,27,77,25.18,43.92,2.99
37173,60,34,78,21.54,54.83,4.34
37175,60,32,80,22.19,56.19,4.55
37177,60,34,79,25.83,56.0,3.48
37179,77,31,72,30.13,49.77,2.84
37181,65,32,82,26.7,50.37,3.64
37183,68,30,73,27.84,49.9,3.15
37185,64,35,85,26.55,51.72,3.9
37187,65,34,84,27.61,54.29,3.56
37189,62,31,76,20.55,54.29,4.16
37191,61,30,84,27.01,51.34,3.86
37193,61,27,78,24.1,44.83,3.42
37195,67,28,73,28.14,51.25,3.3
37197,60,25,80,25.09,44.13,3.03
37199,65,30,75,22.14,52.02,3.29
38001,92,14,80,31.11,37.4,4.15
38003,92,13,86,30.01,42.23,4.41
38005,92,10,84,29.5,38.79,4.2
38007,89,13,85,29.69,35.59,4.25
38009,96,11,87,31.67,39.24,4.14
38011,94,8,71,32.06,32.18000000000001,3.75
38013,95,7,80,30.93,34.980000000000004,4.12
38015,94,8,80,31.5,36.13,4.04
38017,94,13,86,31.19,42.54,4.07
38019,94,12,84,28.85,42.52,4.36
38021,90,15,89,29.78,42.52,4.5
38023,95,7,80,31.41,35.22,3.97
38025,97,7,74,33.85,31.810000000000002,3.63
38027,92,8,79,29.62,37.82,4.13
38029,92,14,85,30.82,39.13,4.25
38031,94,13,82,30.73,42.12,4.31
38033,89,13,85,29.73,35.8,4.19
38035,89,9,85,28.12,41.07,4.32
38037,94,12,80,31.98,36.1,3.94
38039,92,18,87,29.57,45.15,4.71
38041,94,9,76,31.91,33.510000000000005,3.99
38043,93,8,80,30.75,36.79,4.18
38045,94,11,81,31.21,40.44,3.91
38047,93,9,78,30.45,37.97,4.14
38049,92,10,86,30.25,37.45,4.1
38051,92,10,80,29.92,38.53,4.14
38053,97,8,77,34.45,32.209999999999994,3.62
38055,94,13,84,31.36,38.38,4.14
38057,94,13,83,31.83,36.89,4.21
38059,92,13,85,30.88,37.59,4.11
38061,94,8,80,30.87,34.599999999999994,4.32
38063,91,8,79,28.78,38.76,4.21
38065,93,13,87,31.2,37.75,4.5
38067,93,7,81,29.47,39.32,3.83
38069,93,9,83,30.46,37.62,4.01
38071,91,9,82,28.38,38.33,4.3
38073,93,11,86,31.0,40.11,4.0
38075,97,9,81,32.54,37.12,4.09
38077,92,13,87,30.5,42.28,4.04
38079,93,7,83,28.75,37.54,4.18
38081,93,12,86,31.15,41.46,3.84
38083,91,12,86,29.85,39.08,4.49
38085,92,15,86,31.46,37.82,4.13
38087,92,11,78,31.1,34.92,4.04
38089,93,11,80,31.18,35.28,4.0
38091,92,11,87,29.62,41.68,4.24
38093,94,14,84,31.13,42.04,4.43
38095,95,8,81,30.14,38.21,4.1
38097,92,15,90,29.93,44.83,4.31
38099,92,8,83,29.41,38.84,4.01
38101,95,12,85,31.44,38.64,4.27
38103,94,11,81,31.19,39.36,4.37
38105,95,6,80,32.19,32.14,3.6
39001,60,19,83,22.87,50.54,3.75
39003,75,7,66,25.92,45.12,3.29
39005,61,14,83,20.53,52.23,4.42
39007,69,15,75,22.47,53.2,4.24
39009,62,19,87,23.19,51.74,3.82
39011,75,12,69,25.94,48.74,3.46
39013,66,17,80,23.14,50.54,4.06
39015,61,17,79,22.82,51.21,3.8
39017,74,16,67,27.02,50.17,3.2
39019,66,18,80,23.03,51.99,3.46
39021,63,12,78,22.25,48.79,3.83
39023,63,14,76,22.35,50.38,3.7
39025,68,18,72,25.2,51.34,3.47
39027,80,20,65,27.48,53.53,3.04
39029,68,13,73,23.51,48.85,3.15
39031,62,17,82,21.77,52.26,3.51
39033,70,21,82,23.77,54.92,4.2
39035,63,13,81,20.76,50.64,4.63
39037,79,22,74,26.93,53.99,3.99
39039,83,15,67,28.19,50.78,3.32
39041,62,18,81,22.0,51.94,4.24
39043,89,15,64,28.16,54.02,3.58
39045,61,15,79,22.14,50.86,3.71
39047,70,19,73,24.95,52.85,3.29
39049,60,14,79,21.9,48.59,3.98
39051,77,20,79,26.25,52.62,4.14
39053,66,17,81,25.36,48.72,3.14
39055,70,13,73,22.69,52.08,4.09
39057,70,18,70,25.25,51.42,3.23
39059,64,17,81,23.0,50.77,3.6
39061,74,17,66,27.29,50.2,3.11
39063,88,25,72,28.85,54.62,3.37
39065,74,8,65,25.58,46.0,3.32
39067,64,14,79,22.69,50.05,3.48
39069,82,21,74,27.76,52.98,3.54
39071,61,12,75,22.34,49.52,3.49
39073,61,12,78,22.38,49.75,3.51
39075,60,14,81,20.52,51.78,3.89
39077,79,24,76,26.2,56.28,4.07
39079,63,14,79,23.82,49.4,3.45
39081,67,14,75,23.59,48.2,3.09
39083,77,15,65,25.77,52.41,3.05
39085,74,15,71,24.19,52.44,4.31
39087,64,14,80,24.94,46.49,3.29
39089,60,14,82,21.18,50.73,3.95
39091,65,15,81,22.69,50.93,4.0
39093,71,15,76,24.27,51.84,4.33
39095,76,21,78,25.89,53.4,3.88
39097,79,16,62,27.42,50.5,3.02
39099,62,12,78,21.25,48.6,3.6
39101,68,19,81,23.68,53.45,3.89
39103,61,14,81,20.69,51.28,4.4
39105,64,16,81,24.35,49.3,3.39
39107,81,19,74,27.7,52.23,3.55
39109,80,18,65,27.48,51.42,3.5
39111,64,15,81,22.98,49.44,4.03
39113,77,15,63,27.23,49.45,3.03
39115,63,16,82,23.07,50.39,3.67
39117,84,22,65,27.43,55.34,3.41
39119,63,20,86,22.61,52.28,3.92
39121,60,16,85,21.93,49.76,3.91
39123,87,17,72,28.08,54.25,3.86
39125,83,15,69,28.12,50.55,3.13
39127,63,15,79,22.82,50.82,3.6
39129,75,16,66,26.65,50.82,3.07
39131,61,11,77,23.1,47.0,3.44
39133,69,12,74,23.16,50.24,3.94
39135,78,17,66,27.04,51.15,3.34
39137,83,14,67,27.95,50.03,3.06
39139,71,23,79,23.7,56.07,4.02
39141,76,14,66,26.99,50.31,3.1
39143,88,19,69,28.7,53.66,3.47
39145,61,14,81,23.43,47.45,3.59
39147,82,18,71,27.5,52.84,3.48
39149,76,11,66,26.09,48.54,3.26
39151,61,14,82,20.6,51.06,4.31
39153,64,14,79,21.49,50.96,4.23
39155,65,10,76,22.19,48.15,3.88
39157,64,18,81,22.42,52.84,3.65
39159,68,15,77,24.12,50.14,3.82
39161,82,18,72,28.05,51.62,3.27
39163,63,11,77,23.48,49.8,3.22
39165,77,17,64,27.41,51.14,3.06
39167,65,15,81,24.11,48.47,3.49
39169,61,15,82,20.53,52.7,4.41
39171,78,14,72,26.63,50.85,3.72
39173,73,21,84,25.16,53.19,4.03
39175,76,19,75,26.13,52.9,3.48
40001,96,33,76,35.27,52.88,3.74
40003,95,11,79,37.94,36.65,3.78
40005,95,19,73,36.87,47.83,3.52
40007,95,14,83,36.8,32.370000000000005,4.03
40009,95,16,75,37.35,35.03,4.24
40011,93,14,80,36.41,39.36,4.38
40013,97,16,70,38.03,46.22,3.35
40015,93,19,80,36.62,40.91,4.31
40017,94,17,77,36.48,40.96,4.35
40019,96,17,71,37.92,42.41,3.65
40021,94,28,81,35.07,51.63,4.22
40023,95,25,72,36.83,49.98,3.35
40025,96,20,79,35.53,29.299999999999997,4.04
40027,96,12,68,37.35,38.42,3.85
40029,95,16,72,36.89,45.33,4.05
40031,94,20,79,37.3,41.01,4.15
40033,94,17,76,38.1,39.56,3.72
40035,94,22,80,35.32,48.44,4.06
40037,96,19,72,37.34,44.43,3.61
40039,92,18,84,36.22,38.25,4.68
40041,96,24,74,35.99,49.12,3.52
40043,96,15,77,37.48,37.28,4.54
40045,94,13,81,36.04,34.31999999999999,4.45
40047,93,15,81,36.6,39.9,4.24
40049,96,19,73,37.72,41.1,4.12
40051,95,14,72,36.99,40.08,3.77
40053,95,11,78,37.67,38.23,3.87
40055,94,15,74,37.72,35.040000000000006,3.82
40057,95,19,77,38.32,35.400000000000006,3.78
40059,95,12,79,37.59,32.69,3.77
40061,96,23,72,37.07,47.52,3.19
40063,96,12,69,37.43,41.58,3.51
40065,95,14,74,38.37,35.150000000000006,3.43
40067,95,17,76,38.01,40.62,3.65
40069,96,15,71,37.51,43.59,3.29
40071,94,19,82,36.63,43.27,4.41
40073,93,17,81,36.8,40.65,4.53
40075,95,9,69,37.68,34.400000000000006,3.58
40077,96,29,73,36.54,51.63,3.75
40079,94,30,69,35.35,53.09,3.33
40081,94,20,78,36.35,43.79,3.92
40083,95,15,75,37.33,39.68,3.65
40085,94,21,76,36.94,44.62,3.95
40087,96,11,68,37.59,37.56,3.87
40089,96,29,63,36.3,54.18,3.04
40091,96,21,81,37.0,47.54,3.61
40093,94,13,80,37.29,37.44,4.06
40095,95,16,73,37.19,44.09,3.45
40097,94,26,80,35.54,50.01,4.03
40099,97,12,67,38.1,39.3,3.42
40101,94,22,80,35.92,48.43,4.05
40103,94,15,76,36.79,41.02,3.7
40105,95,23,80,36.13,47.85,4.1
40107,95,22,78,36.86,45.75,4.2
40109,94,15,73,36.28,40.1,4.13
40111,96,22,76,37.12,47.39,3.85
40113,95,22,78,36.64,45.86,3.97
40115,92,22,79,34.14,49.01,3.95
40117,96,16,73,37.29,42.3,3.6
40119,95,17,76,36.74,42.71,3.64
40121,96,21,75,36.82,47.74,3.79
40123,97,14,67,37.9,40.78,3.71
40125,97,12,67,38.2,38.82,3.87
40127,95,29,72,36.11,52.31,3.75
40129,94,14,78,36.4,34.370000000000005,4.06
40131,93,23,81,35.11,48.5,3.79
40133,97,14,68,38.21,40.68,3.95
40135,93,30,77,34.96,50.26,3.3
40137,96,12,70,37.77,38.96,3.52
40139,94,13,82,36.04,28.819999999999993,4.11
40141,92,23,83,37.37,40.83,4.01
40143,97,23,77,37.54,47.52,3.67
40145,94,22,79,35.88,48.06,3.91
40147,93,23,82,35.49,47.7,4.3
40149,93,18,81,36.83,37.64,4.23
40151,94,14,82,37.37,35.75,3.97
40153,94,13,78,36.61,35.019999999999996,4.24
41001,86,14,80,26.65,31.33,3.08
41003,92,10,74,27.81,51.89,3.29
41005,87,8,66,24.07,47.08,3.07
41007,94,10,66,24.48,58.41,3.85
41009,91,8,73,26.15,50.29,3.11
41011,91,10,75,24.84,55.81,4.14
41013,90,10,63,28.36,30.909999999999997,2.82
41015,90,10,83,26.58,45.38,5.35
41017,81,10,68,24.18,31.290000000000006,2.98
41019,90,10,75,27.85,43.84,3.5
41021,86,11,80,28.45,34.620000000000005,3.8
41023,87,12,61,26.36,29.260000000000005,3.11
41025,86,11,68,27.79,25.97,2.92
41027,88,11,69,23.63,45.62,3.83
41029,91,8,62,29.49,33.040000000000006,2.75
41031,90,11,66,28.94,34.09,2.89
41033,90,9,77,29.91,34.230000000000004,3.39
41035,84,10,60,25.57,32.05,2.86
41037,88,12,60,27.61,28.840000000000003,2.99
41039,88,6,67,25.98,45.81,2.96
41041,92,15,80,24.03,63.42,4.73
41043,88,8,67,25.68,47.32,3.17
41045,85,9,76,29.06,23.650000000000006,3.03
41047,88,8,71,25.57,48.06,2.96
41049,86,9,77,27.78,32.980000000000004,3.58
41051,91,7,67,26.82,47.33,2.82
41053,92,7,73,27.64,49.05,4.27
41055,87,9,74,28.98,33.760000000000005,3.76
41057,93,9,68,23.73,58.9,4.16
41059,87,11,74,27.75,33.769999999999996,3.13
41061,89,12,64,26.46,33.64,2.96
41063,89,8,63,26.52,29.480000000000004,2.65
41065,87,8,67,27.71,34.980000000000004,3.1
41067,92,9,71,27.13,51.65,2.64
41069,91,11,66,28.9,31.53,3.12
41071,92,8,72,27.6,50.28,3.46
42001,71,21,70,25.06,49.4,3.61
42003,67,20,79,23.65,50.78,3.62
42005,67,19,77,23.08,50.53,3.83
42007,66,15,79,23.08,48.71,3.49
42009,66,20,73,22.3,50.51,3.74
42011,70,26,69,24.2,49.25,3.41
42013,66,15,71,21.55,49.4,3.56
42015,71,15,70,22.14,50.72,3.71
42017,61,21,74,21.88,46.9,3.53
42019,65,14,75,22.18,48.47,3.6
42021,66,15,75,21.08,50.43,4.08
42023,69,15,74,21.68,49.77,3.97
42025,62,19,73,19.83,48.41,3.41
42027,70,15,70,22.49,47.84,3.79
42029,63,28,76,22.38,49.69,3.63
42031,69,15,74,22.81,49.23,3.65
42033,68,15,74,21.81,49.87,4.08
42035,70,15,71,22.41,48.43,3.66
42037,62,20,77,20.35,50.26,3.68
42039,66,16,80,21.19,50.58,4.26
42041,76,23,66,26.34,49.51,3.0
42043,79,25,66,26.66,50.44,2.86
42045,66,23,70,23.74,48.47,3.33
42047,69,16,75,21.3,51.4,4.12
42049,69,15,76,21.65,52.84,4.26
42051,67,21,77,23.0,51.88,4.28
42053,68,14,75,21.39,49.87,3.95
42055,75,20,68,26.09,48.2,3.11
42057,74,22,68,25.39,49.52,3.38
42059,61,12,81,21.97,46.56,4.34
42061,74,18,64,24.77,49.44,3.53
42063,66,16,75,22.06,50.87,4.17
42065,68,17,76,21.8,50.92,3.76
42067,76,27,71,25.64,52.05,3.32
42069,63,16,75,19.16,49.28,3.61
42071,77,26,66,26.7,49.85,3.13
42073,62,12,79,21.3,48.18,3.77
42075,76,23,66,25.9,49.37,3.1
42077,63,23,76,21.91,48.16,3.43
42079,63,18,77,19.95,50.11,4.09
42081,73,17,69,23.21,50.1,3.32
42083,71,14,75,21.41,51.24,4.47
42085,63,11,78,21.14,47.55,3.79
42087,76,21,67,25.22,49.92,3.43
42089,62,18,74,19.44,47.56,3.26
42091,61,22,74,22.12,47.46,3.52
42093,69,17,67,23.43,48.33,3.13
42095,63,23,75,21.64,48.18,3.26
42097,75,19,64,25.0,49.91,3.04
42099,76,26,69,25.74,51.34,3.01
42101,67,24,71,24.32,48.59,3.41
42103,63,17,71,19.45,48.2,3.44
42105,71,16,76,21.58,51.0,4.19
42107,73,21,64,23.66,49.98,3.35
42109,74,19,66,25.25,49.67,3.51
42111,64,17,75,20.03,52.29,4.34
42113,64,16,76,18.73,51.94,4.39
42115,63,15,74,19.01,50.38,3.86
42117,71,17,74,21.75,51.55,3.79
42119,75,20,64,25.39,49.6,3.43
42121,66,13,77,21.39,48.04,3.93
42123,68,13,76,21.13,48.42,4.17
42125,66,18,80,23.09,50.75,3.85
42127,62,16,75,18.59,48.39,3.99
42129,63,14,74,21.76,49.21,3.71
42131,64,15,75,19.97,49.28,4.13
42133,79,28,68,27.53,50.88,3.15
44001,74,37,60,23.77,53.5,4.14
44003,61,22,65,19.6,46.79,3.99
44005,60,35,64,18.58,55.95,4.54
44007,60,21,72,19.22,45.88,3.89
44009,63,31,62,19.93,53.81,4.02
45001,75,37,80,30.21,52.1,3.24
45003,88,40,78,33.57,51.6,3.13
45005,93,35,71,34.76,51.22,3.03
45007,76,35,78,29.98,51.49,3.15
45009,91,35,70,34.0,50.81,3.05
45011,92,36,72,34.52,50.71,2.89
45013,72,40,63,29.88,58.86,2.98
45015,96,40,65,34.77,58.24,3.13
45017,95,39,72,35.09,52.03,3.15
45019,65,39,69,28.27,60.29,3.62
45021,75,36,76,29.47,51.26,2.87
45023,94,36,66,34.05,51.36,2.58
45025,93,38,66,33.79,52.48,2.89
45027,95,39,68,35.22,52.41,3.08
45029,94,40,61,34.43,54.55,3.21
45031,90,40,72,33.29,53.18,3.06
45033,96,40,70,34.94,54.05,3.03
45035,93,39,63,33.97,54.82,3.24
45037,92,40,74,34.36,51.4,3.05
45039,87,40,74,32.66,52.16,2.81
45041,96,39,68,35.25,53.35,3.06
45043,82,40,63,31.33,58.57,3.43
45045,65,30,79,26.71,50.11,3.16
45047,80,35,72,31.26,51.54,2.98
45049,95,40,70,35.25,53.44,3.24
45051,75,40,63,30.1,57.22,3.38
45053,93,39,64,34.2,55.5,2.87
45055,94,36,70,34.01,51.5,2.99
45057,89,35,69,32.51,51.22,2.84
45059,76,35,79,30.42,51.19,2.98
45061,89,32,70,32.99,49.87,3.05
45063,88,37,74,33.16,50.8,3.14
45065,92,37,66,34.19,51.27,2.72
45067,96,40,65,35.27,53.95,2.9
45069,87,38,72,32.55,52.88,2.93
45071,80,35,76,31.67,50.27,2.97
45073,60,28,80,25.53,48.76,3.78
45075,91,38,71,33.91,51.94,3.08
45077,61,28,81,25.73,49.42,3.73
45079,88,38,75,33.25,50.97,3.02
45081,92,38,72,34.32,51.28,3.12
45083,73,35,78,29.4,50.16,2.9
45085,87,33,71,32.89,49.38,2.98
45087,94,40,66,34.15,53.28,2.52
45089,96,39,67,35.24,54.37,3.17
45091,95,40,64,33.95,53.08,2.55
46003,92,11,80,32.44,38.82,3.69
46005,87,11,85,29.5,41.18,3.95
46007,88,18,85,30.89,37.0,4.12
46009,92,20,82,32.34,42.71,4.15
46011,88,16,88,28.31,45.02,4.79
46013,91,11,87,30.55,40.82,4.21
46015,96,18,80,34.99,41.88,3.81
46017,88,16,87,30.85,40.93,4.5
46019,91,10,71,31.55,31.47,3.52
46021,93,15,83,31.66,39.75,4.11
46023,94,19,80,33.73,41.89,4.16
46025,89,12,87,28.99,43.25,4.61
46027,86,14,84,29.8,41.61,4.12
46029,90,11,83,28.83,43.0,4.6
46031,91,12,82,31.19,36.22,3.93
46033,89,12,79,29.41,30.189999999999998,3.47
46035,90,13,83,31.18,40.4,3.89
46037,91,11,86,29.64,42.29,4.48
46039,90,12,82,28.83,43.49,4.52
46041,92,12,81,32.17,36.79,3.92
46043,96,19,79,34.93,42.45,4.04
46045,93,14,86,31.44,41.81,4.13
46047,88,14,79,31.42,30.83,3.05
46049,91,12,86,31.12,40.32,3.99
46051,91,15,87,29.62,45.19,4.98
46053,91,20,83,32.17,41.8,4.35
46055,92,11,77,33.03,35.14,3.47
46057,90,16,86,29.19,45.37,5.06
46059,90,14,85,31.14,41.41,4.16
46061,90,11,82,31.22,38.94,3.99
46063,91,14,79,31.12,33.81999999999999,4.06
46065,92,10,78,32.92,35.81,3.25
46067,89,16,85,31.05,41.68,4.34
46069,92,11,81,32.29,37.97,3.59
46071,85,9,80,30.56,32.68000000000001,3.49
46073,89,11,80,30.79,39.48,4.15
46075,92,10,74,33.48,34.09,3.35
46077,89,16,87,29.48,44.46,4.96
46079,82,12,88,26.74,42.12,4.63
46081,89,11,69,27.13,29.89,3.86
46083,88,13,87,29.7,42.38,4.3
46085,93,17,82,33.74,39.5,3.75
46087,90,13,83,30.44,41.9,4.45
46089,93,12,83,31.06,39.83,4.03
46091,92,14,86,30.56,43.25,4.66
46093,94,13,77,33.21,33.44,3.6
46095,91,12,75,33.03,34.989999999999995,3.75
46097,86,13,86,29.06,41.63,4.26
46099,89,14,86,29.36,43.86,4.79
46101,89,14,85,28.81,44.21,4.42
46102,88,11,82,31.47,31.870000000000005,3.54
46103,91,10,77,30.74,31.33,3.67
46105,93,11,77,32.43,33.879999999999995,3.78
46107,92,13,81,31.64,39.59,3.99
46109,91,12,86,29.79,42.66,4.6
46111,88,11,83,30.46,39.56,4.08
46115,91,8,84,30.94,38.48,3.65
46117,92,14,81,33.26,37.49,3.68
46119,90,11,80,31.9,36.99,3.77
46121,92,14,75,32.4,36.35,3.8
46123,89,13,79,31.73,36.32,3.88
46125,88,13,83,29.95,41.83,4.27
46127,88,14,84,30.19,42.4,4.24
46129,92,10,78,31.08,37.27,3.94
46135,91,17,83,31.41,41.92,3.97
46137,91,11,82,32.06,34.629999999999995,3.92
47001,61,23,83,24.59,51.58,2.96
47003,61,25,81,26.03,52.26,3.63
47005,61,26,82,26.16,52.27,3.46
47007,60,23,77,23.67,56.93,2.87
47009,60,26,81,24.43,52.84,3.11
47011,60,20,71,25.37,52.78,3.41
47013,61,24,80,23.88,52.28,3.72
47015,61,23,81,25.77,51.44,3.52
47017,62,22,76,26.25,51.46,3.1
47019,60,27,78,21.89,50.41,3.05
47021,60,24,83,25.28,52.22,3.51
47023,62,22,73,26.8,51.23,3.0
47025,60,25,81,23.94,52.77,3.53
47027,60,16,74,25.16,48.67,3.06
47029,60,26,80,24.0,52.08,3.89
47031,61,26,79,25.42,54.36,4.05
47033,70,25,74,28.67,52.7,3.3
47035,61,21,73,23.37,55.5,3.53
47037,60,18,75,25.32,49.41,3.14
47039,62,26,79,26.79,51.52,3.68
47041,60,22,81,25.05,51.93,3.13
47043,60,25,85,25.48,52.9,3.58
47045,69,17,74,28.29,48.67,3.27
47047,68,22,69,28.57,51.05,3.17
47049,60,14,72,23.69,49.91,3.44
47051,60,26,79,24.9,55.62,3.77
47053,64,18,74,27.06,50.35,3.26
47055,62,22,71,26.33,50.82,3.42
47057,62,23,80,25.14,52.43,2.73
47059,61,24,80,24.83,51.44,2.78
47061,60,24,77,23.44,57.94,4.17
47063,62,24,82,25.4,53.03,2.8
47065,60,24,74,25.04,53.87,3.2
47067,61,21,79,24.42,50.24,3.05
47069,63,17,70,27.22,49.24,3.11
47071,63,29,80,27.48,52.53,3.42
47073,61,22,81,24.98,50.19,2.99
47075,70,18,69,28.82,49.85,2.99
47077,62,25,76,26.68,51.71,3.18
47079,60,26,82,25.27,53.53,3.28
47081,60,27,86,25.9,52.09,4.06
47083,60,22,78,25.59,50.76,3.4
47085,60,25,83,25.72,51.53,3.54
47087,60,24,83,25.03,52.39,3.19
47089,60,21,78,24.94,51.81,2.99
47091,60,29,78,21.22,51.37,4.7
47093,60,23,82,25.01,52.79,2.75
47095,71,17,73,28.71,49.76,3.04
47097,75,27,76,30.03,52.71,3.42
47099,60,28,81,25.6,53.18,3.94
47101,61,25,77,26.03,52.14,3.69
47103,60,31,81,25.61,55.34,3.86
47105,63,26,80,25.94,54.17,2.55
47107,63,24,75,26.09,56.27,2.68
47109,61,26,79,26.78,52.38,3.31
47111,60,25,83,25.16,54.21,3.52
47113,61,16,71,26.37,48.97,3.12
47115,60,26,77,24.28,56.56,3.7
47117,60,22,73,25.63,50.61,3.39
47119,60,26,79,25.53,53.09,3.72
47121,60,23,76,25.36,56.31,3.21
47123,60,25,77,24.62,52.67,3.07
47125,60,21,78,25.46,50.74,3.5
47127,60,28,81,25.43,54.53,3.77
47129,60,19,73,23.66,51.93,3.28
47131,69,18,72,28.08,50.33,3.04
47133,60,21,79,24.43,52.24,3.91
47135,60,31,88,25.78,53.58,4.42
47137,60,15,76,24.52,48.62,3.44
47139,62,29,76,25.46,54.63,4.06
47141,61,25,80,24.77,54.85,3.65
47143,62,30,82,25.08,58.98,3.75
47145,62,25,77,25.52,54.41,2.91
47147,60,23,80,24.86,53.45,3.24
47149,61,25,80,25.92,52.53,3.35
47151,60,23,80,23.48,53.29,3.77
47153,60,26,79,23.37,58.58,3.26
47155,60,34,84,23.33,55.64,3.85
47157,73,28,74,29.87,53.29,3.41
47159,60,23,81,25.26,52.61,2.98
47161,61,22,78,25.67,51.34,3.46
47163,61,22,79,24.07,48.88,3.61
47165,60,22,78,24.96,52.9,3.17
47167,72,26,78,29.48,52.79,3.4
47169,61,25,82,25.76,53.67,3.15
47171,61,25,77,22.48,49.27,3.29
47173,61,22,81,24.78,52.57,3.45
47175,60,23,77,23.81,57.0,3.35
47177,60,21,77,24.97,52.58,3.68
47179,61,23,81,24.44,49.55,2.97
47181,61,29,81,26.04,52.9,3.68
47183,63,17,74,26.47,49.92,3.24
47185,61,21,78,24.92,52.76,3.43
47187,60,22,78,25.41,51.49,3.58
47189,61,20,76,25.66,51.09,3.0
48001,96,25,73,36.99,49.72,3.68
48003,91,18,83,35.8,26.950000000000003,3.97
48005,97,28,62,36.68,53.22,2.86
48007,93,39,72,33.19,67.69,4.15
48009,94,16,76,38.17,37.9,3.93
48011,94,17,81,35.12,30.36,3.87
48013,94,27,81,38.21,45.77,3.62
48015,95,24,79,36.84,52.35,3.89
48017,94,19,83,34.91,27.620000000000005,3.81
48019,94,34,84,35.82,46.92,4.24
48021,96,25,81,37.94,48.1,3.9
48023,94,21,80,38.13,38.99,4.05
48025,96,30,85,37.71,51.33,4.06
48027,95,28,82,37.3,47.07,4.24
48029,95,30,82,37.3,47.81,3.67
48031,93,31,83,36.06,46.95,4.11
48033,92,19,85,35.86,30.86,4.41
48035,93,27,81,37.06,45.47,3.93
48037,95,33,68,36.1,55.12,2.88
48039,94,37,67,34.18,66.5,3.65
48041,96,27,78,37.64,50.41,3.83
48043,76,8,80,32.93,19.370000000000005,3.22
48045,95,21,80,35.94,31.39,3.73
48047,96,28,91,38.7,50.24,4.72
48049,91,28,81,36.14,43.97,4.02
48051,96,26,78,37.63,49.87,3.83
48053,94,27,80,36.57,45.1,3.88
48055,93,29,86,36.98,48.53,3.99
48057,94,36,72,33.75,67.21000000000001,3.98
48059,95,23,71,36.97,39.23,3.92
48061,95,27,87,35.0,61.36,4.94
48063,97,24,71,37.4,50.24,3.7
48065,94,17,81,34.99,30.36,4.18
48067,95,31,70,36.16,54.04,3.09
48069,91,20,85,33.52,30.200000000000003,4.21
48071,81,40,61,32.09,68.15,2.91
48073,96,27,71,36.56,51.0,3.61
48075,94,17,78,37.64,33.36,3.45
48077,96,16,74,38.7,39.35,3.61
48079,94,19,82,34.84,27.790000000000006,3.99
48081,96,24,74,37.45,35.739999999999995,3.71
48083,94,24,75,36.82,40.11,3.62
48085,95,19,78,37.25,46.41,3.9
48087,94,18,80,37.02,33.8,4.22
48089,96,27,83,37.47,52.48,3.92
48091,94,29,84,36.6,48.0,4.03
48093,92,31,80,36.09,45.37,4.16
48095,94,28,77,37.13,39.68,3.84
48097,95,16,73,37.35,42.24,3.92
48099,94,30,81,36.91,46.93,4.23
48101,94,17,76,37.65,32.95,3.62
48103,94,25,80,37.72,28.92,3.16
48105,95,33,79,36.44,38.94,4.31
48107,94,23,86,35.65,32.67,4.4
48109,77,10,84,31.91,19.569999999999993,4.21
48111,92,16,82,33.63,28.260000000000005,4.29
48113,96,17,76,38.07,43.61,3.64
48115,94,22,87,36.23,30.620000000000005,4.27
48117,93,16,81,33.95,28.39,4.16
48119,96,19,73,37.19,48.28,3.67
48121,95,20,75,37.6,44.56,4.0
48123,94,30,85,37.0,51.55,4.15
48125,90,17,80,35.47,31.439999999999998,4.02
48127,95,31,86,39.3,44.23,3.74
48129,95,18,80,36.49,32.09,4.17
48131,96,30,89,38.68,48.65,4.69
48133,93,22,72,36.41,41.36,4.11
48135,93,20,80,36.57,27.78,3.68
48137,94,35,81,35.96,43.73,4.54
48139,95,20,76,37.73,44.93,3.79
48141,86,9,79,34.72,17.040000000000006,3.32
48143,94,24,74,36.88,42.98,3.84
48145,96,21,74,37.82,45.74,3.71
48147,96,17,74,37.38,46.63,3.87
48149,96,22,79,37.84,47.41,3.74
48151,94,23,77,37.24,35.019999999999996,3.75
48153,90,15,79,34.19,28.540000000000006,3.92
48155,94,18,77,38.24,35.41,3.74
48157,96,25,74,36.18,54.9,3.57
48159,96,18,70,36.88,48.54,3.57
48161,96,20,73,37.78,46.17,3.64
48163,95,28,82,38.69,44.88,3.59
48165,92,14,81,35.54,25.620000000000005,3.93
48167,78,40,61,30.95,70.76,3.52
48169,90,17,82,35.21,30.510000000000005,4.06
48171,93,33,81,35.27,45.7,4.26
48173,94,22,81,36.31,31.75,4.32
48175,96,28,80,37.61,51.02,4.0
48177,96,26,80,37.64,48.48,3.74
48179,95,20,82,35.55,33.870000000000005,4.42
48181,95,18,79,37.1,45.15,3.92
48183,96,33,76,36.65,53.06,3.66
48185,96,29,79,37.31,52.18,3.69
48187,94,28,84,37.18,47.81,3.75
48189,93,25,85,34.57,32.599999999999994,4.2
48191,95,20,81,37.65,33.06,3.52
48193,92,25,78,36.1,44.26,4.07
48195,94,15,80,36.13,29.5,4.24
48197,95,14,74,38.36,33.849999999999994,3.42
48199,94,34,64,34.85,60.36,3.02
48201,97,34,72,36.07,59.27,3.4
48203,96,29,65,36.39,53.0,3.15
48205,90,15,83,33.33,28.230000000000004,4.33
48207,96,21,77,38.69,36.66,3.61
48209,91,29,87,35.95,47.41,4.39
48211,96,13,78,36.99,32.14,4.19
48213,97,20,71,37.79,47.48,3.49
48215,96,24,86,38.51,49.27,4.51
48217,93,20,75,37.01,43.81,3.94
48219,93,19,82,34.99,28.400000000000006,4.11
48221,94,24,75,37.56,43.49,3.92
48223,97,16,73,37.53,47.41,3.56
48225,96,30,76,36.76,52.48,3.72
48227,92,19,83,35.97,30.89,4.07
48229,90,7,74,34.51,17.069999999999993,3.11
48231,95,16,76,36.87,47.29,3.79
48233,91,12,79,34.82,27.53,3.89
48235,89,24,79,35.23,35.75,4.15
48237,96,19,70,38.42,40.91,3.82
48239,95,29,78,35.72,57.74,3.97
48241,91,35,68,34.32,60.43,3.18
48243,83,9,78,31.11,18.549999999999997,3.6
48245,71,39,64,30.79,66.2,3.5
48247,96,26,89,38.94,47.26,4.74
48249,95,29,88,37.78,51.15,4.55
48251,94,27,81,37.59,45.67,4.11
48253,96,24,76,38.21,36.99,3.94
48255,93,27,84,37.14,48.39,3.93
48257,96,16,74,37.76,45.49,3.75
48259,94,31,82,35.79,47.39,4.42
48261,95,28,88,35.44,59.23,4.67
48263,94,25,83,36.99,35.31999999999999,3.94
48265,93,36,83,35.08,46.52,4.38
48267,88,33,84,34.87,42.96,4.32
48269,94,20,77,37.84,34.34,3.8
48271,95,31,84,37.89,42.68,4.31
48273,94,33,88,35.8,58.46,4.56
48275,93,20,79,37.81,36.45,4.06
48277,96,20,72,37.27,47.9,3.5
48279,93,21,84,34.35,29.799999999999997,4.03
48281,94,31,82,36.52,46.56,4.37
48283,97,26,81,39.79,43.72,3.53
48285,94,30,87,36.65,53.09,4.04
48287,95,26,81,37.22,49.44,4.14
48289,97,26,77,37.9,49.75,3.6
48291,95,34,66,35.24,60.71,3.04
48293,96,20,74,37.84,45.65,3.92
48295,95,12,76,36.42,31.879999999999995,4.19
48297,95,27,86,38.11,49.17,4.26
48299,93,32,80,36.6,46.41,4.01
48301,96,19,75,38.74,24.060000000000002,2.81
48303,92,11,78,34.83,25.489999999999995,3.93
48305,92,13,79,35.01,26.379999999999995,3.7
48307,91,30,81,36.01,42.65,4.12
48309,95,23,77,37.49,46.51,4.07
48311,95,27,85,38.9,46.06,3.71
48313,96,25,73,37.58,49.29,3.22
48315,94,32,70,35.7,53.88,3.23
48317,92,17,83,36.11,27.819999999999993,4.06
48319,91,33,81,35.54,44.48,4.28
48321,95,39,69,34.16,67.97,3.62
48323,95,33,87,39.01,44.08,3.99
48325,94,35,87,37.14,48.46,3.87
48327,93,27,77,36.2,40.04,4.04
48329,95,22,82,36.99,29.89,4.07
48331,95,28,83,37.45,49.07,3.96
48333,91,28,82,35.47,44.79,4.2
48335,92,23,80,36.17,33.849999999999994,4.07
48337,95,18,72,37.73,41.85,3.75
48339,96,30,73,36.48,55.96,3.56
48341,91,17,84,34.31,30.180000000000007,4.1
48343,95,32,76,36.44,53.23,3.47
48345,93,16,78,36.35,30.510000000000005,3.81
48347,94,31,73,35.62,54.23,3.5
48349,97,19,74,38.42,45.67,3.85
48351,94,38,65,34.75,61.71,2.95
48353,92,21,73,35.86,33.519999999999996,3.95
48355,95,36,83,35.42,60.25,4.72
48357,93,11,78,35.47,29.819999999999993,4.19
48359,90,16,85,33.5,28.629999999999995,3.93
48361,92,40,60,33.63,64.88,3.09
48363,94,24,75,37.64,41.82,3.88
48365,96,32,71,36.43,54.04,3.26
48367,94,23,75,37.41,43.55,3.81
48369,92,18,83,33.82,28.47,4.05
48371,93,22,77,36.16,26.739999999999995,3.53
48373,95,34,72,35.85,56.67,3.14
48375,95,18,80,35.37,30.269999999999996,3.96
48377,77,9,83,32.24,18.58,3.37
48379,97,17,73,37.4,47.77,3.22
48381,94,17,81,34.75,29.22,4.06
48383,95,28,81,36.64,35.14,4.4
48385,90,35,83,34.42,45.46,4.66
48387,94,27,75,35.92,51.83,3.25
48389,75,7,84,33.92,17.799999999999997,3.16
48391,95,34,79,35.45,59.79,4.22
48393,93,13,80,35.32,30.590000000000003,3.95
48395,97,18,73,38.22,46.09,3.68
48397,95,17,77,37.2,46.33,3.47
48399,95,24,74,37.28,37.63,3.86
48401,96,30,74,36.4,53.2,3.67
48403,94,36,67,35.19,57.48,3.07
48405,95,34,67,35.74,56.36,3.08
48407,96,30,69,36.25,55.28,3.48
48409,94,32,81,35.5,57.8,4.41
48411,90,28,82,35.61,43.79,4.07
48413,89,26,82,34.77,38.86,4.43
48415,91,23,83,35.74,34.34,4.09
48417,95,22,75,37.81,38.33,3.8
48419,96,36,70,36.28,56.01,2.97
48421,92,15,83,34.63,29.129999999999995,4.3
48423,96,26,74,36.67,50.34,3.56
48425,94,26,77,37.82,43.14,3.87
48427,95,24,91,39.11,46.18,4.64
48429,93,21,75,37.14,39.88,3.88
48431,91,23,79,35.79,33.370000000000005,4.22
48433,93,19,77,37.46,34.230000000000004,3.51
48435,90,28,82,35.35,40.07,4.35
48437,91,21,84,33.87,31.090000000000003,4.18
48439,95,17,73,37.72,42.05,3.77
48441,95,21,69,36.87,35.980000000000004,3.83
48443,95,36,82,36.93,36.42,3.8
48445,92,14,80,34.97,25.980000000000004,3.75
48447,94,19,76,37.89,38.01,3.69
48449,96,19,66,37.11,48.41,3.19
48451,95,23,73,36.82,36.69,3.97
48453,95,20,76,37.32,44.12,3.81
48455,95,32,74,36.36,53.23,3.29
48457,95,36,66,35.38,59.06,3.14
48459,97,26,70,37.27,51.53,3.42
48461,95,26,83,36.98,31.909999999999997,4.03
48463,93,38,89,37.04,47.31,4.3
48465,95,31,81,37.5,39.93,4.15
48467,97,19,73,37.62,47.76,3.41
48469,94,30,82,35.95,56.71,4.09
48471,96,31,76,36.85,53.19,3.64
48473,95,26,77,36.55,53.82,3.68
48475,93,17,76,38.07,23.810000000000002,2.89
48477,96,27,79,37.63,51.2,3.88
48479,96,25,85,39.47,41.59,4.05
48481,95,25,78,36.13,54.51,3.6
48483,94,15,77,36.19,33.18000000000001,4.28
48485,96,11,71,38.88,35.64,3.48
48487,94,10,72,38.15,33.900000000000006,3.38
48489,96,25,88,35.36,59.92,4.67
48491,94,29,83,37.05,47.29,4.11
48493,94,28,85,37.53,47.52,3.87
48495,92,17,79,37.05,24.319999999999993,3.34
48497,95,21,73,37.96,43.17,4.0
48499,97,24,72,37.31,51.35,3.46
48501,92,14,80,34.75,24.840000000000003,3.95
48503,95,16,71,38.37,37.81,3.75
48505,97,26,89,39.95,43.54,4.57
48507,96,33,86,38.95,45.44,3.73
49001,90,7,81,30.24,19.17,3.99
49003,90,8,86,31.49,23.629999999999995,3.08
49005,88,8,86,26.89,28.049999999999997,3.24
49007,84,8,81,26.22,21.319999999999993,3.81
49009,92,8,77,26.33,24.010000000000005,3.51
49011,90,6,85,32.08,22.620000000000005,3.6
49013,85,8,80,24.16,24.650000000000006,3.59
49015,90,4,77,31.19,16.689999999999998,2.96
49017,91,9,82,29.26,21.200000000000003,3.77
49019,84,6,88,30.43,16.680000000000007,3.7
49021,86,9,84,28.76,20.489999999999995,3.91
49023,88,6,84,31.29,18.97,3.61
49025,92,4,80,32.14,16.33,3.45
49027,90,5,86,32.38,17.230000000000004,3.57
49029,88,7,86,26.43,24.03,3.64
49031,90,6,79,26.71,20.97,3.4
49033,88,11,84,26.13,27.760000000000005,3.8
49035,89,5,86,29.69,21.239999999999995,3.4
49037,89,5,83,32.16,16.400000000000006,3.37
49039,90,8,79,26.94,22.799999999999997,3.8
49041,89,5,81,26.44,21.099999999999994,3.24
49043,84,12,79,21.89,29.930000000000007,4.45
49045,89,6,88,32.38,19.17,3.32
49047,92,6,83,30.39,20.930000000000007,2.89
49049,89,8,85,28.91,22.879999999999995,3.31
49051,88,14,78,24.32,29.159999999999997,3.68
49053,88,9,85,32.18,16.42,3.79
49055,90,6,83,31.2,18.049999999999997,3.42
49057,90,9,86,28.92,25.540000000000006,3.49
50001,61,14,77,17.49,48.14,3.67
50003,67,24,78,18.72,53.25,4.0
50005,63,12,68,17.17,48.78,4.19
50007,78,23,69,23.08,53.12,3.94
50009,66,13,67,17.64,50.92,4.22
50011,77,25,75,22.5,54.07,3.84
50013,79,15,69,24.09,49.57,2.94
50015,63,23,81,16.78,54.96,4.44
50017,70,15,63,20.1,50.28,3.84
50019,60,17,78,15.56,51.76,4.92
50021,63,19,76,18.25,47.46,4.28
50023,61,18,82,16.34,51.86,3.83
50025,65,20,72,18.43,49.99,3.82
50027,60,20,78,16.78,50.82,4.85
51001,60,28,64,22.62,56.84,3.68
51003,61,21,84,23.76,45.42,3.44
51005,60,21,78,22.41,48.25,3.84
51007,63,23,79,25.61,46.66,3.44
51009,60,20,79,23.6,45.07,4.15
51011,61,21,82,24.31,45.73,3.43
51013,65,22,77,25.16,45.95,3.48
51015,61,22,79,22.29,48.61,4.23
51017,60,17,73,21.43,47.25,3.99
51019,67,20,74,25.79,44.9,3.21
51021,60,19,77,21.27,47.4,3.51
51023,60,22,79,23.23,46.41,3.67
51025,73,30,73,28.6,50.17,3.34
51027,60,17,84,23.29,43.45,4.1
51029,63,19,81,25.19,44.76,3.39
51031,66,27,80,25.84,47.73,3.37
51033,61,19,80,24.35,44.95,3.53
51035,60,29,80,21.74,48.93,3.84
51036,61,17,78,25.69,43.93,3.61
51037,63,23,78,25.39,46.83,3.23
51041,64,26,82,26.1,48.2,3.72
51043,64,18,76,23.87,46.56,3.46
51045,64,21,73,23.2,48.15,3.38
51047,64,24,83,25.23,50.33,4.09
51049,63,20,81,25.54,44.62,3.36
51051,65,19,83,24.31,44.72,4.16
51053,74,34,80,28.87,52.11,3.73
51057,60,18,82,24.45,44.75,3.86
51059,63,20,78,24.36,45.26,3.53
51061,63,19,81,24.13,47.71,3.79
51063,60,30,80,21.5,50.78,4.02
51065,71,28,81,27.39,48.57,3.31
51067,64,21,71,24.87,46.36,3.28
51069,66,18,74,24.28,46.28,3.37
51071,65,23,72,22.91,49.66,3.44
51073,60,22,74,24.54,50.16,4.28
51075,60,21,82,24.2,45.27,3.46
51077,60,20,71,20.66,47.32,3.63
51079,62,20,84,23.32,45.81,3.33
51081,78,36,76,29.86,54.79,3.4
51083,65,24,77,26.36,47.01,3.19
51085,60,18,80,24.25,43.57,3.48
51087,60,22,80,24.62,45.27,3.6
51089,60,25,78,24.25,49.36,3.46
51091,67,23,74,22.16,51.27,4.43
51093,65,28,80,26.28,51.6,3.76
51095,60,21,80,25.08,47.7,4.09
51097,60,20,84,24.83,46.14,4.19
51099,61,21,81,24.5,45.17,3.6
51101,60,18,84,24.84,43.68,3.92
51103,60,27,72,24.04,52.86,3.82
51105,61,21,80,23.81,49.23,3.23
51107,64,21,79,24.36,47.59,3.42
51109,60,18,84,24.0,45.13,3.49
51111,61,22,79,24.96,46.61,3.45
51113,62,20,86,23.44,47.66,3.74
51115,61,27,70,24.1,54.37,4.03
51117,60,23,79,25.07,46.56,3.34
51119,60,24,77,24.26,51.13,4.26
51121,62,25,75,22.82,49.63,3.9
51125,61,20,81,23.72,45.94,4.09
51127,61,25,85,25.42,47.82,4.11
51131,61,34,73,23.41,59.46,4.47
51133,60,32,71,23.85,54.38,3.79
51135,61,22,79,24.83,46.55,3.6
51137,60,23,83,23.64,50.28,4.17
51139,62,19,83,23.17,45.51,3.53
51141,60,29,78,23.13,49.71,3.61
51143,65,26,79,25.92,48.36,3.18
51145,74,32,79,28.33,49.66,3.35
51147,65,23,81,26.02,46.54,3.41
51149,60,19,80,25.66,45.2,3.56
51153,65,21,78,25.19,46.0,3.63
51155,60,22,74,22.07,48.08,3.42
51157,65,18,80,24.54,46.57,3.42
51159,60,19,78,24.34,46.26,3.87
51161,60,21,75,22.62,46.47,3.59
51163,61,19,79,23.11,46.18,3.72
51165,61,19,80,22.4,46.16,3.92
51167,60,19,82,22.43,45.66,4.25
51169,62,22,84,24.16,47.9,4.41
51171,65,18,78,24.24,45.08,3.87
51173,60,23,81,21.67,48.5,4.52
51175,76,31,74,29.72,52.06,3.34
51177,61,23,84,24.26,48.0,3.71
51179,60,21,82,23.71,45.92,3.73
51181,61,19,76,25.36,46.32,3.53
51183,74,31,77,29.11,51.85,3.4
51185,60,18,81,21.29,47.09,3.86
51187,64,18,79,24.01,46.38,3.6
51191,60,25,79,22.9,48.35,4.57
51193,60,21,75,24.27,46.55,3.63
51195,63,21,83,23.2,46.53,4.52
51197,61,28,79,22.24,49.91,3.67
51199,62,24,71,25.04,50.69,3.84
51510,61,20,78,23.62,44.77,3.57
51520,60,23,80,23.51,47.72,3.88
51530,61,19,80,23.78,45.25,3.86
51540,63,20,81,24.73,43.51,3.2
51550,75,35,72,28.51,55.51,3.8
51570,60,18,82,25.74,44.87,3.67
51580,60,18,76,23.83,44.45,3.72
51590,63,27,80,26.07,47.39,3.2
51595,80,34,75,30.23,55.45,3.35
51600,62,19,78,23.86,45.47,3.51
51610,63,21,79,24.45,46.26,3.57
51620,63,29,82,26.4,51.26,3.98
51630,61,18,79,24.49,44.07,3.46
51640,61,24,74,21.9,46.22,3.46
51650,62,26,71,24.57,52.9,3.56
51660,62,19,78,23.58,46.76,3.64
51670,60,15,80,26.38,41.55,3.59
51678,60,20,84,23.63,45.42,3.77
51680,71,28,74,27.17,47.63,3.75
51683,65,21,79,25.61,45.18,3.64
51685,66,22,79,25.83,45.57,3.6
51690,61,26,80,24.68,49.71,3.58
51700,61,23,73,24.67,50.48,3.73
51710,64,25,69,25.18,51.66,3.47
51720,63,23,83,21.88,47.84,4.83
51730,60,17,80,25.44,45.49,3.54
51735,61,30,72,23.94,55.13,3.72
51740,68,26,76,26.5,51.9,3.74
51750,63,24,72,23.54,49.38,3.57
51760,60,19,79,24.48,44.14,3.51
51770,60,19,74,23.75,43.86,3.38
51775,61,21,74,24.01,45.26,3.55
51790,60,19,77,22.8,47.8,4.05
51800,60,26,85,24.95,52.3,4.07
51810,63,35,73,24.99,56.54,3.83
51820,61,20,78,23.07,47.27,4.13
51830,61,23,79,25.44,47.74,4.23
51840,64,18,77,23.67,45.96,3.47
53001,87,9,82,29.89,31.909999999999997,3.0
53003,88,9,75,28.07,30.819999999999993,3.43
53005,91,6,75,32.22,28.75,2.86
53007,88,9,68,22.99,36.83,3.04
53009,84,16,60,20.32,60.74,2.97
53011,91,5,72,27.17,45.82,2.96
53013,87,8,75,27.35,31.489999999999995,3.33
53015,92,7,67,25.84,45.33,2.95
53017,90,8,83,29.58,30.78,3.17
53019,90,9,80,27.1,31.97,2.89
53021,88,9,81,31.05,31.489999999999995,3.11
53023,85,8,81,26.92,30.799999999999997,3.41
53025,89,9,81,30.79,30.28,3.15
53027,90,11,62,23.13,60.03,3.23
53029,81,21,60,20.98,64.1,1.91
53031,86,15,60,20.54,59.76,3.11
53033,88,9,64,22.78,49.87,2.98
53035,92,10,62,25.75,53.47,2.87
53037,89,7,77,24.95,35.870000000000005,3.37
53039,88,6,76,28.17,29.180000000000007,3.6
53041,90,8,62,24.62,44.94,3.0
53043,88,6,76,28.88,31.260000000000005,2.94
53045,91,11,60,25.01,55.1,2.92
53047,90,8,70,25.19,33.47,2.88
53049,94,11,68,23.86,62.02,3.79
53051,91,7,72,26.21,36.67,2.78
53053,88,9,61,22.68,47.99,2.85
53055,81,23,60,19.77,68.44,2.12
53057,76,17,60,18.01,53.65,2.36
53059,87,8,68,22.42,40.84,3.66
53061,79,14,60,19.64,53.25,2.56
53063,91,7,74,29.37,34.739999999999995,2.94
53065,92,8,73,28.75,33.790000000000006,2.8
53067,86,7,69,24.63,50.21,2.99
53069,93,9,71,25.22,55.02,3.28
53071,86,9,77,30.04,31.819999999999993,3.29
53073,80,14,60,18.68,49.11,2.54
53075,88,7,78,29.07,33.22,3.12
53077,88,9,74,26.19,34.08,3.46
54001,62,15,76,21.93,48.62,5.07
54003,68,18,70,25.06,45.47,2.89
54005,68,17,80,25.29,47.07,4.2
54007,67,14,80,25.5,44.88,3.62
54009,67,14,77,23.56,47.28,3.18
54011,63,16,84,24.72,46.44,3.42
54013,66,15,82,25.28,46.37,3.33
54015,60,12,82,23.21,44.56,4.54
54017,64,15,83,23.72,47.24,3.48
54019,67,21,79,23.65,51.46,4.03
54021,64,14,83,24.55,45.55,3.46
54023,63,17,77,21.72,48.16,3.65
54025,66,24,75,22.65,55.45,3.92
54027,63,15,73,22.8,45.0,3.59
54029,68,15,78,23.92,48.55,3.09
54031,62,16,79,22.38,45.09,4.11
54033,64,14,82,23.66,47.11,3.62
54035,63,15,82,24.57,46.49,3.35
54037,60,17,79,22.73,45.31,3.42
54039,63,13,81,24.24,45.25,3.97
54041,62,13,82,23.53,45.09,3.91
54043,63,10,81,24.64,42.69,3.41
54045,67,14,80,25.33,43.89,3.6
54047,65,16,77,24.23,44.83,3.33
54049,65,11,80,23.88,45.3,3.58
54051,66,17,81,23.55,48.47,4.12
54053,63,17,84,24.54,48.0,3.39
54055,66,20,72,23.26,47.97,3.29
54057,64,14,70,23.2,46.35,3.36
54059,63,11,81,24.49,41.64,3.54
54061,65,12,80,23.28,45.78,3.86
54063,63,19,73,22.61,51.13,3.54
54065,66,17,72,23.97,45.88,2.87
54067,62,21,80,22.01,52.78,4.97
54069,65,12,76,22.77,46.09,3.56
54071,63,19,74,21.2,48.07,4.5
54073,66,17,83,24.23,49.29,3.54
54075,62,22,75,19.69,52.98,5.04
54077,63,17,82,21.05,50.72,4.36
54079,63,14,84,24.5,45.82,3.6
54081,65,21,80,22.77,50.94,4.08
54083,62,21,78,19.65,51.13,4.86
54085,67,15,81,24.94,47.6,3.32
54087,65,15,83,25.11,46.5,3.43
54089,66,24,75,23.37,51.77,3.98
54091,62,15,81,22.54,47.98,4.36
54093,62,16,78,19.92,47.81,4.7
54095,65,13,79,23.92,46.59,3.55
54097,60,13,80,21.48,46.15,4.42
54099,64,12,83,24.94,44.14,3.56
54101,63,19,76,21.8,50.21,3.91
54103,65,15,82,23.87,47.27,3.9
54105,66,15,81,25.28,47.03,3.42
54107,66,17,82,24.83,48.4,3.6
54109,67,17,76,24.38,46.84,3.34
55001,84,9,76,26.97,44.87,3.61
55003,67,10,82,18.95,47.78,4.4
55005,76,10,81,23.73,45.72,4.18
55007,77,8,70,22.98,45.72,3.52
55009,87,15,77,26.84,51.36,3.97
55011,89,13,78,28.59,46.94,3.53
55013,77,11,83,23.96,45.72,3.96
55015,87,15,78,27.33,51.44,4.25
55017,91,13,72,28.41,47.58,3.59
55019,85,10,76,26.28,46.74,3.72
55021,84,11,77,27.15,47.7,3.81
55023,83,11,82,26.74,47.88,3.61
55025,82,10,78,26.46,47.99,3.88
55027,85,11,75,27.2,49.67,3.99
55029,85,14,75,24.31,51.66,4.85
55031,70,13,86,20.58,48.73,4.47
55033,86,11,76,27.39,46.32,3.48
55035,87,11,76,27.42,46.32,3.45
55037,75,12,78,21.89,47.56,4.01
55039,85,10,78,26.95,48.33,3.95
55041,78,11,81,22.58,47.49,4.33
55043,83,10,80,27.0,47.37,3.71
55045,81,10,80,26.35,49.39,3.98
55047,86,10,76,27.61,47.41,3.81
55049,85,11,77,26.99,49.03,3.65
55051,65,11,85,17.92,47.75,4.74
55053,84,10,78,26.8,45.98,3.74
55055,83,15,81,27.14,52.27,4.26
55057,84,9,76,26.98,45.01,3.74
55059,82,12,77,25.93,53.59,4.41
55061,89,13,67,26.19,51.96,4.27
55063,85,13,80,27.35,48.64,4.2
55065,81,10,80,26.37,48.05,3.96
55067,75,11,82,21.87,48.53,4.65
55069,77,15,82,22.68,51.04,4.42
55071,90,16,68,27.07,54.43,4.31
55073,81,10,77,24.6,46.94,3.97
55075,84,15,76,25.33,48.3,3.99
55077,84,10,76,27.03,46.83,3.7
55078,82,14,78,25.19,49.84,4.11
55079,82,13,81,25.7,51.46,4.8
55081,85,9,75,27.01,46.51,3.94
55083,86,14,77,26.28,48.71,3.81
55085,75,12,82,21.54,48.44,4.45
55087,85,12,78,26.59,49.22,3.88
55089,86,12,77,26.35,53.83,4.76
55091,87,11,77,28.07,45.67,3.44
55093,89,10,74,28.34,45.84,3.3
55095,78,11,81,24.44,46.9,3.97
55097,86,15,78,26.76,49.71,3.91
55099,77,17,84,22.43,51.86,4.7
55101,82,12,77,25.87,53.29,4.32
55103,80,12,81,25.85,48.87,3.75
55105,80,10,78,26.41,48.82,4.02
55107,73,11,83,22.4,46.29,4.39
55109,79,11,83,25.21,46.45,4.03
55111,84,12,80,26.72,49.18,3.93
55113,74,13,84,22.12,48.16,4.46
55115,86,14,78,26.44,50.46,3.95
55117,86,14,75,26.62,53.84,4.46
55119,77,14,80,23.06,49.99,4.33
55121,88,13,78,28.11,47.59,3.57
55123,81,9,78,25.8,47.24,3.94
55125,73,12,84,20.59,50.12,4.5
55127,78,11,83,25.89,50.41,4.39
55129,74,13,85,22.91,46.84,4.47
55131,84,12,81,26.51,52.49,4.38
55133,81,12,81,26.15,51.13,4.36
55135,83,13,78,26.12,49.41,4.05
55137,84,10,76,26.74,46.61,4.01
55139,83,11,79,26.26,48.57,4.02
55141,86,11,75,27.15,46.38,3.65
56001,81,11,73,23.52,29.11,4.32
56003,94,7,79,29.96,25.439999999999998,2.57
56005,87,8,81,29.47,27.730000000000004,3.29
56007,86,8,73,25.61,25.430000000000007,4.35
56009,85,11,78,28.21,28.25,3.72
56011,89,9,71,29.46,30.72,3.69
56013,90,6,81,26.36,25.209999999999994,3.57
56015,85,10,76,29.86,27.260000000000005,3.17
56017,92,7,83,28.74,24.33,3.51
56019,86,8,83,26.83,26.58,3.63
56021,85,11,77,27.45,28.409999999999997,3.63
56023,87,10,83,24.3,29.28,3.73
56025,85,8,77,27.44,24.180000000000007,4.05
56027,93,9,69,32.33,27.709999999999994,3.1
56029,92,8,73,24.04,29.64,3.76
56031,83,7,74,28.55,24.879999999999995,3.36
56033,90,6,72,28.08,26.159999999999997,3.36
56035,86,10,78,22.41,30.159999999999997,4.16
56037,85,9,82,26.49,24.930000000000007,3.65
56039,89,8,80,21.85,31.58,4.47
56041,90,9,78,26.51,25.769999999999996,3.41
56043,92,6,84,30.43,24.379999999999995,2.91
56045,94,11,73,32.38,30.209999999999994,3.04
