ID,Tem_percentile,RH_percentile,Wind_percentile,Tem_threshold,RH_threshold,Wind_threshold
01001,68,21,89,29.7,50.07,3.72
01003,72,26,75,30.56,54.96,3.64
01005,98,39,87,35.73,56.86,3.43
01007,68,20,90,29.35,50.12,3.89
01009,61,11,81,26.71,46.13,3.19
01011,94,36,82,34.26,56.69,3.03
01013,67,22,89,30.02,50.97,3.76
01015,65,21,90,27.86,51.32,3.88
01017,60,16,83,27.51,45.93,3.42
01019,66,8,83,27.76,45.3,3.24
01021,68,19,87,29.33,49.66,3.72
01023,69,20,89,30.37,49.44,3.73
01025,71,27,92,30.83,51.73,3.93
01027,60,14,86,26.34,47.52,3.15
01029,65,22,92,27.27,51.46,4.41
01031,98,40,87,35.54,57.46,3.55
01033,72,16,87,29.31,48.09,4.17
01035,84,36,87,32.34,57.18,3.51
01037,68,17,81,29.1,49.45,3.33
01039,96,36,78,34.9,55.86,3.07
01041,96,40,86,34.9,58.23,3.62
01043,61,7,83,26.79,43.4,3.36
01045,98,39,89,35.77,55.99,3.71
01047,66,22,89,29.56,50.72,3.62
01049,61,9,81,25.18,49.19,3.42
01051,68,22,84,29.51,51.03,3.27
01053,88,37,82,33.13,56.26,3.32
01055,60,14,88,26.31,48.49,3.87
01057,67,19,90,28.92,48.64,3.86
01059,71,17,87,28.88,49.09,4.11
01061,97,33,84,35.04,54.2,3.22
01063,68,19,90,29.69,49.96,3.79
01065,67,19,90,29.74,49.26,3.7
01067,98,34,86,35.78,54.88,3.55
01069,98,29,85,35.93,52.55,3.3
01071,60,9,86,25.21,47.48,4.27
01073,72,19,86,29.97,48.71,3.43
01075,70,12,80,29.63,45.55,3.37
01077,73,15,84,29.46,47.49,3.9
01079,67,14,88,28.23,47.41,3.62
01081,81,32,80,31.43,52.08,2.97
01083,67,13,86,27.84,47.4,3.61
01085,67,21,88,29.78,50.04,3.56
01087,92,38,83,33.88,55.98,3.01
01089,67,15,84,27.63,49.68,3.99
01091,64,19,91,29.26,49.54,3.74
01093,69,19,87,28.85,49.48,3.94
01095,61,8,84,26.26,45.48,3.67
01097,64,26,84,29.24,54.6,4.08
01099,65,26,92,29.68,52.34,4.04
01101,92,39,85,34.02,56.93,3.26
01103,63,9,85,27.0,45.42,3.63
01105,68,23,90,29.59,50.94,3.85
01107,67,16,89,29.37,48.46,3.69
01109,98,39,88,35.55,58.7,3.59
01111,60,14,86,26.74,45.45,3.67
01113,98,37,79,35.88,54.94,2.81
01115,60,15,90,26.84,47.84,4.18
01117,67,17,86,29.2,47.65,3.58
01119,67,20,91,29.67,50.2,3.96
01121,62,17,87,27.92,48.74,3.55
01123,69,23,82,29.37,51.66,3.15
01125,65,19,90,28.86,49.16,3.92
01127,61,8,85,27.48,42.41,3.48
01129,71,23,87,31.02,49.44,3.61
01131,72,24,92,30.8,50.91,3.93
01133,71,19,86,28.84,50.04,3.88
04001,90,2,93,30.16,14.489999999999995,4.54
04003,97,5,84,36.25,13.25,3.58
04005,96,2,84,33.43,13.950000000000003,3.87
04007,96,4,84,35.24,12.700000000000003,3.57
04009,97,3,87,36.06,12.950000000000003,3.47
04011,96,2,86,33.38,12.599999999999994,3.96
04012,96,6,88,42.57,13.810000000000002,3.44
04013,97,6,89,42.4,13.870000000000005,3.08
04015,93,2,92,36.75,11.019999999999996,4.28
04017,96,3,89,33.46,14.060000000000002,3.97
04019,96,6,87,39.79,13.780000000000001,3.65
04021,98,4,87,41.6,12.799999999999997,3.03
04023,97,6,84,35.77,13.969999999999999,3.84
04025,96,7,89,35.81,14.790000000000006,3.86
04027,97,7,81,43.16,15.86,2.97
05001,97,19,86,36.09,49.76,3.95
05003,94,25,80,35.1,52.56,3.47
05005,98,22,78,36.52,43.97,3.35
05007,99,3,79,36.68,35.05,3.82
05009,96,19,84,34.41,44.76,3.67
05011,96,24,80,35.84,51.57,3.53
05013,96,27,80,35.87,52.22,3.42
05015,97,11,82,34.86,41.63,4.0
05017,97,11,68,36.24,46.83,2.96
05019,99,21,74,37.87,49.3,3.09
05021,99,11,73,37.92,44.18,3.16
05023,99,14,74,37.62,43.96,3.51
05025,97,20,76,36.4,49.17,3.12
05027,81,17,83,32.43,49.37,3.52
05029,99,17,77,38.31,46.61,3.08
05031,87,6,79,33.2,41.46,3.35
05033,98,15,87,36.64,45.51,3.35
05035,92,7,77,33.98,43.43,3.4
05037,91,7,78,34.07,42.7,3.37
05039,98,12,67,36.81,44.85,2.85
05041,99,21,82,37.7,51.38,3.63
05043,96,19,80,35.79,50.15,3.41
05045,99,17,79,38.01,46.33,3.23
05047,98,9,82,36.71,43.19,3.53
05049,98,18,75,36.34,43.52,3.12
05051,95,26,88,35.42,50.72,4.08
05053,97,11,72,36.34,43.75,3.01
05055,99,11,72,37.94,44.17,3.33
05057,99,13,72,38.04,47.22,3.04
05059,99,16,70,37.74,46.04,3.02
05061,98,15,81,36.84,48.48,3.91
05063,95,3,70,35.42,34.61,3.2
05065,94,16,78,34.79,41.98,3.3
05067,93,12,78,34.76,44.73,3.45
05069,98,14,77,36.93,46.48,3.34
05071,99,15,82,36.95,47.07,4.17
05073,99,15,76,38.24,48.19,3.08
05075,88,3,76,33.55,36.39,3.31
05077,94,7,75,34.65,43.49,3.3
05079,98,15,79,37.19,47.58,3.34
05081,99,9,72,38.3,44.54,3.02
05083,98,12,81,37.51,45.52,3.15
05085,97,13,76,35.89,45.82,3.23
05087,98,12,82,34.87,43.95,4.23
05089,97,18,76,35.73,42.25,3.34
05091,99,15,76,38.21,47.94,3.19
05093,88,7,79,33.13,43.21,3.47
05095,96,7,77,35.44,42.84,3.32
05097,98,18,81,36.5,49.33,4.14
05099,97,20,81,36.56,50.04,3.32
05101,97,19,81,33.84,47.46,4.62
05103,76,12,87,31.36,45.29,4.01
05105,98,10,73,37.05,43.57,3.01
05107,96,7,73,35.41,43.85,3.23
05109,99,18,80,37.41,49.71,3.74
05111,91,6,80,34.17,41.75,3.43
05113,98,16,82,36.03,50.32,4.11
05115,97,22,88,36.04,49.77,4.13
05117,95,7,79,35.24,42.07,3.33
05119,97,12,74,36.19,44.75,3.01
05121,98,27,84,36.65,49.6,3.87
05123,93,8,77,34.36,43.98,3.35
05125,98,6,64,36.89,39.54,2.85
05127,99,16,81,37.91,47.52,3.87
05129,66,5,81,26.73,36.46,4.3
05131,97,8,84,36.89,41.33,3.28
05133,98,13,79,37.35,47.97,3.75
05135,97,25,82,36.22,46.63,3.39
05137,97,22,78,35.83,45.27,3.82
05139,75,18,86,31.44,49.31,3.87
05141,98,18,76,35.97,45.86,3.36
05143,98,8,82,35.41,41.39,4.01
05145,93,6,78,34.74,40.09,3.36
05147,90,5,79,33.97,40.31,3.44
05149,99,15,78,38.07,47.15,3.26
06001,93,7,86,30.42,36.45,3.59
06003,93,10,81,24.08,27.14,4.08
06005,95,3,78,34.48,25.67,2.46
06007,95,5,75,35.48,27.230000000000004,2.97
06009,99,3,74,37.74,26.590000000000003,2.67
06011,95,6,89,37.19,28.189999999999998,4.0
06013,95,4,93,33.5,32.33,3.9
06015,95,6,86,27.23,41.76,4.65
06017,94,4,78,31.51,25.75,2.56
06019,95,1,93,32.83,22.040000000000006,3.12
06021,91,5,91,34.85,27.239999999999995,4.81
06023,94,4,82,28.97,37.17,4.84
06025,93,3,85,42.12,13.689999999999998,2.96
06027,97,2,86,37.27,13.849999999999994,3.38
06029,92,5,86,35.85,21.11,3.47
06031,97,4,94,39.72,24.739999999999995,3.0
06033,92,7,89,33.62,25.89,4.06
06035,93,5,77,29.52,21.180000000000007,3.47
06037,98,9,69,35.26,27.430000000000007,2.59
06039,95,2,87,33.85,25.36,3.39
06041,97,3,88,28.34,42.26,5.47
06043,98,4,84,34.67,25.17,2.71
06045,94,6,89,31.48,32.91,5.97
06047,99,1,92,40.13,24.239999999999995,3.81
06049,91,6,80,29.05,25.120000000000005,3.19
06051,93,10,86,26.47,22.849999999999994,3.79
06053,96,2,88,32.8,27.17,3.68
06055,95,4,88,34.82,27.870000000000005,3.51
06057,94,3,73,30.88,23.560000000000002,2.87
06059,99,10,81,33.22,37.55,2.31
06061,94,4,76,31.26,26.049999999999997,2.92
06063,88,4,77,27.44,21.799999999999997,3.72
06065,98,4,79,40.84,16.5,2.94
06067,97,4,91,37.7,29.209999999999994,3.06
06069,98,6,86,36.64,26.379999999999995,3.36
06071,96,3,85,39.73,14.409999999999997,3.49
06073,99,7,70,36.45,26.209999999999994,2.46
06075,94,10,78,22.34,57.64,3.34
06077,97,2,91,37.77,26.67,3.42
06079,94,4,89,33.06,27.739999999999995,3.73
06081,96,6,79,28.16,43.77,4.01
06083,95,8,89,30.78,32.42,4.95
06085,96,1,87,33.21,23.239999999999995,3.95
06087,96,2,88,30.41,31.189999999999998,4.02
06089,90,6,82,32.17,24.939999999999998,3.25
06091,91,6,77,27.68,24.5,3.64
06093,89,7,75,28.85,28.42,3.02
06095,96,5,92,35.8,30.939999999999998,4.18
06097,98,5,91,32.37,38.16,5.48
06099,98,5,93,38.72,27.950000000000003,4.11
06101,95,7,83,37.44,31.159999999999997,2.75
06103,90,5,85,33.5,25.61,4.13
06105,93,4,75,31.45,24.83,3.15
06107,95,3,83,31.62,22.730000000000004,2.59
06109,98,3,75,30.29,22.819999999999993,2.8
06111,97,3,74,33.56,18.959999999999994,2.62
06113,93,3,87,36.56,25.83,2.96
06115,91,6,83,34.74,28.689999999999998,2.95
08001,98,1,92,34.78,17.040000000000006,3.32
08003,95,2,92,28.02,19.099999999999994,3.43
08005,98,1,95,34.08,17.180000000000007,4.03
08007,91,1,91,25.61,17.849999999999994,4.46
08009,97,7,91,35.92,23.11,4.67
08011,97,6,92,37.02,21.599999999999994,3.73
08013,95,1,84,27.37,18.650000000000006,4.43
08014,96,3,96,32.7,19.010000000000005,4.1
08015,91,2,87,21.28,21.049999999999997,5.23
08017,96,5,94,34.8,23.129999999999995,4.41
08019,92,3,93,19.72,23.349999999999994,4.9
08021,93,4,89,23.93,22.560000000000002,5.02
08023,96,2,90,26.13,20.069999999999993,4.31
08025,96,2,91,35.81,17.379999999999995,2.98
08027,93,3,93,24.36,20.620000000000005,5.17
08029,94,1,96,29.45,16.459999999999994,4.11
08031,98,2,95,34.01,18.08,3.85
08033,94,2,88,26.29,18.049999999999997,4.73
08035,96,1,92,30.08,17.790000000000006,4.09
08037,94,2,89,23.93,20.159999999999997,4.76
08039,98,2,94,32.67,19.959999999999994,4.17
08041,98,2,91,31.44,19.67,3.46
08043,93,4,97,27.51,21.25,5.4
08045,95,2,94,26.98,18.709999999999994,5.08
08047,92,1,92,22.39,18.870000000000005,4.59
08049,93,3,84,22.77,23.519999999999996,4.53
08051,95,2,88,23.71,20.14,4.45
08053,88,3,91,18.61,20.409999999999997,5.64
08055,96,4,93,28.83,20.370000000000005,3.9
08057,94,2,85,23.61,22.310000000000002,5.07
08059,95,1,93,28.04,18.36,3.86
08061,97,5,91,36.18,22.340000000000003,3.76
08063,97,4,90,34.75,22.879999999999995,4.18
08065,95,4,78,19.61,24.819999999999993,5.17
08067,95,2,86,27.18,18.950000000000003,3.91
08069,93,1,85,25.73,18.950000000000003,4.14
08071,95,2,89,31.85,17.950000000000003,3.67
08073,98,6,93,34.27,23.28,4.04
08075,99,6,90,36.31,24.78,3.96
08077,96,2,95,30.65,16.230000000000004,4.3
08079,87,4,91,19.13,21.42,5.52
08081,95,3,96,29.89,19.459999999999994,4.45
08083,96,1,90,31.03,16.159999999999997,3.99
08085,95,1,95,30.53,15.030000000000001,4.12
08087,99,3,90,36.51,20.900000000000006,3.3
08089,96,2,90,36.16,17.0,3.05
08091,94,2,94,24.2,17.980000000000004,4.68
08093,93,1,97,22.44,20.370000000000005,5.88
08095,99,6,89,36.7,26.290000000000006,4.14
08097,94,3,94,22.15,21.879999999999995,5.11
08099,98,7,91,37.33,24.400000000000006,4.06
08101,95,2,96,33.74,17.269999999999996,3.75
08103,95,2,94,28.76,18.33,5.15
08105,92,5,95,23.59,22.510000000000005,4.79
08107,94,3,92,25.52,21.0,4.57
08109,94,2,87,24.24,19.64,3.89
08111,92,4,83,18.07,20.879999999999995,4.86
08113,94,2,92,27.24,16.810000000000002,4.8
08115,97,8,92,35.53,27.879999999999995,4.36
08117,93,3,85,20.19,23.049999999999997,5.12
08119,94,4,97,23.73,22.939999999999998,5.12
08121,98,3,91,34.96,22.090000000000003,3.81
08123,96,2,92,33.42,19.810000000000002,3.37
08125,98,3,87,35.96,22.64,3.92
09001,67,14,89,22.39,44.18,4.87
09003,68,9,83,22.51,40.17,4.26
09005,70,12,85,22.13,43.69,4.66
09007,68,13,81,22.3,44.41,4.73
09009,71,16,84,23.64,45.44,4.68
09011,71,14,82,22.97,45.26,4.73
09013,72,12,82,22.88,43.23,4.44
09015,71,16,86,22.75,44.9,4.72
10001,73,17,76,26.84,47.16,4.18
10003,92,18,74,31.58,46.67,3.7
10005,62,15,86,23.56,48.15,5.13
11001,72,9,89,27.34,40.18,4.22
12001,99,18,93,36.27,51.32,3.95
12003,99,26,92,36.49,52.62,3.92
12005,88,37,77,32.36,58.45,3.48
12007,99,21,93,36.16,52.16,4.11
12009,93,18,80,33.12,58.86,3.94
12011,89,12,90,33.5,56.1,3.71
12013,99,33,93,36.41,54.06,4.24
12015,90,9,68,33.72,52.95,2.79
12017,97,18,72,34.55,56.41,3.2
12019,99,22,90,36.62,51.38,3.99
12021,90,19,81,33.98,60.18,3.16
12023,99,31,94,36.66,54.43,4.03
12027,94,5,73,34.48,46.42,2.86
12029,98,35,85,34.71,59.81,3.73
12031,99,24,75,36.13,53.81,3.23
12033,65,24,80,29.42,54.59,3.94
12035,85,13,92,32.71,50.48,3.64
12037,98,35,86,34.45,62.05,3.94
12039,99,31,90,36.24,55.1,3.54
12041,99,21,89,36.53,50.63,3.64
12043,94,17,85,34.38,55.38,3.23
12045,99,33,73,35.07,58.69,3.53
12047,98,31,87,35.95,53.78,3.47
12049,95,9,83,34.82,48.31,3.36
12051,94,7,81,34.56,49.94,2.82
12053,97,26,84,34.55,61.22,3.68
12055,93,19,92,34.54,54.56,3.8
12057,97,21,74,34.58,58.51,3.18
12059,99,38,90,36.23,56.27,3.67
12061,94,16,86,33.9,55.18,5.03
12063,99,34,90,36.42,55.46,3.46
12065,98,35,88,35.42,57.14,3.56
12067,99,34,94,36.31,55.67,4.44
12069,91,6,86,33.75,46.11,3.59
12071,73,3,79,32.42,48.35,3.42
12073,99,31,88,36.35,54.79,3.52
12075,96,14,73,34.43,52.27,3.3
12077,99,33,92,36.29,54.97,4.4
12079,98,38,92,35.74,56.84,3.71
12081,99,16,67,35.28,55.45,3.01
12083,99,24,91,36.26,53.84,3.88
12085,81,17,89,32.59,57.97,4.11
12086,82,16,85,32.57,61.23,3.72
12087,97,39,83,33.8,69.13,3.86
12089,98,31,80,35.73,55.73,3.77
12091,83,30,74,32.11,55.1,3.34
12093,95,15,79,34.38,54.2,3.33
12095,93,16,92,34.06,52.63,4.1
12097,94,14,90,34.42,51.86,3.93
12099,89,21,90,33.31,59.91,3.76
12101,98,21,80,34.98,58.85,3.5
12103,97,29,77,33.42,65.5,3.68
12105,97,7,80,35.29,46.38,3.19
12107,99,23,91,36.61,52.82,3.82
12109,98,25,85,35.2,54.92,3.64
12111,87,15,90,33.1,56.3,4.28
12113,63,24,78,29.08,53.75,3.67
12115,97,18,62,34.65,57.38,2.85
12117,93,17,87,34.06,52.15,4.11
12119,94,16,90,34.37,52.61,3.78
12121,99,33,93,36.73,54.35,3.87
12123,96,36,65,34.69,58.06,3.18
12125,99,24,92,36.46,52.41,3.87
12127,89,12,90,32.96,50.6,3.99
12129,99,34,89,36.13,58.53,3.64
12131,96,40,78,34.43,58.03,3.56
12133,99,38,90,36.27,55.58,3.88
13001,99,21,88,37.72,47.58,3.71
13003,98,25,88,36.69,49.27,3.91
13005,99,22,87,37.46,49.1,3.64
13007,98,32,88,36.26,54.57,3.75
13009,98,25,87,36.99,48.18,3.57
13011,94,34,89,33.2,51.83,3.74
13013,95,30,86,33.86,51.19,3.52
13015,77,20,79,29.69,50.13,3.08
13017,98,23,86,36.54,49.5,3.69
13019,97,23,82,35.9,48.79,3.4
13021,97,27,86,36.31,49.36,3.64
13023,98,16,87,37.07,44.82,3.8
13025,98,28,88,36.26,52.28,3.98
13027,98,34,84,36.0,54.42,3.31
13029,99,17,74,37.28,47.68,3.83
13031,99,13,84,38.22,44.34,3.6
13033,99,15,86,37.82,43.26,3.63
13035,96,34,82,34.98,53.17,3.25
13037,97,36,90,35.36,55.81,3.78
13039,98,26,75,35.44,55.37,3.77
13043,99,12,85,38.31,42.2,3.79
13045,61,14,86,26.51,46.19,3.7
13047,60,8,90,25.45,44.46,4.55
13049,98,25,90,36.59,51.16,4.03
13051,99,36,84,36.47,57.69,4.74
13053,97,38,84,35.54,55.2,3.31
13055,64,15,89,26.64,49.77,3.98
13057,73,24,83,28.39,48.18,3.37
13059,95,26,78,34.25,48.83,3.15
13061,98,35,85,35.78,55.33,3.38
13063,93,32,74,33.31,52.95,3.27
13065,98,29,94,36.46,52.44,4.18
13067,69,21,82,28.01,49.54,3.44
13069,98,20,87,36.81,47.0,3.85
13071,98,35,90,36.2,54.13,3.76
13073,97,28,85,36.05,47.82,3.35
13075,97,37,91,35.83,54.99,4.0
13077,71,19,75,29.33,48.36,3.33
13079,98,31,83,36.46,51.24,3.37
13081,98,24,82,36.93,49.66,3.36
13083,60,8,90,24.22,47.26,4.57
13085,76,19,86,28.06,47.16,3.64
13087,98,29,89,36.09,53.75,3.56
13089,92,33,78,32.66,53.49,3.28
13091,98,21,88,37.06,47.43,3.83
13093,97,27,89,36.33,50.61,3.74
13095,97,28,84,35.92,53.78,3.59
13097,92,33,77,32.47,54.64,3.21
13099,98,33,89,36.15,54.53,3.6
13101,98,35,92,36.13,54.79,3.84
13103,99,17,84,38.08,46.0,3.8
13105,97,29,82,35.24,49.47,3.22
13107,99,12,86,38.1,42.01,3.84
13109,99,14,84,38.03,44.22,3.6
13111,63,17,91,24.79,48.17,5.56
13113,93,30,74,33.25,53.62,3.32
13115,69,20,87,28.22,50.28,3.32
13117,75,18,80,28.56,46.21,3.11
13119,94,33,90,33.65,51.51,3.73
13121,70,11,70,28.37,43.49,2.97
13123,63,18,89,24.99,48.61,5.17
13125,98,25,84,36.45,48.08,3.44
13127,98,26,78,35.14,58.42,4.4
13129,77,16,76,29.75,49.09,3.05
13131,98,33,90,35.92,54.87,3.76
13133,98,31,80,36.31,50.64,3.34
13135,74,19,78,28.85,47.17,3.36
13137,71,17,87,27.16,44.21,4.43
13139,76,16,82,28.85,43.99,3.31
13141,98,25,83,36.44,48.29,3.42
13143,61,6,82,26.05,40.22,3.47
13145,91,37,80,33.32,53.89,3.36
13147,97,25,80,35.02,47.79,3.08
13149,62,9,77,27.62,41.83,3.36
13151,93,31,76,33.51,52.79,3.25
13153,98,25,85,36.92,48.9,3.48
13155,98,23,86,36.35,50.07,3.65
13157,93,35,88,33.24,52.48,3.64
13159,97,31,83,35.56,51.17,3.32
13161,99,22,88,37.75,48.07,3.63
13163,99,19,85,37.69,44.83,3.47
13165,99,11,86,38.23,41.69,3.77
13167,99,13,86,37.98,42.67,3.67
13169,98,29,85,36.57,49.9,3.45
13171,98,35,79,35.74,54.44,3.04
13173,97,21,81,35.93,47.8,3.25
13175,98,15,87,37.31,44.04,3.7
13177,97,21,84,35.86,50.25,3.45
13179,99,21,76,37.19,51.15,3.88
13181,98,25,81,36.64,47.47,3.15
13183,99,18,79,37.88,46.75,3.58
13185,98,37,92,36.17,55.01,3.9
13187,77,19,81,27.84,47.63,3.78
13189,98,28,82,36.38,49.58,3.2
13191,99,29,76,35.72,59.05,4.24
13193,97,31,86,36.15,51.79,3.61
13195,97,32,82,35.1,51.46,3.23
13197,97,39,87,35.4,55.1,3.55
13199,94,34,72,33.98,53.55,3.19
13201,98,30,89,36.38,53.63,3.5
13205,98,34,88,36.41,55.05,3.69
13207,97,30,82,35.81,50.89,3.25
13209,99,20,89,38.01,45.29,3.72
13211,94,26,81,34.2,48.95,3.19
13213,62,14,87,25.94,49.39,4.24
13215,98,39,80,36.16,54.37,3.33
13217,98,34,80,35.77,52.83,3.19
13219,97,32,81,35.43,51.14,3.28
13221,98,31,81,35.94,51.06,3.31
13223,71,22,80,28.38,51.25,3.22
13225,97,29,89,36.11,50.37,3.75
13227,77,18,80,28.32,47.28,3.64
13229,99,22,90,37.69,48.56,3.97
13231,98,36,73,35.44,55.5,3.16
13233,69,17,83,28.39,47.96,3.17
13235,98,24,87,37.05,48.84,3.73
13237,96,24,79,35.45,48.0,3.15
13239,97,38,86,35.48,55.92,3.38
13241,69,18,88,25.67,45.05,4.81
13243,97,38,87,35.65,55.83,3.45
13245,98,25,87,36.8,46.41,3.51
13247,93,35,80,33.4,53.59,3.29
13249,97,37,89,35.69,54.71,3.68
13251,99,10,84,38.29,41.89,3.51
13253,99,34,90,36.89,55.68,3.54
13255,94,30,75,33.5,53.7,3.18
13257,77,16,86,29.64,43.16,3.76
13259,97,36,82,35.46,54.96,3.03
13261,97,32,86,35.83,53.6,3.51
13263,92,37,81,33.82,53.76,3.37
13265,99,29,80,37.07,50.2,3.28
13267,98,23,92,36.95,47.78,4.13
13269,98,36,85,36.3,53.19,3.43
13271,99,19,86,37.79,46.12,3.57
13273,97,23,85,35.63,50.82,3.48
13275,98,36,89,35.94,54.77,3.63
13277,98,27,85,36.06,52.45,3.64
13279,99,21,87,38.1,45.74,3.66
13281,63,22,94,23.81,49.75,6.43
13283,99,13,86,38.05,42.33,3.6
13285,69,8,77,29.38,40.62,3.4
13287,98,26,82,36.09,51.81,3.5
13289,98,19,86,37.08,45.59,3.51
13291,64,22,93,24.34,49.9,5.37
13293,96,39,77,35.13,54.72,3.12
13295,60,8,89,24.94,45.9,4.62
13297,98,29,80,35.57,50.84,3.16
13299,98,25,93,36.71,50.58,4.18
13301,97,25,82,35.7,48.74,3.3
13303,99,21,85,37.47,46.86,3.57
13305,99,22,85,37.66,48.57,3.77
13307,97,38,88,35.5,55.65,3.48
13309,99,21,90,37.99,46.4,3.74
13311,79,19,80,28.19,46.17,3.89
13313,62,14,89,26.24,49.34,4.29
13315,98,25,87,36.77,49.76,3.79
13317,98,28,81,36.24,50.05,3.24
13319,98,23,86,37.32,47.0,3.65
13321,97,23,79,35.67,50.99,3.33
16001,95,6,83,34.58,23.159999999999997,3.58
16003,90,5,86,27.76,24.849999999999994,3.44
16005,97,4,88,31.35,24.769999999999996,4.29
16007,90,5,92,26.02,26.230000000000004,4.8
16009,90,3,90,27.67,30.260000000000005,4.73
16011,96,6,90,31.54,27.230000000000004,3.92
16013,92,6,90,28.29,25.53,4.34
16015,95,6,85,29.33,23.72,3.9
16017,96,2,80,28.9,32.45,3.54
16019,94,2,90,28.4,23.5,4.24
16021,97,2,76,27.45,33.2,3.26
16023,95,3,90,29.76,24.069999999999993,3.9
16025,96,4,82,28.79,23.599999999999994,3.76
16027,95,5,87,35.02,24.939999999999998,3.11
16029,97,5,87,29.02,26.42,4.6
16031,96,7,88,31.3,26.870000000000005,4.3
16033,94,4,95,27.4,26.480000000000004,4.75
16035,91,3,88,27.01,29.83,3.68
16037,95,7,84,25.45,27.269999999999996,4.38
16039,93,6,83,30.9,23.040000000000006,3.71
16041,97,5,92,30.9,25.510000000000005,3.82
16043,96,4,93,28.36,28.629999999999995,4.49
16045,94,5,92,32.39,23.319999999999993,3.69
16047,95,9,90,33.8,25.72,3.57
16049,91,4,82,26.06,29.799999999999997,3.45
16051,95,2,91,31.61,24.489999999999995,3.55
16053,94,7,90,33.3,26.069999999999993,3.7
16055,95,3,85,29.61,31.28,3.93
16057,90,2,95,28.01,28.58,4.51
16059,96,2,81,27.03,25.549999999999997,3.29
16061,92,2,93,28.38,26.459999999999994,3.3
16063,95,6,90,33.3,24.930000000000007,3.76
16065,95,2,88,29.62,24.370000000000005,4.39
16067,95,6,89,32.88,26.36,3.79
16069,90,2,94,29.3,23.97,4.09
16071,95,4,88,30.97,23.959999999999994,4.06
16073,95,5,78,32.26,22.629999999999995,3.2
16075,94,3,91,34.64,22.459999999999994,3.13
16077,96,4,90,32.12,24.72,4.21
16079,95,3,75,27.27,31.290000000000006,3.95
16081,96,4,87,28.12,27.299999999999997,4.59
16083,94,6,87,31.41,25.510000000000005,3.94
16085,94,4,81,26.0,25.299999999999997,3.95
16087,95,5,89,32.46,23.459999999999994,3.08
17001,98,7,88,34.92,43.08,4.29
17003,79,14,84,30.1,48.73,3.7
17005,99,6,82,36.38,42.65,4.19
17007,98,3,84,33.11,40.96,4.47
17009,98,10,88,34.99,45.56,4.45
17011,96,4,84,32.66,40.97,4.12
17013,98,5,85,35.64,41.13,4.05
17015,99,4,86,35.02,41.69,4.27
17017,98,7,85,34.98,43.29,4.34
17019,99,9,80,35.27,46.65,3.89
17021,98,6,84,34.67,42.95,4.33
17023,99,7,77,35.54,45.4,3.76
17025,99,8,74,36.37,44.8,3.63
17027,99,13,82,36.32,47.71,4.14
17029,98,10,80,34.51,46.58,4.03
17031,92,6,86,30.15,44.65,4.62
17033,99,10,79,35.79,48.11,3.6
17035,99,9,81,35.68,46.32,4.14
17037,98,5,83,33.15,42.78,4.5
17039,98,6,82,34.29,43.53,4.18
17041,98,6,80,34.77,43.46,3.97
17043,90,5,88,30.18,42.7,4.89
17045,99,6,80,35.32,45.31,3.96
17047,99,12,79,36.29,47.89,3.66
17049,99,10,81,36.05,46.98,4.16
17051,99,8,82,36.26,44.79,4.16
17053,99,7,81,35.15,45.33,4.11
17055,83,7,78,30.69,45.22,3.23
17057,98,10,91,34.7,46.01,4.89
17059,98,13,72,35.07,49.26,3.16
17061,99,4,85,36.69,40.69,4.19
17063,91,6,88,30.44,43.73,4.36
17065,97,11,75,34.59,48.1,3.29
17067,98,6,88,35.11,42.6,4.43
17069,69,11,91,27.4,47.51,4.67
17071,98,7,90,34.71,43.7,4.62
17073,99,3,84,35.68,39.8,4.19
17075,99,7,79,35.22,45.07,4.04
17077,60,9,94,24.47,45.95,4.54
17079,99,9,81,35.78,46.85,4.06
17081,99,6,70,36.25,43.55,3.19
17083,98,4,85,35.34,40.9,4.07
17085,99,3,89,34.7,40.99,4.46
17087,80,12,86,30.06,48.43,3.79
17089,98,5,84,33.2,43.62,4.59
17091,99,8,81,35.09,46.36,4.04
17093,93,5,86,30.89,42.81,4.29
17095,98,5,87,34.22,42.5,4.49
17097,87,6,92,27.8,46.55,5.72
17099,98,5,84,33.71,41.49,4.23
17101,98,9,80,34.78,46.82,3.67
17103,99,7,86,34.8,44.52,4.52
17105,98,4,81,34.02,42.09,3.94
17107,98,7,81,34.67,43.61,4.11
17109,98,7,85,34.75,44.92,4.37
17111,99,3,81,34.38,41.83,4.46
17113,99,6,80,35.67,43.8,4.26
17115,98,7,82,34.66,44.12,4.14
17117,98,4,84,35.24,40.59,4.26
17119,98,6,82,35.28,42.91,3.99
17121,99,6,71,36.36,42.68,3.5
17123,97,4,84,33.69,40.62,4.16
17125,97,5,82,34.23,41.32,4.19
17127,78,13,85,29.81,49.02,3.72
17129,98,2,82,34.7,37.6,4.21
17131,99,4,87,36.08,40.72,4.31
17133,98,3,77,35.55,39.23,3.38
17135,98,5,84,35.08,41.44,4.29
17137,97,4,83,34.11,40.93,4.23
17139,98,8,81,34.72,44.84,4.09
17141,98,6,87,33.27,44.56,4.7
17143,99,3,81,35.96,39.85,4.1
17145,98,17,76,35.36,49.15,3.25
17147,98,9,81,34.34,46.21,3.99
17149,98,4,84,35.09,40.53,4.09
17151,80,10,85,30.06,47.04,3.81
17153,78,14,84,29.87,49.62,3.68
17155,99,4,82,35.94,39.91,4.02
17157,84,12,77,31.33,45.29,3.35
17159,99,10,76,35.83,47.07,3.67
17161,99,3,86,35.87,38.84,4.17
17163,99,9,79,36.73,44.27,3.45
17165,80,11,79,30.21,48.01,3.43
17167,98,6,84,34.67,42.38,4.33
17169,98,9,88,34.9,45.37,4.54
17171,98,5,83,35.2,41.85,4.2
17173,98,8,80,34.78,44.75,4.07
17175,99,5,84,35.58,42.47,4.23
17177,99,4,87,34.35,43.04,4.59
17179,98,6,82,34.54,42.88,4.25
17181,78,13,84,29.74,48.18,3.62
17183,99,7,80,35.04,44.84,3.94
17185,98,12,79,35.05,48.37,3.52
17187,98,5,87,34.58,42.17,4.48
17189,97,5,74,34.45,41.88,3.49
17191,99,9,71,36.21,45.93,3.47
17193,97,7,71,34.58,46.16,3.2
17195,99,4,86,35.33,40.9,4.09
17197,91,5,86,30.34,43.66,4.32
17199,79,9,77,29.65,47.51,3.25
17201,99,4,84,34.33,42.33,4.45
17203,98,5,84,34.53,42.21,4.3
18001,99,8,83,34.3,46.37,4.22
18003,92,5,89,30.36,43.79,4.29
18005,91,20,86,30.82,53.16,4.29
18007,99,7,80,34.57,45.42,3.89
18009,95,7,85,31.01,46.64,4.34
18011,99,12,81,34.27,48.33,4.23
18013,84,5,78,29.05,44.59,3.69
18015,95,5,83,32.04,42.97,3.94
18017,91,4,81,30.25,42.34,4.1
18019,68,8,87,26.43,44.34,4.14
18021,98,4,78,33.96,43.22,3.74
18023,99,12,82,34.15,49.03,4.23
18025,70,9,88,26.8,45.64,4.34
18027,95,15,83,32.99,49.95,3.89
18029,95,7,75,31.78,45.65,3.2
18031,85,6,81,28.88,45.25,3.72
18033,91,8,88,30.03,46.89,4.11
18035,99,11,85,33.78,49.26,4.47
18037,72,9,90,27.17,45.72,4.48
18039,93,6,82,30.45,45.58,4.38
18041,99,6,81,33.78,44.83,3.9
18043,72,9,87,27.53,44.5,3.82
18045,94,7,82,31.72,45.1,4.08
18047,99,7,80,34.07,45.52,3.79
18049,99,11,84,34.16,49.2,4.48
18051,96,10,79,33.93,46.82,3.55
18053,95,6,84,31.38,45.43,4.36
18055,99,10,77,34.96,48.23,3.65
18057,99,9,81,34.05,47.44,4.16
18059,99,11,79,34.07,48.69,4.08
18061,73,9,90,27.72,45.17,4.33
18063,99,13,82,34.25,49.42,4.43
18065,99,12,80,33.53,49.71,4.32
18067,99,10,84,34.29,48.49,3.96
18069,95,5,84,31.56,43.97,4.44
18071,83,9,77,29.35,46.73,3.29
18073,95,5,80,31.77,43.74,3.86
18075,99,7,83,33.88,46.11,4.1
18077,66,6,90,25.02,45.35,4.8
18079,66,6,88,24.76,45.32,4.15
18081,99,13,81,34.21,50.26,4.21
18083,98,10,75,34.56,47.75,3.59
18085,89,5,83,28.98,44.21,4.47
18087,93,6,81,29.98,46.08,4.27
18089,94,5,81,31.22,44.71,4.11
18091,93,5,83,30.33,44.84,4.42
18093,69,7,87,26.06,45.48,4.03
18095,99,10,82,33.91,48.54,4.33
18097,99,10,81,34.1,47.74,4.22
18099,91,5,82,30.02,43.87,4.29
18101,71,7,90,26.86,45.15,4.39
18103,96,7,85,31.95,45.9,4.35
18105,99,10,77,34.74,48.56,3.53
18107,96,6,77,32.34,44.25,4.0
18109,99,10,81,34.42,48.23,4.27
18111,99,8,80,34.85,46.05,4.0
18113,92,5,81,29.83,44.84,4.25
18115,81,13,81,28.76,49.47,3.3
18117,69,8,89,26.24,45.54,4.63
18119,99,7,77,34.61,46.91,3.68
18121,98,6,79,34.21,43.79,3.92
18123,68,9,89,26.44,46.23,4.14
18125,97,12,78,33.93,47.86,3.51
18127,94,6,82,30.93,45.42,4.2
18129,97,7,71,34.38,45.25,3.16
18131,93,8,84,30.77,46.61,4.17
18133,98,9,79,33.62,47.33,4.07
18135,99,11,84,33.41,48.89,4.26
18137,72,7,83,25.82,47.03,3.52
18139,99,12,79,33.79,49.5,3.89
18141,95,10,83,31.12,48.39,4.62
18143,65,9,93,25.15,46.83,4.82
18145,99,14,80,34.3,50.69,4.05
18147,84,15,81,30.51,48.96,3.66
18149,95,10,83,31.62,47.89,4.14
18151,93,5,79,29.84,45.76,4.01
18153,98,7,77,34.29,46.3,3.75
18155,71,7,83,26.53,45.51,3.75
18157,95,6,83,31.93,44.03,4.13
18159,99,8,83,34.01,47.4,4.1
18161,99,5,69,33.88,43.26,3.38
18163,97,16,80,34.46,48.78,3.59
18165,98,11,81,34.29,48.14,3.98
18167,99,6,79,35.37,44.94,3.8
18169,96,7,84,31.82,46.24,4.42
18171,99,12,83,34.61,48.22,4.01
18173,99,16,79,35.62,49.13,3.58
18175,70,8,86,26.6,45.12,4.01
18177,99,6,71,33.49,45.01,3.79
18179,96,5,84,31.63,44.22,4.36
18181,99,5,80,34.54,43.31,3.91
18183,95,7,83,30.96,46.9,4.39
19001,98,8,91,34.65,40.95,5.03
19003,95,5,94,32.59,38.88,5.57
19005,98,4,89,32.51,40.92,4.61
19007,95,5,91,32.6,40.08,4.94
19009,99,8,91,35.74,41.69,5.11
19011,99,4,87,35.28,39.56,4.4
19013,98,4,86,33.4,39.48,4.3
19015,97,5,88,33.3,38.97,4.69
19017,97,3,87,32.36,38.23,4.89
19019,98,4,86,33.19,39.77,4.33
19021,98,7,92,33.19,39.6,5.03
19023,98,5,87,33.44,40.17,4.86
19025,97,4,87,33.24,36.42,4.81
19027,97,2,87,33.3,34.040000000000006,4.8
19029,99,8,92,36.1,41.13,5.2
19031,99,3,87,35.89,38.67,4.22
19033,96,3,87,31.55,37.93,4.83
19035,99,7,91,35.14,39.04,4.83
19037,97,4,90,32.1,39.82,5.16
19039,95,3,90,32.64,36.94,4.69
19041,98,7,93,33.22,41.01,5.31
19043,98,3,89,32.91,38.8,4.4
19045,99,3,86,35.34,39.26,4.19
19047,98,8,93,34.0,40.74,5.18
19049,98,7,90,34.23,41.31,4.36
19051,99,8,87,36.98,42.03,4.48
19053,96,5,92,33.27,38.95,4.75
19055,99,4,90,34.52,40.48,4.6
19057,99,5,86,36.26,41.26,4.19
19059,96,7,93,31.61,41.56,5.48
19061,99,3,89,34.49,39.59,4.56
19063,97,6,91,32.22,40.55,4.9
19065,97,3,89,31.98,38.48,4.88
19067,97,3,86,32.39,37.82,4.82
19069,95,3,89,31.44,37.26,4.73
19071,96,5,92,34.13,37.34,4.35
19073,98,3,87,34.42,35.230000000000004,4.79
19075,99,5,86,34.24,40.73,4.53
19077,97,6,88,33.6,40.02,4.56
19079,96,5,88,32.31,38.92,4.85
19081,96,4,89,31.77,38.24,4.92
19083,96,3,88,32.13,37.58,4.65
19085,99,9,94,36.51,40.96,5.35
19087,99,6,85,36.61,42.12,4.09
19089,98,3,86,32.3,38.88,4.76
19091,97,2,87,32.75,33.72,4.73
19093,99,8,93,35.26,39.81,5.16
19095,99,2,83,35.96,36.26,4.11
19097,99,3,89,35.09,39.86,4.47
19099,99,5,88,35.69,40.6,4.5
19101,99,4,85,36.88,39.41,4.18
19103,99,4,87,36.25,39.35,4.37
19105,99,3,88,35.32,38.69,4.6
19107,99,3,84,36.53,37.68,4.38
19109,96,5,90,31.9,38.61,4.87
19111,97,6,88,33.98,41.64,4.44
19113,99,4,88,35.47,39.54,4.55
19115,99,5,86,36.44,41.17,4.03
19117,99,4,88,36.54,38.44,4.45
19119,98,5,93,34.06,37.18,4.99
19121,99,5,89,36.53,38.86,4.72
19123,99,6,88,36.21,40.74,4.78
19125,99,6,89,36.25,40.5,4.46
19127,99,5,88,34.8,41.1,4.42
19129,98,7,92,35.14,39.4,4.71
19131,99,4,85,33.6,39.48,4.71
19133,98,5,92,34.95,36.45,4.98
19135,99,7,90,36.57,41.41,4.79
19137,99,10,93,36.52,42.25,5.14
19139,99,4,83,36.31,39.79,3.89
19141,98,6,92,33.5,39.13,4.8
19143,98,6,92,33.03,39.73,5.23
19145,97,4,91,34.2,37.77,4.75
19147,98,7,91,33.13,40.72,4.76
19149,98,7,93,34.55,38.05,5.09
19151,96,2,87,32.27,33.69,4.66
19153,99,3,86,35.82,37.39,4.21
19155,99,10,94,36.19,41.94,5.45
19157,99,5,88,35.6,41.15,4.69
19159,97,4,91,33.8,37.65,5.1
19161,97,8,92,32.94,40.89,5.14
19163,99,3,86,35.72,38.63,4.07
19165,99,9,92,35.65,41.93,5.19
19167,98,8,94,34.22,39.33,4.93
19169,99,6,88,34.73,41.79,4.69
19171,99,3,87,35.04,38.46,4.33
19173,99,5,90,36.72,38.86,5.09
19175,95,3,89,32.57,36.65,4.96
19177,99,3,83,36.97,37.67,3.93
19179,99,3,83,36.81,37.38,4.48
19181,99,4,87,36.23,38.56,4.27
19183,99,4,86,36.72,38.97,4.04
19185,96,5,92,33.08,39.59,4.89
19187,96,2,85,32.49,33.379999999999995,4.67
19189,96,3,89,31.62,36.97,4.95
19191,98,3,89,32.39,38.59,5.06
19193,98,6,93,34.69,37.47,5.17
19195,95,3,90,30.9,37.85,5.07
19197,97,4,88,32.42,38.14,4.84
20001,99,6,90,37.67,38.25,4.8
20003,97,4,89,35.79,35.72,4.93
20005,97,3,90,35.39,34.260000000000005,4.95
20007,97,6,92,38.4,31.53,5.14
20009,99,2,91,39.61,27.03,5.07
20011,97,2,91,36.08,34.06,4.74
20013,97,5,91,35.56,36.61,5.01
20015,99,5,89,38.69,34.2,5.38
20017,99,3,89,38.5,31.989999999999995,5.29
20019,99,1,81,39.0,28.870000000000005,4.05
20021,99,4,89,37.84,37.49,4.64
20023,98,4,91,36.4,25.17,4.37
20025,98,4,94,38.71,27.400000000000006,4.73
20027,99,2,93,39.19,30.099999999999994,4.77
20029,99,1,92,38.91,27.72,4.88
20031,99,4,88,37.8,35.370000000000005,5.03
20033,98,6,93,38.99,30.099999999999994,5.16
20035,97,4,87,37.57,33.55,4.46
20037,99,4,90,37.83,37.45,4.64
20039,98,4,90,37.25,28.189999999999998,4.65
20041,99,2,92,39.09,29.909999999999997,5.02
20043,98,6,89,35.83,38.51,4.47
20045,98,3,91,36.42,35.349999999999994,4.36
20047,99,2,87,39.37,25.689999999999998,4.81
20049,99,7,89,38.72,37.14,4.7
20051,99,4,93,39.33,29.260000000000005,5.25
20053,99,2,94,39.48,28.209999999999994,5.53
20055,98,6,94,37.59,27.760000000000005,5.38
20057,97,5,93,37.16,28.53,5.42
20059,97,4,90,35.81,35.59,4.86
20061,99,2,88,38.37,31.25,4.54
20063,97,6,96,36.68,29.349999999999994,5.22
20065,97,5,95,36.96,30.11,5.49
20067,99,8,91,38.9,26.67,4.46
20069,98,6,95,37.75,28.03,5.66
20071,97,7,93,36.31,25.97,4.63
20073,99,4,88,38.25,34.129999999999995,4.85
20075,97,6,92,37.06,24.349999999999994,4.46
20077,96,5,91,37.96,32.56999999999999,4.96
20079,99,4,89,39.22,32.93000000000001,4.97
20081,98,6,93,37.74,26.870000000000005,5.02
20083,98,6,94,38.05,29.519999999999996,5.52
20085,97,3,91,35.74,33.69,5.07
20087,98,3,93,36.35,35.040000000000006,4.92
20089,98,7,94,37.22,35.14,5.02
20091,97,3,91,35.21,35.099999999999994,4.76
20093,98,7,92,37.61,26.53,4.8
20095,98,5,90,38.77,32.33,5.43
20097,98,6,93,38.13,30.480000000000004,5.75
20099,99,1,88,38.37,31.540000000000006,4.68
20101,98,6,93,37.63,28.409999999999997,5.17
20103,97,2,90,35.38,33.33,4.71
20105,99,1,94,39.92,25.939999999999998,5.15
20107,97,2,89,35.81,33.72,4.63
20109,97,7,95,36.57,28.260000000000005,5.14
20111,99,4,89,37.94,34.91,4.92
20113,99,2,90,39.29,29.25,5.28
20115,99,3,90,38.63,32.11,5.5
20117,99,3,90,38.0,33.400000000000006,4.73
20119,97,6,96,37.72,28.060000000000002,5.5
20121,97,4,92,35.5,36.51,4.81
20123,98,4,92,38.16,31.730000000000004,4.73
20125,99,5,88,38.72,36.57,4.63
20127,99,3,90,38.25,33.209999999999994,5.2
20129,98,6,90,37.76,23.349999999999994,4.87
20131,97,5,92,35.62,36.01,5.11
20133,96,3,90,35.64,35.519999999999996,4.6
20135,98,4,91,38.17,27.799999999999997,4.93
20137,97,6,94,36.64,31.299999999999997,5.11
20139,97,3,90,35.73,34.45,4.78
20141,98,4,94,38.38,30.39,5.24
20143,99,2,95,39.75,28.97,4.9
20145,99,2,88,39.45,26.409999999999997,4.86
20147,97,7,95,36.97,33.010000000000005,4.98
20149,99,2,90,38.32,31.58,4.7
20151,99,4,90,39.82,29.08,5.51
20153,99,7,90,37.51,29.849999999999994,4.55
20155,99,3,89,39.45,30.769999999999996,5.05
20157,98,1,92,37.07,28.400000000000006,5.07
20159,99,2,90,39.37,28.569999999999993,5.39
20161,99,2,91,38.62,31.200000000000003,4.54
20163,99,4,90,39.15,29.340000000000003,4.79
20165,99,3,90,39.64,27.680000000000007,4.91
20167,99,1,92,39.43,25.159999999999997,5.27
20169,99,2,94,39.54,29.39,4.84
20171,98,7,96,37.58,28.209999999999994,5.65
20173,99,5,87,39.34,34.230000000000004,4.68
20175,98,6,96,38.16,26.930000000000007,5.39
20177,97,3,93,35.54,34.629999999999995,4.8
20179,97,5,93,36.67,28.769999999999996,5.19
20181,98,4,93,36.14,24.83,4.79
20183,99,7,94,38.99,33.64,4.92
20185,99,2,89,39.8,26.819999999999993,4.86
20187,98,6,92,37.86,23.939999999999998,4.72
20189,98,5,93,37.78,24.629999999999995,4.89
20191,99,4,87,39.78,33.489999999999995,4.57
20193,97,3,92,35.98,25.069999999999993,5.05
20195,99,3,91,38.76,27.599999999999994,4.65
20197,97,2,89,35.84,32.010000000000005,4.9
20199,98,6,93,36.85,25.450000000000003,5.04
20201,99,2,92,38.56,30.53,4.85
20203,99,6,92,37.92,26.379999999999995,4.93
20205,98,5,89,37.28,36.6,4.46
20207,99,5,89,37.96,36.55,4.62
20209,99,2,90,37.47,32.989999999999995,4.75
21001,60,8,93,24.42,45.0,4.56
21003,61,9,92,25.27,46.52,4.59
21005,68,11,88,26.36,46.72,4.11
21007,79,16,89,30.26,50.22,3.98
21009,61,9,93,25.35,45.7,4.32
21011,77,9,83,28.36,44.54,3.71
21013,70,11,85,25.91,45.34,3.99
21015,95,8,74,32.08,44.98,2.98
21017,71,7,77,26.79,44.43,3.6
21019,69,10,95,26.48,43.31,4.75
21021,78,11,81,28.48,47.12,3.64
21023,78,7,77,27.95,44.32,3.47
21025,75,11,88,27.87,42.41,3.82
21027,68,7,89,26.73,45.35,4.32
21029,69,8,88,27.44,42.45,3.98
21031,65,8,89,26.46,45.35,4.23
21033,76,8,83,29.74,44.3,4.02
21035,73,7,83,28.96,43.92,3.42
21037,95,8,78,32.2,45.17,3.67
21039,79,13,89,30.49,47.68,4.14
21041,67,8,89,25.89,44.94,4.58
21043,68,11,92,25.97,45.23,4.53
21045,60,8,92,23.97,45.15,4.23
21047,76,9,84,29.47,45.55,3.83
21049,77,11,82,28.29,46.59,3.59
21051,77,10,81,27.89,43.63,3.67
21053,66,5,83,26.23,42.03,3.54
21055,74,9,85,28.97,45.58,4.36
21057,71,13,90,27.9,47.14,4.23
21059,86,15,82,31.35,49.02,3.62
21061,67,9,87,27.15,45.58,3.89
21063,70,12,91,26.65,45.05,4.2
21065,70,9,87,26.95,43.52,3.92
21067,68,8,82,25.88,45.06,3.69
21069,63,9,92,24.34,44.79,4.6
21071,68,11,93,26.72,40.74,4.6
21073,67,8,88,25.82,45.63,4.5
21075,77,16,92,30.15,49.6,4.58
21077,70,6,85,26.41,43.78,3.54
21079,73,10,81,27.7,45.37,3.71
21081,83,8,72,29.54,44.64,3.2
21083,77,15,89,29.83,48.13,4.17
21085,66,7,90,26.42,44.78,4.55
21087,60,8,94,24.65,44.6,4.87
21089,68,12,97,26.07,45.26,5.47
21091,93,20,85,32.6,52.02,3.86
21093,70,7,89,27.24,43.55,4.23
21095,72,11,83,25.51,43.85,3.96
21097,77,8,76,28.26,44.76,3.44
21099,65,7,87,26.33,43.81,4.01
21101,79,10,84,29.95,45.25,3.77
21103,69,9,88,26.45,45.77,4.66
21105,78,14,91,30.24,48.39,4.77
21107,81,10,86,30.82,45.89,3.82
21109,68,10,87,25.58,45.34,4.19
21111,68,11,89,26.66,44.84,4.04
21113,77,11,82,28.33,46.32,3.7
21115,71,9,88,27.38,40.55,3.89
21117,95,8,76,32.16,45.04,3.34
21119,68,13,94,26.03,42.91,4.85
21121,72,10,86,27.16,43.86,4.02
21123,67,7,87,26.49,43.64,4.03
21125,72,11,86,27.06,45.11,3.87
21127,71,10,91,27.14,42.65,4.17
21129,71,9,85,27.08,42.82,3.81
21131,70,12,91,25.9,44.18,4.46
21133,63,11,95,24.18,41.42,5.35
21135,66,8,92,25.26,43.38,4.66
21137,60,7,93,23.87,44.11,4.53
21139,77,10,85,29.68,46.41,4.08
21141,62,7,88,25.48,45.16,4.02
21143,74,8,85,29.41,44.5,4.2
21145,77,13,89,29.79,48.3,3.95
21147,61,7,91,24.32,43.33,4.19
21149,99,9,77,36.2,45.82,3.32
21151,69,12,83,26.55,46.9,3.75
21153,69,11,91,26.56,42.69,4.21
21155,60,8,94,24.28,44.32,4.9
21157,75,8,85,29.66,44.34,3.75
21159,69,8,93,26.64,39.71,4.68
21161,96,7,76,32.55,43.87,3.47
21163,71,8,88,27.43,45.07,4.14
21165,76,8,84,27.93,42.91,3.57
21167,78,11,81,28.77,46.13,3.57
21169,60,8,94,24.62,45.38,4.82
21171,63,8,88,25.88,45.38,3.91
21173,76,10,83,28.08,45.57,3.67
21175,70,9,90,26.87,42.88,3.99
21177,79,9,83,30.09,46.18,3.6
21179,68,9,88,27.0,44.28,4.05
21181,71,6,78,26.76,43.31,3.5
21183,71,8,87,28.15,45.2,3.97
21185,68,11,90,26.44,46.38,4.65
21187,69,13,91,26.49,47.7,4.51
21189,72,11,86,27.15,44.06,3.93
21191,73,6,76,27.07,43.31,3.54
21193,72,9,86,26.83,41.03,3.91
21195,74,13,91,27.68,41.38,4.43
21197,76,9,83,28.19,43.54,3.52
21199,61,10,94,24.43,45.84,4.5
21201,73,7,78,27.13,43.81,3.26
21203,60,6,92,23.78,42.41,4.66
21205,65,7,92,25.27,41.86,4.44
21207,61,6,92,24.53,43.57,4.04
21209,81,7,72,29.05,44.3,3.47
21211,66,7,88,25.76,45.01,4.54
21213,61,10,97,25.16,47.7,5.39
21215,68,10,91,26.74,45.31,4.53
21217,65,8,87,25.83,45.09,4.17
21219,63,7,89,25.89,44.99,4.2
21221,76,10,84,29.62,45.9,3.75
21223,66,9,90,25.44,46.18,4.94
21225,74,9,84,28.82,45.67,3.75
21227,61,7,90,25.3,45.13,4.23
21229,66,10,90,26.14,45.72,4.18
21231,67,5,82,26.27,42.1,3.44
21233,79,8,85,30.33,44.3,3.82
21235,70,9,86,26.75,43.92,4.0
21237,72,8,86,27.12,42.02,3.65
21239,77,12,81,28.28,47.18,3.74
22001,96,37,80,34.76,62.39,3.22
22003,98,35,82,35.93,60.45,3.58
22005,66,21,88,30.2,54.54,3.18
22007,80,30,83,32.13,58.52,2.96
22009,98,31,73,36.01,58.09,3.06
22011,98,36,89,35.94,60.53,4.0
22013,99,21,74,37.67,51.44,3.26
22015,99,12,73,38.07,46.18,3.18
22017,98,16,76,37.41,47.89,3.43
22019,97,39,86,34.71,63.96,3.35
22021,97,30,75,36.12,54.86,3.34
22023,68,13,68,30.06,56.02,3.04
22025,98,23,76,36.41,53.28,3.16
22027,99,17,73,37.56,51.25,3.1
22029,99,19,74,36.99,51.88,3.08
22031,99,16,74,37.81,48.16,3.17
22033,70,23,92,30.73,54.66,3.93
22035,99,9,64,37.31,46.5,2.75
22037,93,40,85,33.89,60.91,3.71
22039,99,23,81,36.98,55.87,3.52
22041,99,17,69,37.64,50.08,2.88
22043,70,26,92,30.94,54.53,4.3
22045,63,35,91,29.08,63.66,4.21
22047,83,31,78,32.46,59.0,2.73
22049,98,26,76,37.12,52.83,3.47
22051,67,27,82,29.99,61.13,3.36
22053,85,32,89,32.87,61.11,3.54
22055,84,31,90,32.59,60.21,3.66
22057,70,27,81,30.29,60.64,3.41
22059,98,23,74,36.57,53.43,3.08
22061,98,23,76,37.12,52.35,3.33
22063,94,37,80,34.23,60.52,3.17
22065,99,12,64,37.13,48.12,2.68
22067,79,21,87,32.31,51.71,3.81
22069,98,24,73,36.88,52.98,3.19
22071,68,23,80,30.39,58.77,3.6
22073,96,32,82,35.94,55.57,3.53
22075,81,27,83,31.09,66.9,4.53
22077,74,22,93,31.17,55.18,3.93
22079,99,26,72,37.21,55.98,3.25
22081,99,20,74,37.75,50.45,3.1
22083,99,19,70,37.4,51.39,2.89
22085,98,24,80,36.69,52.9,3.65
22087,67,27,88,29.6,64.13,4.56
22089,70,21,82,30.56,56.22,2.95
22091,96,37,79,34.92,59.42,3.38
22093,76,21,79,31.64,54.92,2.69
22095,72,23,81,30.82,57.74,2.9
22097,87,33,89,33.27,59.54,3.8
22099,84,31,80,32.44,60.01,2.91
22101,72,36,86,30.28,63.21,3.83
22103,96,39,79,34.49,63.51,3.67
22105,94,33,79,34.4,59.36,3.25
22107,99,12,65,37.26,47.33,2.71
22109,66,31,87,29.42,62.98,4.3
22111,88,32,85,33.98,55.25,3.64
22113,95,38,75,33.56,64.92,3.33
22115,98,35,85,36.32,58.41,4.01
22117,96,35,86,35.06,58.18,3.83
22119,99,13,74,37.85,47.83,3.28
22121,73,22,93,31.21,54.54,3.99
22123,99,8,64,37.58,45.49,2.76
22125,95,33,75,34.38,58.89,3.17
22127,72,27,93,31.31,53.7,4.55
23001,83,12,75,25.0,42.68,3.81
23003,88,6,75,24.31,43.41,3.97
23005,82,27,75,24.31,51.72,4.39
23007,73,10,78,19.29,44.55,4.56
23009,89,19,65,25.66,47.93,3.98
23011,88,22,82,26.53,45.98,3.88
23013,85,28,69,23.34,53.87,4.42
23015,86,23,65,24.53,51.81,3.92
23017,79,7,70,22.22,43.52,4.24
23019,83,16,79,24.07,44.97,4.43
23021,80,20,84,21.88,47.2,4.81
23023,74,16,72,21.56,48.12,4.14
23025,80,13,76,21.61,45.9,4.49
23027,85,21,80,24.78,48.65,4.63
23029,83,22,75,23.62,50.6,4.79
23031,84,23,76,25.65,48.95,4.47
24001,83,10,82,28.02,44.05,3.63
24003,89,26,77,31.35,48.74,3.48
24005,71,18,92,26.4,44.87,4.53
24009,63,7,80,24.07,42.25,3.64
24011,74,10,78,27.83,43.23,3.62
24013,80,13,78,28.33,44.92,3.67
24015,93,18,72,32.49,45.02,3.54
24017,76,10,88,28.19,40.13,4.12
24019,71,12,69,27.05,46.54,3.01
24021,82,12,81,28.95,45.3,3.44
24023,70,8,93,22.02,45.54,5.75
24025,91,19,69,31.84,45.2,3.22
24027,69,12,87,25.8,42.92,4.07
24029,70,14,85,26.46,43.91,4.14
24031,76,12,85,27.58,43.28,3.87
24033,70,11,86,26.59,42.11,3.99
24035,70,17,83,26.6,46.02,3.78
24037,60,10,83,23.16,44.29,4.13
24039,69,19,79,26.27,50.78,3.69
24041,77,20,75,28.5,48.3,2.97
24043,81,12,83,28.74,42.59,3.43
24045,61,8,83,24.03,44.59,4.36
24047,65,16,80,24.43,51.21,4.49
24510,67,10,83,25.66,37.34,3.71
25001,65,27,84,18.85,58.98,5.76
25003,66,10,85,19.44,45.98,4.44
25005,92,23,70,28.73,49.92,4.38
25007,63,20,80,18.82,56.3,5.22
25009,62,9,81,19.35,43.64,4.55
25011,64,4,83,19.74,38.25,5.03
25013,65,11,90,20.75,43.18,4.83
25015,66,4,81,20.81,37.46,4.34
25017,67,9,84,21.79,40.24,4.28
25019,60,16,82,16.34,56.43,6.03
25021,72,12,84,23.39,42.78,4.48
25023,91,22,72,28.16,50.37,4.28
25025,69,12,88,21.95,43.45,5.04
25027,80,17,80,24.92,45.52,3.97
26001,91,6,92,28.0,43.86,5.55
26003,91,7,87,26.76,47.48,5.41
26005,86,6,87,27.63,47.62,5.09
26007,93,10,94,28.11,50.94,6.21
26009,96,8,89,29.58,47.36,5.4
26011,95,5,83,29.59,45.29,4.09
26013,84,2,89,24.53,36.51,5.31
26015,96,5,83,31.24,44.64,4.51
26017,98,4,84,32.05,44.21,3.95
26019,97,6,83,29.88,46.82,4.86
26021,95,11,85,30.84,51.73,5.13
26023,86,3,82,27.92,42.77,4.31
26025,96,7,83,31.06,47.16,4.41
26027,94,11,83,30.61,49.83,4.53
26029,93,16,89,27.09,54.28,5.55
26031,95,5,83,28.86,45.29,5.12
26033,90,10,88,25.11,50.04,4.84
26035,96,6,86,30.12,44.23,4.59
26037,99,5,79,33.64,44.67,4.21
26039,86,5,95,26.17,42.72,5.65
26041,97,5,82,28.59,46.47,4.46
26043,88,11,86,26.14,46.8,4.16
26045,97,13,89,31.45,51.77,4.82
26047,92,9,84,26.48,50.8,5.01
26049,94,5,84,29.92,44.37,4.4
26051,97,5,81,31.4,42.58,3.96
26053,84,3,88,24.09,40.03,4.81
26055,97,4,86,30.18,42.48,5.06
26057,96,3,86,31.27,42.39,4.34
26059,99,16,88,33.21,52.88,4.75
26061,87,2,85,24.85,38.48,5.1
26063,94,3,84,29.28,46.75,4.79
26065,99,5,90,33.18,44.88,4.9
26067,99,5,81,33.6,44.36,4.33
26069,95,6,86,29.68,43.72,4.94
26071,83,2,84,24.12,37.01,4.19
26073,97,5,86,31.6,43.78,4.3
26075,97,10,90,31.32,49.28,4.86
26077,90,6,82,29.39,44.42,4.44
26079,96,9,88,29.5,47.56,4.93
26081,99,6,82,33.36,45.18,4.38
26083,93,6,86,24.41,47.05,5.7
26085,98,7,89,31.81,46.6,5.59
26087,98,9,88,32.28,48.66,4.8
26089,94,10,84,27.74,52.7,5.0
26091,97,13,89,32.04,49.9,4.68
26093,96,5,83,30.7,44.62,4.45
26095,90,8,86,25.86,51.6,4.85
26097,89,9,77,24.51,50.11,4.17
26099,99,8,79,33.42,46.95,3.8
26101,98,7,84,31.05,47.45,5.47
26103,84,2,89,24.27,37.56,5.14
26105,97,7,88,30.48,47.52,5.69
26107,98,7,85,31.85,46.54,4.42
26109,99,5,79,32.01,42.54,4.05
26111,97,4,84,32.01,42.3,3.85
26113,96,8,90,29.72,46.25,5.06
26115,94,12,92,30.99,49.49,4.96
26117,98,6,85,32.43,45.22,4.49
26119,91,6,92,28.18,42.66,5.7
26121,88,9,89,26.92,49.93,5.84
26123,97,5,82,31.24,44.44,4.64
26125,98,12,91,32.09,49.32,4.94
26127,87,9,91,26.85,50.14,6.22
26129,91,8,89,28.23,45.38,4.66
26131,94,6,83,27.71,43.6,4.65
26133,96,4,88,29.82,42.5,4.87
26135,91,8,94,28.08,45.46,5.62
26137,93,6,93,28.53,42.35,5.95
26139,83,8,89,26.45,48.51,5.17
26141,92,5,88,27.74,46.1,5.72
26143,91,10,93,27.72,47.81,5.28
26145,97,5,86,32.04,44.06,4.08
26147,95,13,92,30.25,52.92,5.12
26149,89,4,82,29.1,42.93,4.33
26151,92,4,86,29.03,45.72,4.95
26153,94,10,78,27.25,51.58,4.37
26155,98,5,80,32.26,44.57,4.26
26157,98,6,81,32.69,45.91,4.17
26159,86,6,82,27.78,47.83,4.79
26161,98,12,90,32.43,50.41,4.98
26163,98,12,91,32.63,48.51,4.82
26165,97,6,89,30.04,45.19,5.38
27001,85,2,94,25.5,33.59,5.15
27003,99,7,89,33.88,41.93,4.3
27005,90,4,96,27.53,36.27,5.56
27007,93,2,89,28.25,33.25,4.66
27009,98,8,91,32.52,42.07,5.15
27011,94,6,95,31.05,37.97,5.39
27013,98,8,92,33.26,41.3,4.87
27015,96,6,91,32.04,39.25,4.81
27017,88,7,95,26.38,41.4,5.44
27019,99,3,84,34.04,36.5,3.97
27021,90,2,89,27.17,32.81999999999999,4.59
27023,98,8,93,33.57,40.04,5.18
27025,99,5,88,33.51,40.3,4.62
27027,94,3,92,30.66,33.45,4.78
27029,92,3,91,27.93,34.31,5.1
27031,92,2,82,24.95,33.790000000000006,4.63
27033,98,8,93,33.06,41.74,5.59
27035,86,6,94,26.31,38.82,5.26
27037,99,4,88,33.87,38.14,4.23
27039,98,6,90,32.63,42.86,5.22
27041,99,10,94,33.39,44.43,5.13
27043,99,6,88,33.71,40.4,4.88
27045,99,2,86,33.36,36.66,4.8
27047,99,4,86,33.58,39.35,4.77
27049,99,5,88,33.81,40.74,4.39
27051,93,5,95,30.15,36.89,5.35
27053,99,10,92,33.94,43.77,4.6
27055,98,2,89,32.41,37.57,4.8
27057,88,4,96,26.48,36.34,5.94
27059,94,4,92,29.81,38.15,4.75
27061,92,2,88,27.32,33.129999999999995,4.67
27063,96,4,91,31.64,37.29,5.33
27065,91,4,92,28.21,38.67,5.03
27067,92,6,94,29.8,39.42,5.38
27069,97,2,89,31.55,32.31999999999999,4.32
27071,95,2,90,28.88,32.84,4.84
27073,92,6,97,30.75,37.72,5.92
27075,88,2,91,24.88,34.06999999999999,5.37
27077,97,1,92,30.52,30.879999999999995,4.98
27079,99,8,93,33.99,41.95,4.76
27081,98,9,96,32.89,41.19,5.73
27083,98,8,94,33.29,39.75,5.18
27085,99,8,92,34.03,42.52,4.53
27087,93,4,93,28.95,35.480000000000004,5.2
27089,97,2,91,31.85,31.67,4.84
27091,92,4,95,29.8,37.76,5.67
27093,91,7,95,29.52,40.66,5.14
27095,89,6,94,27.47,40.49,5.28
27097,91,7,94,28.68,41.06,5.24
27099,99,4,86,33.31,40.21,4.79
27101,98,7,94,32.96,39.92,5.56
27103,98,8,93,33.35,41.23,4.63
27105,98,5,90,33.0,37.81,5.3
27107,96,2,93,31.88,30.959999999999994,4.81
27109,98,3,86,32.49,38.71,4.44
27111,92,4,94,28.83,37.14,4.93
27113,97,1,91,31.77,28.349999999999994,4.75
27115,89,4,91,27.18,38.55,4.87
27117,98,7,92,33.01,39.38,5.06
27119,96,3,93,31.19,33.89,4.91
27121,91,5,95,28.97,38.16,5.38
27123,98,4,87,33.23,36.81,4.13
27125,96,3,93,31.07,33.33,4.92
27127,96,6,89,32.1,38.56,4.67
27129,93,4,91,30.64,36.59,4.55
27131,99,4,88,33.83,39.32,4.8
27133,98,6,93,33.59,37.77,5.44
27135,96,1,88,30.11,31.03,4.43
27137,87,2,90,25.19,34.3,4.81
27139,99,7,92,33.9,41.54,4.58
27141,99,8,91,33.86,41.77,4.9
27143,99,9,92,34.23,42.89,4.49
27145,92,9,94,29.46,43.11,5.22
27147,98,8,92,32.85,43.38,5.42
27149,93,6,95,29.97,39.88,5.43
27151,99,7,93,34.58,39.84,5.16
27153,88,5,96,27.56,39.79,5.69
27155,93,5,95,30.97,35.94,5.21
27157,98,3,89,33.02,37.75,4.4
27159,89,5,96,27.15,39.97,5.06
27161,98,7,91,32.73,41.94,4.85
27163,99,4,87,33.84,38.33,4.12
27165,94,6,93,31.05,39.57,5.49
27167,93,2,94,30.64,31.150000000000006,4.92
27169,98,2,89,32.51,36.18,4.5
27171,99,10,91,33.91,44.44,4.93
27173,98,8,94,33.67,40.4,5.22
28001,74,27,97,31.19,53.4,5.16
28003,71,15,85,29.44,47.73,4.05
28005,94,38,87,34.21,59.42,4.05
28007,67,25,93,29.42,52.55,4.59
28009,71,12,83,29.19,46.9,4.01
28011,99,28,83,37.4,54.45,3.56
28013,67,8,78,29.1,44.0,3.36
28015,72,18,83,30.15,49.79,3.71
28017,67,10,80,28.89,46.68,3.32
28019,70,21,89,29.78,51.89,4.01
28021,69,23,92,30.43,52.11,4.18
28023,69,19,90,30.22,49.25,4.0
28025,67,9,82,29.34,45.1,3.19
28027,96,8,74,35.36,45.01,3.19
28029,76,27,89,31.6,53.71,4.0
28031,71,19,86,30.39,50.31,3.53
28033,90,26,87,33.25,52.93,4.22
28035,74,26,87,31.42,51.49,3.75
28037,70,25,91,30.69,53.25,4.38
28039,68,27,88,30.61,51.12,3.99
28041,71,23,87,31.01,50.18,3.66
28043,71,14,83,29.94,47.95,3.61
28045,96,37,80,34.4,63.11,3.88
28047,94,40,76,33.72,64.14,3.97
28049,67,23,91,29.97,52.0,4.19
28051,72,15,84,30.46,48.41,3.73
28053,74,6,81,31.51,43.93,3.33
28055,76,9,80,31.52,46.71,3.4
28057,71,9,81,29.87,43.68,3.42
28059,70,26,79,29.96,59.01,3.9
28061,69,20,88,30.05,50.29,3.76
28063,68,26,93,30.31,53.13,4.56
28065,73,21,86,30.95,52.1,3.57
28067,68,19,87,30.14,48.88,3.56
28069,67,16,89,29.57,47.63,3.76
28071,68,11,82,29.03,46.49,3.62
28073,75,25,86,31.5,52.74,3.69
28075,69,19,88,30.15,49.4,3.81
28077,77,29,86,31.79,54.97,3.82
28079,67,17,84,29.66,48.06,3.58
28081,67,6,80,29.14,42.18,3.42
28083,73,16,88,30.9,49.54,3.79
28085,94,38,86,34.42,58.63,3.86
28087,69,14,84,29.95,47.22,3.29
28089,67,21,90,29.84,50.8,4.15
28091,80,31,86,32.28,56.36,3.68
28093,64,10,85,27.59,46.22,3.99
28095,66,8,81,29.04,43.94,3.29
28097,71,23,88,29.55,52.16,4.13
28099,66,18,88,29.19,48.29,3.77
28101,67,22,88,29.53,50.7,3.83
28103,69,21,90,29.93,51.01,3.78
28105,69,20,88,29.75,51.11,3.57
28107,72,12,84,29.92,47.05,3.7
28109,97,36,86,35.28,59.07,3.92
28111,77,27,85,32.08,51.2,3.56
28113,95,36,86,34.54,58.74,3.94
28115,66,8,82,28.47,45.1,3.57
28117,70,9,78,29.06,45.09,3.55
28119,73,12,84,30.53,46.96,3.67
28121,66,23,89,29.78,51.33,3.98
28123,66,18,87,29.68,48.41,3.8
28125,76,8,79,31.68,46.08,3.3
28127,72,23,86,30.7,52.39,3.8
28129,70,21,86,30.31,51.07,3.8
28131,97,37,77,35.36,56.37,3.51
28133,75,13,82,31.34,48.28,3.4
28135,83,14,82,32.4,48.05,3.68
28137,70,12,84,29.15,47.46,3.86
28139,76,12,82,30.11,46.97,4.04
28141,72,10,79,29.38,45.01,3.6
28143,89,21,83,33.41,51.24,3.77
28145,69,13,83,29.14,47.25,3.87
28147,95,37,85,34.58,58.88,3.89
28149,70,19,91,30.63,50.85,4.13
28151,75,5,81,31.44,43.36,3.45
28153,76,24,87,31.54,50.97,3.52
28155,70,21,87,29.82,50.71,3.79
28157,99,23,68,36.41,53.94,3.02
28159,68,22,90,29.38,52.08,4.01
28161,72,15,82,29.97,47.91,3.59
28163,78,21,82,31.8,51.52,3.5
29001,96,5,90,33.62,40.01,4.83
29003,98,6,91,35.52,39.44,4.54
29005,97,6,94,34.72,38.85,4.8
29007,99,3,82,37.2,37.74,4.14
29009,99,7,84,36.1,40.39,3.98
29011,99,3,91,37.43,36.81,4.76
29013,98,2,89,36.59,34.06999999999999,4.62
29015,99,2,91,37.34,34.650000000000006,4.64
29017,76,18,86,29.18,47.83,4.14
29019,99,1,84,36.89,33.58,4.23
29021,97,5,89,34.85,37.72,4.58
29023,98,9,72,36.22,42.41,3.06
29025,98,2,90,35.38,35.2,4.65
29027,99,3,76,36.63,37.3,3.7
29029,99,1,84,36.81,30.700000000000003,3.98
29031,72,15,92,28.62,48.0,4.59
29033,98,2,92,35.63,35.36,4.6
29035,98,18,75,35.98,44.46,3.25
29037,98,2,90,36.35,34.620000000000005,4.71
29039,99,3,91,37.2,36.83,4.53
29041,99,3,90,36.82,37.48,4.13
29043,98,14,82,35.07,44.96,4.16
29045,98,6,87,35.37,41.71,4.2
29047,98,2,90,35.49,34.370000000000005,4.68
29049,97,6,89,34.41,39.23,4.51
29051,99,2,86,36.85,34.16,3.95
29053,99,1,87,36.63,33.11,4.08
29055,99,8,79,36.41,39.3,3.65
29057,99,4,90,37.14,38.33,4.54
29059,99,1,83,36.31,32.510000000000005,4.01
29061,98,3,92,35.37,36.52,4.85
29063,98,4,90,35.21,37.74,4.62
29065,98,12,80,35.17,41.74,3.9
29067,98,16,82,35.52,44.9,3.97
29069,98,15,78,36.39,47.39,3.29
29071,99,8,78,36.7,41.11,3.55
29073,98,8,80,35.49,40.56,3.78
29075,98,5,92,35.35,38.75,4.7
29077,99,1,79,36.26,33.11,4.03
29079,99,3,91,37.1,36.03,4.73
29081,95,4,95,33.15,37.32,5.18
29083,99,3,91,37.59,36.53,4.81
29085,99,3,90,36.9,36.47,4.39
29087,98,5,91,35.72,37.92,4.57
29089,99,3,88,36.68,37.4,4.19
29091,61,9,93,24.86,40.18,4.58
29093,72,15,92,27.62,43.3,5.09
29095,98,3,95,35.99,35.25,5.35
29097,99,4,87,37.31,37.48,4.68
29099,98,6,79,35.63,40.74,3.54
29101,98,1,91,36.01,32.44,4.9
29103,98,6,88,35.56,40.86,4.67
29105,99,3,80,36.33,35.349999999999994,3.81
29107,98,1,91,35.69,32.790000000000006,4.58
29109,99,1,80,36.55,32.94,3.93
29111,97,7,86,34.49,42.44,4.28
29113,98,6,88,35.84,41.44,4.41
29115,99,4,89,36.97,38.11,4.58
29117,97,3,92,34.71,37.34,5.0
29119,99,5,87,36.79,38.1,4.27
29121,97,4,87,34.9,38.29,4.64
29123,71,21,94,27.62,46.95,5.44
29125,99,4,81,36.28,37.03,3.47
29127,95,3,87,33.6,38.55,4.13
29129,96,4,96,33.58,37.14,5.19
29131,99,5,87,36.88,36.99,4.05
29133,77,12,90,30.1,48.38,4.38
29135,99,2,86,36.92,34.3,4.2
29137,99,4,87,37.41,38.66,4.22
29139,99,7,79,37.24,41.15,4.14
29141,99,3,87,36.74,35.25,4.22
29143,88,10,75,32.67,46.6,3.26
29145,99,4,85,36.88,37.66,4.37
29147,98,5,92,35.27,38.97,4.84
29149,98,29,81,36.0,48.94,3.67
29151,99,3,80,36.74,35.650000000000006,3.38
29153,98,19,78,36.13,44.02,3.42
29155,98,14,77,35.92,47.94,3.3
29157,61,10,96,24.79,44.28,5.17
29159,99,3,89,37.0,36.72,4.69
29161,97,8,82,34.46,39.89,3.9
29163,98,4,90,35.5,39.97,4.36
29165,98,3,90,35.86,34.879999999999995,4.72
29167,99,5,89,36.6,39.19,4.39
29169,98,8,81,35.38,38.78,3.68
29171,96,4,92,33.41,38.41,4.91
29173,98,2,90,35.53,36.93,4.18
29175,99,3,87,37.16,36.89,4.15
29177,98,2,92,35.59,35.120000000000005,4.58
29179,72,18,92,27.83,44.44,4.99
29181,98,13,74,36.36,43.59,3.15
29183,99,4,81,36.91,40.47,3.71
29185,99,3,91,37.63,35.989999999999995,4.52
29186,77,16,93,29.23,46.12,5.08
29187,74,12,90,28.07,43.0,5.11
29189,98,5,80,35.65,41.03,3.71
29195,99,2,91,36.92,35.650000000000006,4.45
29197,95,4,91,33.0,38.81,4.94
29199,97,6,90,34.33,41.19,4.51
29201,77,17,89,29.93,50.9,4.23
29203,76,20,92,28.9,45.2,4.73
29205,99,5,86,37.34,39.56,4.53
29207,88,24,91,32.81,51.63,4.18
29209,98,5,79,35.4,37.43,3.74
29211,96,3,92,33.57,36.96,4.85
29213,98,15,79,35.87,42.74,3.53
29215,74,11,89,27.85,42.19,4.72
29217,97,1,90,35.92,32.129999999999995,4.62
29219,99,7,76,36.86,41.82,3.69
29221,78,9,90,29.03,41.3,4.59
29223,73,22,94,28.68,47.61,4.72
29225,98,9,82,34.98,42.3,3.94
29227,98,4,92,35.42,37.01,5.01
29229,98,16,80,35.14,45.81,4.16
29510,98,5,79,35.65,41.46,3.8
30001,91,6,86,24.34,30.680000000000007,4.25
30003,98,3,84,34.92,22.019999999999996,3.44
30005,95,4,94,31.68,27.629999999999995,5.22
30007,94,5,86,28.79,28.67,3.85
30009,96,2,84,29.57,22.700000000000003,3.64
30011,96,4,85,33.67,26.370000000000005,4.19
30013,93,7,88,29.37,29.120000000000005,4.89
30015,99,2,87,35.04,23.290000000000006,4.06
30017,98,4,95,36.26,25.78,4.6
30019,99,2,93,35.45,26.549999999999997,5.0
30021,97,4,96,34.79,27.620000000000005,5.05
30023,94,8,78,24.74,35.379999999999995,4.43
30025,97,6,93,34.49,30.409999999999997,5.13
30027,96,4,86,32.18,25.810000000000002,4.51
30029,91,4,82,24.08,33.83,4.68
30031,95,4,84,27.1,28.459999999999994,3.67
30033,98,2,89,36.02,23.560000000000002,4.26
30035,95,3,84,26.78,30.760000000000005,4.51
30037,95,2,84,31.36,22.5,3.64
30039,84,8,89,21.96,36.19,4.7
30041,99,2,88,35.04,24.260000000000005,4.25
30043,93,5,87,26.55,29.42,3.86
30045,96,3,81,29.15,25.78,4.76
30047,92,4,86,27.16,34.269999999999996,3.94
30049,92,10,88,26.24,35.489999999999995,5.1
30051,99,3,90,34.21,26.269999999999996,4.27
30053,93,2,82,26.07,29.67,3.72
30055,96,3,93,34.38,26.28,4.59
30057,93,6,85,25.63,30.120000000000005,4.22
30059,93,8,78,26.33,30.89,4.79
30061,89,4,89,25.18,31.92,4.2
30063,91,5,88,25.83,33.72,4.15
30065,96,6,95,33.49,26.599999999999994,3.94
30067,98,8,83,27.5,30.33,4.12
30069,97,4,91,35.02,25.450000000000003,4.2
30071,96,3,91,33.66,26.189999999999998,4.21
30073,96,3,88,30.06,27.22,4.43
30075,96,4,88,34.19,24.239999999999995,3.94
30077,87,9,90,23.48,36.83,4.97
30079,97,3,93,34.97,26.120000000000005,4.53
30081,84,7,91,22.66,35.260000000000005,4.73
30083,97,2,92,35.09,24.849999999999994,4.56
30085,97,2,94,34.68,25.879999999999995,4.58
30087,97,3,89,35.14,23.909999999999997,3.91
30089,94,3,80,27.8,31.700000000000003,3.53
30091,98,2,94,34.86,27.319999999999993,4.76
30093,92,6,81,25.0,30.25,4.38
30095,98,2,85,31.71,22.519999999999996,3.32
30097,96,2,77,28.88,23.290000000000006,3.66
30099,92,5,85,27.45,29.590000000000003,4.61
30101,97,3,92,32.14,26.150000000000006,4.48
30103,97,4,91,35.35,24.480000000000004,3.88
30105,97,2,90,33.84,25.340000000000003,4.09
30107,97,3,71,30.81,25.090000000000003,4.04
30109,96,5,97,33.78,29.89,5.14
30111,97,2,88,34.52,21.299999999999997,3.5
31001,97,6,95,35.31,34.0,5.29
31003,97,6,94,34.68,34.67,5.54
31005,98,8,90,35.33,30.650000000000006,4.68
31007,99,6,87,35.32,25.03,4.0
31009,97,10,93,34.81,34.290000000000006,5.06
31011,98,7,94,35.48,36.59,5.25
31013,96,3,90,33.45,25.67,4.12
31015,98,8,95,36.39,35.06999999999999,5.38
31017,98,8,91,35.57,32.75,5.07
31019,99,3,91,36.97,29.209999999999994,4.8
31021,98,5,94,35.38,36.66,4.91
31023,98,8,95,35.74,38.45,5.31
31025,98,8,94,35.45,39.66,5.26
31027,98,7,94,35.55,36.14,5.49
31029,98,7,92,36.22,28.209999999999994,4.49
31031,97,7,86,34.54,31.019999999999996,4.33
31033,95,4,92,33.46,23.58,4.37
31035,99,3,89,37.08,31.709999999999994,4.72
31037,99,8,93,37.18,38.2,4.8
31039,98,4,91,35.4,34.489999999999995,4.96
31041,97,12,95,34.66,36.39,5.39
31043,98,5,94,35.15,35.72,5.71
31045,98,4,88,35.41,26.010000000000005,3.75
31047,99,6,94,36.74,32.010000000000005,4.84
31049,98,8,91,36.03,28.150000000000006,4.27
31051,98,8,94,35.26,37.74,5.65
31053,99,7,94,37.12,37.32,4.94
31055,99,7,94,36.54,38.71,5.16
31057,98,4,89,36.52,25.239999999999995,4.14
31059,99,3,89,37.35,32.16,5.05
31061,99,5,93,37.62,32.489999999999995,5.16
31063,99,7,91,37.53,31.47,4.52
31065,99,3,91,38.45,27.36,4.55
31067,99,3,90,37.84,33.099999999999994,4.66
31069,99,5,86,36.06,27.209999999999994,4.06
31071,98,10,95,35.32,36.25,5.56
31073,99,6,91,37.05,31.760000000000005,4.39
31075,99,6,86,35.79,29.33,4.4
31077,97,6,95,34.61,34.0,5.52
31079,96,5,95,34.39,33.489999999999995,5.44
31081,96,5,94,34.31,34.47,5.16
31083,98,3,92,36.83,29.39,4.64
31085,98,9,96,36.12,31.97,5.06
31087,99,7,89,37.68,30.11,4.19
31089,98,9,93,35.83,35.519999999999996,5.23
31091,97,6,89,34.69,29.620000000000005,4.79
31093,97,6,95,34.88,33.97,5.32
31095,97,4,92,35.62,34.18000000000001,4.94
31097,97,3,90,35.29,34.260000000000005,4.76
31099,99,3,91,37.3,29.040000000000006,5.12
31101,97,5,86,35.27,27.930000000000007,3.75
31103,98,6,90,35.89,32.55,4.57
31105,99,5,88,35.02,23.86,3.91
31107,98,6,92,36.22,34.260000000000005,4.99
31109,97,5,93,35.2,36.2,5.01
31111,99,7,94,36.99,31.489999999999995,4.71
31113,99,8,92,36.95,32.09,4.81
31115,98,11,96,35.37,36.13,5.44
31117,97,5,92,34.76,28.950000000000003,4.74
31119,97,7,93,34.32,36.86,5.53
31121,97,5,92,35.09,33.959999999999994,4.71
31123,95,3,88,33.58,23.659999999999997,4.1
31125,97,6,95,34.78,35.06999999999999,5.06
31127,96,5,93,34.74,36.49,4.94
31129,99,5,92,37.74,34.010000000000005,5.04
31131,97,4,90,34.97,35.349999999999994,4.77
31133,96,6,94,35.03,36.65,5.13
31135,99,5,87,37.23,27.310000000000002,3.95
31137,99,4,91,36.85,30.67,4.73
31139,97,7,95,34.7,36.11,5.65
31141,98,6,92,35.68,35.870000000000005,5.01
31143,97,8,95,35.1,37.58,5.06
31145,99,4,88,37.77,28.17,4.29
31147,97,5,93,35.54,36.84,4.94
31149,98,9,93,35.46,34.980000000000004,5.0
31151,97,6,93,35.33,35.760000000000005,5.17
31153,99,6,93,36.78,37.87,5.13
31155,97,6,93,34.81,36.8,4.94
31157,96,5,89,34.02,24.680000000000007,3.68
31159,97,3,89,35.2,32.8,4.8
31161,96,5,90,33.69,28.47,4.32
31163,97,4,91,34.65,31.090000000000003,4.67
31165,92,3,93,31.66,23.22,3.98
31167,98,9,95,35.52,38.32,5.83
31169,97,4,93,35.57,34.150000000000006,5.45
31171,99,8,89,36.64,31.72,4.63
31173,98,7,94,35.59,37.24,5.39
31175,96,7,95,33.95,34.34,5.31
31177,99,7,94,36.76,38.33,4.98
31179,98,8,94,35.42,37.77,5.56
31181,97,5,94,35.83,33.36,5.1
31183,98,6,94,35.61,33.879999999999995,5.47
31185,96,5,94,34.55,35.11,5.44
32001,94,3,83,34.06,17.790000000000006,2.81
32003,97,2,86,39.47,10.780000000000001,3.86
32005,95,6,82,30.29,22.650000000000006,3.94
32007,92,5,86,29.6,21.819999999999993,3.72
32009,97,1,80,34.0,14.11,3.35
32011,93,8,89,30.79,22.450000000000003,3.9
32013,95,2,78,32.7,17.33,3.2
32015,91,7,86,30.78,21.430000000000007,3.68
32017,97,3,87,35.03,14.099999999999994,4.05
32019,94,5,86,32.66,20.200000000000003,2.96
32021,94,7,82,31.94,20.53,3.08
32023,96,2,84,33.14,15.200000000000003,3.72
32027,92,5,88,32.76,19.25,3.62
32029,93,5,84,31.07,23.72,3.35
32031,94,2,72,30.99,19.5,3.21
32033,92,8,95,29.5,21.58,5.1
32510,95,5,79,30.42,23.730000000000004,4.04
33001,69,14,84,20.96,45.05,4.79
33003,75,7,74,21.85,42.9,3.89
33005,63,8,86,19.06,42.16,4.93
33007,81,12,73,21.4,52.2,4.6
33009,83,14,76,23.55,49.57,4.97
33011,71,11,83,22.25,42.61,4.44
33013,69,11,83,21.21,43.73,4.45
33015,66,8,84,20.84,40.72,4.47
33017,85,22,80,26.45,47.67,4.54
33019,68,10,86,20.35,45.83,4.87
34001,64,12,83,23.05,46.2,4.37
34003,82,20,80,27.55,46.35,4.18
34005,74,10,81,26.98,42.11,4.38
34007,97,22,73,33.87,47.91,3.61
34009,69,23,86,24.72,51.33,4.4
34011,70,17,82,25.51,47.85,4.04
34013,67,10,82,23.19,40.98,4.42
34015,96,20,75,33.15,47.83,3.72
34017,69,10,79,23.91,41.09,4.5
34019,94,20,72,31.28,46.63,3.45
34021,77,19,80,27.08,46.14,3.79
34023,78,18,79,27.14,46.2,3.9
34025,91,23,73,29.92,48.77,3.78
34027,67,12,89,22.24,42.91,4.74
34029,70,13,79,24.68,45.66,4.8
34031,77,18,82,25.55,46.63,4.19
34033,95,18,74,32.74,47.29,3.7
34035,88,22,77,29.57,48.54,3.81
34037,70,18,89,23.06,47.86,4.77
34039,74,16,81,26.27,44.23,4.32
34041,68,12,83,22.84,43.34,3.95
35001,95,4,89,32.97,15.909999999999997,3.93
35003,96,2,85,30.17,13.969999999999999,3.98
35005,96,5,89,35.77,17.39,3.68
35006,96,2,87,30.92,15.010000000000005,4.02
35007,96,2,91,29.13,18.75,4.1
35009,96,5,89,35.07,19.89,4.18
35011,96,3,86,35.76,16.14,3.75
35013,92,5,93,35.33,14.629999999999995,4.01
35015,96,5,88,36.86,17.099999999999994,3.58
35017,97,3,83,34.01,13.64,3.99
35019,94,2,90,33.77,14.780000000000001,4.25
35021,98,3,90,34.68,18.340000000000003,4.03
35023,96,6,85,36.08,14.400000000000006,3.62
35025,96,6,88,36.53,18.730000000000004,3.97
35027,95,2,90,32.43,13.849999999999994,4.57
35028,97,1,86,28.99,16.78,4.59
35029,97,3,84,37.31,13.430000000000007,3.7
35031,94,2,90,30.37,15.019999999999996,4.32
35033,98,2,89,30.01,17.090000000000003,4.21
35035,93,3,91,33.01,14.939999999999998,4.65
35037,96,5,91,35.36,20.28,3.98
35039,93,1,90,27.8,16.709999999999994,4.28
35041,96,5,87,35.28,19.39,4.08
35043,97,2,87,32.08,15.090000000000003,4.02
35045,97,3,90,33.67,16.549999999999997,3.53
35047,96,2,91,32.3,16.11,4.61
35049,97,1,86,31.21,14.730000000000004,4.26
35051,96,4,85,34.5,14.049999999999997,3.6
35053,97,4,86,34.19,14.980000000000004,3.75
35055,96,3,90,26.77,20.97,4.72
35057,94,3,89,31.56,14.879999999999995,4.74
35059,98,5,86,33.86,20.189999999999998,4.31
35061,98,4,85,35.92,14.659999999999997,3.44
36001,86,14,78,26.49,48.15,3.86
36003,81,5,87,24.28,43.08,5.37
36005,72,14,83,24.7,43.31,4.66
36007,78,4,82,23.97,42.56,4.57
36009,80,7,88,23.97,45.85,5.54
36011,79,3,88,24.58,44.25,4.67
36013,99,12,78,30.85,48.96,4.53
36015,82,3,78,25.69,41.76,3.66
36017,81,5,81,24.55,45.63,4.61
36019,96,15,75,28.85,51.1,3.71
36021,87,19,80,27.51,48.7,3.86
36023,78,3,85,23.36,43.93,5.05
36025,74,5,84,21.98,41.95,5.12
36027,64,5,86,21.37,37.67,4.39
36029,93,15,78,28.03,52.25,4.44
36031,75,6,83,21.52,44.26,4.85
36033,74,7,89,21.28,49.47,5.37
36035,86,11,79,25.35,49.55,3.72
36037,81,9,92,25.53,49.09,5.58
36039,87,17,81,25.82,47.87,5.27
36041,75,6,88,20.86,47.15,5.58
36043,76,4,82,21.84,45.96,4.66
36045,94,13,79,27.77,53.3,4.37
36047,66,12,75,22.54,43.55,4.79
36049,81,5,88,23.17,47.42,5.39
36051,81,3,86,25.18,42.75,4.97
36053,86,8,82,25.81,49.97,4.14
36055,83,1,78,26.08,39.91,4.22
36057,85,11,78,26.35,48.71,3.49
36059,79,20,75,25.93,49.18,4.29
36061,76,16,76,26.04,43.76,4.38
36063,99,13,82,32.44,52.36,4.3
36065,85,6,80,25.54,47.82,4.07
36067,81,3,83,24.96,44.4,4.67
36069,80,2,87,24.73,41.84,4.64
36071,70,11,90,23.37,43.42,4.72
36073,98,15,71,31.84,52.37,3.85
36075,87,8,82,26.19,50.97,4.19
36077,74,4,85,22.33,43.8,4.74
36079,71,12,86,23.71,43.13,4.33
36081,70,12,74,23.77,43.6,4.63
36083,84,15,82,25.75,48.71,3.45
36085,73,18,75,25.44,45.7,4.34
36087,71,15,89,23.86,44.46,4.57
36089,97,13,81,29.41,53.16,4.25
36091,86,13,82,26.4,48.58,3.26
36093,85,10,78,26.09,47.22,2.97
36095,85,14,78,25.21,48.49,4.56
36097,76,5,90,23.7,44.09,4.97
36099,80,3,88,25.39,43.42,4.57
36101,78,3,86,24.03,41.49,4.85
36103,79,28,77,25.09,54.76,4.93
36105,70,6,81,21.51,40.67,4.53
36107,72,10,92,22.47,49.05,4.94
36109,80,3,82,24.5,43.01,4.47
36111,74,12,84,22.95,44.95,4.83
36113,75,6,85,22.09,42.73,4.19
36115,74,6,84,23.35,41.25,4.43
36117,82,1,85,25.9,40.37,4.25
36119,72,13,82,24.41,43.39,3.98
36121,78,8,94,23.4,48.51,6.26
36123,82,3,88,25.43,42.09,4.79
37001,61,9,88,25.7,38.71,3.87
37003,72,14,82,27.71,40.85,3.22
37005,67,16,88,22.98,43.43,4.5
37007,99,23,80,37.16,47.05,3.17
37009,67,9,79,22.23,40.89,4.03
37011,70,19,81,22.18,47.01,4.16
37013,86,25,87,31.26,51.69,4.21
37015,86,18,86,31.5,48.32,3.95
37017,83,15,82,31.26,43.04,3.66
37019,79,27,76,30.13,55.16,4.69
37021,71,15,81,24.94,45.57,3.89
37023,72,19,84,27.44,43.66,4.23
37025,98,35,79,35.53,51.37,3.19
37027,71,13,84,26.97,40.56,3.98
37029,69,12,78,27.53,47.36,4.31
37031,65,29,82,27.05,58.62,4.96
37033,67,9,85,27.35,39.5,3.48
37035,75,19,85,28.8,43.97,3.31
37037,69,9,83,28.13,39.27,3.51
37039,63,20,93,24.54,49.52,5.47
37041,88,18,87,31.68,48.17,3.36
37043,64,18,86,23.71,48.87,4.99
37045,76,8,76,29.3,37.52,2.91
37047,87,29,85,32.05,50.47,4.64
37049,85,24,80,31.32,50.41,3.54
37051,85,19,82,31.75,45.13,3.7
37053,60,17,83,24.59,51.2,5.02
37055,64,23,82,25.69,57.61,5.58
37057,67,9,86,27.64,37.87,3.31
37059,66,11,88,27.27,38.45,3.25
37061,82,23,91,31.18,48.36,4.53
37063,70,10,81,28.3,39.64,3.61
37065,86,26,85,31.9,49.73,4.02
37067,73,10,81,28.4,37.32,3.25
37069,65,12,91,27.1,42.08,4.32
37071,98,27,77,35.09,48.01,2.97
37073,85,25,88,30.95,51.22,3.66
37075,66,14,86,24.05,44.68,4.77
37077,71,9,82,28.3,39.39,3.64
37079,84,24,89,31.75,48.84,4.29
37081,66,10,87,26.74,38.87,3.79
37083,81,22,89,30.74,47.43,4.23
37085,85,21,87,31.58,46.05,3.83
37087,68,16,82,22.82,46.57,4.98
37089,78,16,82,26.82,45.59,4.15
37091,85,22,85,31.08,49.17,3.69
37093,82,22,87,31.46,45.76,4.05
37095,79,25,73,29.62,55.03,3.91
37097,71,16,88,28.25,41.7,3.48
37099,71,18,80,24.06,49.65,4.26
37101,85,19,84,31.62,45.58,3.57
37103,85,19,80,31.58,47.01,3.67
37105,82,14,82,31.09,42.53,3.53
37107,83,21,90,31.39,48.04,4.36
37109,74,21,87,28.8,45.03,3.43
37111,76,18,80,27.79,43.17,4.3
37113,67,21,88,23.77,49.55,4.5
37115,70,16,82,24.92,45.68,4.15
37117,89,26,88,32.16,51.06,4.19
37119,98,25,77,35.21,47.23,3.09
37121,70,17,80,23.16,44.77,3.27
37123,84,22,83,31.49,47.5,3.29
37125,81,18,83,30.95,44.19,3.68
37127,83,25,90,31.02,49.54,4.16
37129,60,9,64,26.48,47.23,3.47
37131,79,26,90,30.36,49.75,4.3
37133,60,20,95,27.14,47.97,5.6
37135,64,12,87,26.48,41.13,3.82
37137,78,27,91,30.04,52.84,4.51
37139,71,10,82,28.14,45.78,3.87
37141,85,26,77,31.4,50.04,3.7
37143,89,25,87,31.78,51.46,3.39
37145,67,11,85,26.98,40.05,3.51
37147,87,25,86,32.04,48.49,4.11
37149,80,18,82,29.94,43.38,3.84
37151,64,10,86,26.8,38.59,3.5
37153,98,22,80,36.18,47.31,3.16
37155,83,21,87,31.62,46.58,3.88
37157,68,11,87,27.07,40.77,3.63
37159,65,11,87,27.01,39.88,3.38
37161,79,20,83,29.71,44.06,3.95
37163,85,20,84,31.64,46.5,3.74
37165,99,21,79,37.19,46.46,3.0
37167,84,24,82,31.56,46.87,3.21
37169,66,12,87,25.97,39.53,3.56
37171,66,12,86,26.09,37.06,3.4
37173,63,20,88,22.28,48.35,5.19
37175,80,19,84,26.3,49.33,4.86
37177,63,13,88,26.6,46.85,3.99
37179,98,23,80,35.77,46.57,3.15
37181,71,8,82,28.27,39.01,3.64
37183,83,23,87,30.87,46.71,3.86
37185,72,20,90,28.59,45.83,4.26
37187,86,19,84,31.58,48.06,3.56
37189,66,19,88,21.57,48.29,5.23
37191,83,21,85,31.37,47.79,3.92
37193,67,15,87,25.79,39.07,3.94
37195,84,24,89,31.47,49.7,4.15
37197,73,12,82,28.46,37.83,3.11
37199,72,15,82,23.66,44.1,3.65
38001,96,3,91,33.23,28.03,4.95
38003,95,6,96,31.47,36.65,5.5
38005,99,3,90,34.8,31.64,4.62
38007,98,5,91,34.98,29.730000000000004,4.71
38009,98,3,93,33.27,31.64,4.66
38011,97,3,89,33.78,27.090000000000003,4.73
38013,98,2,91,33.14,28.849999999999994,4.81
38015,98,5,93,34.31,33.18000000000001,4.95
38017,95,5,94,31.77,35.61,4.73
38019,97,3,93,30.89,33.14,5.02
38021,96,6,94,32.76,35.790000000000006,5.04
38023,98,2,94,33.79,28.900000000000006,4.95
38025,98,5,93,34.65,29.879999999999995,4.85
38027,95,2,90,31.23,29.58,4.79
38029,97,7,93,33.81,34.269999999999996,4.98
38031,95,3,90,31.31,32.400000000000006,4.82
38033,97,5,91,34.3,29.900000000000006,4.66
38035,97,1,89,32.36,28.120000000000005,4.59
38037,97,5,90,33.8,31.08,4.58
38039,95,4,92,31.07,34.19,5.14
38041,97,5,93,33.87,30.42,5.21
38043,98,8,95,34.18,36.79,5.4
38045,97,5,92,33.3,35.150000000000006,4.7
38047,99,7,92,35.43,36.06,5.07
38049,99,3,90,35.83,30.650000000000006,4.37
38051,99,8,92,35.27,36.85,5.01
38053,99,4,94,36.75,28.230000000000004,4.79
38055,97,5,92,33.21,32.18000000000001,4.77
38057,97,4,93,33.63,29.53,5.03
38059,97,5,93,33.8,31.47,4.78
38061,97,4,95,32.93,30.42,5.61
38063,95,2,92,30.79,30.260000000000005,5.04
38065,96,5,95,32.92,31.64,5.39
38067,98,1,90,32.85,28.409999999999997,4.35
38069,98,1,90,33.86,26.090000000000003,4.49
38071,99,3,90,34.11,31.540000000000006,4.8
38073,99,4,87,35.8,33.730000000000004,4.05
38075,98,3,92,33.44,31.019999999999996,4.86
38077,94,8,96,31.53,38.78,4.95
38079,96,6,97,30.44,36.71,5.59
38081,99,5,90,35.89,35.69,4.1
38083,98,5,92,34.28,33.260000000000005,4.96
38085,97,7,94,34.36,32.900000000000006,4.93
38087,98,4,92,34.68,28.980000000000004,5.03
38089,98,6,93,34.42,31.680000000000007,4.99
38091,96,2,91,31.89,30.290000000000006,4.55
38093,95,6,96,31.61,35.980000000000004,5.66
38095,95,3,95,30.14,32.28,5.15
38097,96,2,93,32.2,31.209999999999994,4.59
38099,97,3,92,32.43,32.39,4.6
38101,97,3,93,32.79,30.510000000000005,4.94
38103,96,4,92,32.44,32.709999999999994,5.13
38105,98,3,97,34.47,28.75,5.17
39001,67,12,92,25.21,47.26,4.46
39003,99,6,86,33.92,44.37,4.29
39005,79,4,83,26.07,44.09,4.42
39007,86,6,82,27.04,47.62,4.7
39009,72,11,94,26.21,47.9,4.48
39011,99,6,85,33.86,44.35,4.27
39013,73,9,91,25.15,46.17,4.85
39015,95,7,79,31.62,45.31,3.8
39017,99,5,83,34.7,43.26,3.91
39019,76,5,86,25.82,43.59,3.8
39021,98,8,83,32.65,46.15,4.09
39023,85,9,82,28.46,47.29,4.02
39025,94,6,81,31.51,44.24,3.89
39027,99,6,72,33.54,45.57,3.29
39029,81,4,86,26.94,41.64,3.79
39031,81,12,82,27.17,49.83,3.51
39033,98,9,82,32.36,48.55,4.2
39035,77,4,88,25.07,43.65,5.18
39037,99,8,83,33.62,46.41,4.5
39039,99,5,80,34.3,43.62,3.9
39041,98,7,81,32.8,45.21,4.24
39043,90,3,85,28.45,44.7,4.68
39045,86,11,80,28.85,48.74,3.75
39047,98,9,80,32.47,47.41,3.59
39049,98,8,79,33.06,44.8,3.98
39051,95,10,88,31.4,47.64,4.71
39053,87,17,81,30.1,48.72,3.14
39055,81,2,85,25.7,41.29,4.8
39057,99,5,72,34.07,43.39,3.31
39059,74,9,89,25.88,46.53,4.09
39061,95,5,82,32.42,42.75,3.78
39063,99,9,86,33.56,47.01,4.08
39065,99,7,85,33.82,45.28,4.31
39067,75,5,85,25.79,43.36,3.81
39069,99,6,83,34.01,44.51,3.98
39071,97,10,81,32.04,48.18,3.77
39073,97,12,78,32.06,49.75,3.51
39075,73,10,91,24.68,49.38,4.63
39077,99,3,77,33.19,42.98,4.12
39079,73,12,93,26.69,48.35,4.45
39081,78,4,86,26.56,40.46,3.61
39083,99,10,77,32.89,49.49,3.49
39085,84,7,87,26.67,48.11,5.54
39087,71,11,93,26.88,44.66,4.19
39089,85,9,82,28.16,47.6,3.95
39091,99,7,85,33.44,45.66,4.26
39093,81,5,87,26.94,44.99,5.12
39095,98,15,87,33.1,50.92,4.4
39097,99,5,78,33.84,42.91,3.62
39099,77,7,89,25.94,45.19,4.3
39101,98,7,83,32.74,46.46,4.01
39103,70,4,94,23.79,43.41,5.61
39105,72,10,93,26.56,45.91,4.25
39107,99,6,84,34.12,44.23,4.07
39109,98,10,83,32.92,47.08,4.38
39111,77,11,91,26.49,47.27,4.75
39113,99,4,74,34.27,41.63,3.42
39115,75,10,88,26.44,46.98,4.01
39117,98,9,79,32.09,48.58,4.02
39119,75,11,89,26.09,48.16,4.1
39121,73,10,90,25.86,46.55,4.25
39123,99,2,76,33.36,43.29,4.06
39125,99,4,86,34.28,41.95,3.92
39127,72,8,89,25.55,46.46,4.18
39129,98,7,76,33.13,45.26,3.46
39131,97,11,77,32.71,47.0,3.44
39133,77,5,90,25.47,44.39,5.0
39135,99,4,73,33.75,42.34,3.63
39137,99,6,86,33.96,44.44,3.94
39139,99,12,79,32.75,51.4,4.02
39141,98,6,79,33.06,45.11,3.61
39143,99,2,76,33.56,40.85,3.77
39145,69,12,93,25.92,46.37,4.5
39147,98,8,83,32.82,47.22,4.07
39149,99,6,84,33.72,44.8,4.09
39151,75,6,90,25.13,45.55,4.94
39153,76,6,90,25.21,45.53,5.06
39155,78,7,90,26.15,46.02,4.83
39157,72,7,88,24.93,46.61,4.08
39159,98,8,85,32.89,45.71,4.25
39161,99,5,86,34.41,43.3,3.96
39163,75,11,93,26.77,49.8,4.26
39165,99,5,73,34.25,43.44,3.37
39167,71,12,94,25.86,46.81,4.45
39169,68,4,94,22.92,44.28,5.53
39171,93,8,87,30.67,47.15,4.55
39173,99,7,84,34.0,45.91,4.03
39175,98,8,85,32.93,46.52,4.01
40001,98,6,84,36.39,39.03,4.18
40003,98,4,85,39.66,31.549999999999997,4.09
40005,97,6,84,37.87,40.09,4.02
40007,97,4,93,37.72,25.799999999999997,4.7
40009,95,5,90,37.35,28.260000000000005,5.21
40011,96,13,97,37.66,38.85,6.08
40013,97,7,85,38.03,40.68,3.99
40015,97,10,90,38.18,36.51,4.97
40017,98,4,90,38.46,32.68000000000001,5.23
40019,98,7,83,39.07,36.41,4.2
40021,98,5,86,37.38,38.88,4.58
40023,98,5,75,38.71,39.48,3.47
40025,97,5,88,36.03,21.349999999999994,4.59
40027,99,4,85,39.73,32.349999999999994,4.74
40029,98,6,82,38.78,38.86,4.59
40031,96,14,96,38.08,38.47,5.52
40033,97,6,86,39.3,33.099999999999994,4.2
40035,99,1,87,38.85,31.400000000000006,4.54
40037,99,3,80,39.61,33.05,3.99
40039,96,14,98,37.81,36.44,6.36
40041,99,4,87,38.24,37.19,4.23
40043,96,13,98,37.48,36.34,6.8
40045,99,11,98,38.93,33.2,6.3
40047,93,8,94,36.6,36.0,5.32
40049,98,8,86,39.08,35.06,4.89
40051,99,3,80,39.7,31.72,4.14
40053,98,6,89,39.33,34.93000000000001,4.55
40055,97,7,87,39.04,30.53,4.49
40057,95,4,87,38.32,26.72,4.3
40059,98,6,94,39.3,29.11,4.78
40061,98,5,81,38.4,37.33,3.56
40063,97,5,84,37.95,36.43,4.2
40065,99,1,77,40.83,23.760000000000005,3.53
40067,99,6,81,40.53,34.129999999999995,3.87
40069,98,6,83,38.86,37.75,3.75
40071,99,4,84,39.64,33.7,4.55
40073,95,4,86,37.47,32.790000000000006,4.87
40075,98,5,83,39.27,31.28,4.2
40077,97,9,82,37.12,41.78,4.21
40079,97,13,85,36.77,45.46,4.1
40081,99,4,81,39.69,33.78,4.08
40083,98,4,88,38.97,32.44,4.36
40085,99,5,79,39.98,35.239999999999995,4.11
40087,98,4,85,38.92,32.239999999999995,4.74
40089,98,10,79,37.45,45.5,3.69
40091,98,4,86,38.5,36.78,3.89
40093,98,4,85,39.38,31.299999999999997,4.36
40095,97,7,85,38.26,38.64,3.98
40097,99,3,85,39.07,36.09,4.35
40099,98,6,82,38.8,35.209999999999994,4.08
40101,98,4,86,38.34,37.42,4.44
40103,98,4,85,38.9,33.31,4.17
40105,99,4,87,39.2,36.06,4.58
40107,97,6,85,38.08,36.66,4.63
40109,98,5,84,38.5,33.620000000000005,4.75
40111,97,10,87,37.81,41.23,4.5
40113,99,5,85,39.23,35.540000000000006,4.38
40115,99,3,88,38.29,36.5,4.56
40117,99,6,85,39.49,35.89,4.21
40119,99,3,82,39.43,32.83,3.93
40121,97,6,84,37.43,38.83,4.28
40123,98,7,85,38.79,36.3,4.62
40125,98,6,84,39.03,34.86,4.74
40127,98,12,82,37.85,44.42,4.28
40129,98,14,98,38.34,34.370000000000005,5.9
40131,99,1,85,39.17,31.22,4.03
40133,97,6,85,38.21,35.41,4.9
40135,98,7,84,37.44,39.19,3.63
40137,99,4,80,39.94,33.14,3.94
40139,98,3,91,37.88,21.89,4.69
40141,96,17,96,38.79,38.39,5.09
40143,99,2,82,39.32,32.64,3.92
40145,97,6,87,37.55,38.96,4.43
40147,99,4,86,39.36,35.84,4.57
40149,96,4,89,37.99,29.459999999999994,4.74
40151,98,4,86,39.55,29.53,4.2
40153,97,10,97,38.06,33.47,6.03
41001,92,4,84,28.99,23.799999999999997,3.24
41003,94,2,85,28.57,43.99,4.05
41005,90,3,80,25.07,41.56,3.88
41007,96,4,75,25.3,52.57,4.35
41009,97,2,81,29.12,43.13,3.38
41011,94,2,80,25.6,46.3,4.42
41013,94,4,74,30.24,26.03,3.16
41015,95,7,90,28.07,43.66,6.26
41017,98,4,68,31.78,26.86,2.98
41019,93,5,82,28.86,39.75,3.88
41021,97,7,85,33.95,31.510000000000005,4.12
41023,89,9,76,27.11,27.42,3.69
41025,95,7,76,31.3,23.510000000000005,3.2
41027,92,6,84,25.2,40.44,4.66
41029,95,6,75,31.14,31.409999999999997,3.12
41031,96,5,76,32.06,29.39,3.24
41033,92,6,90,30.76,31.840000000000003,4.25
41035,91,5,78,27.88,28.53,3.51
41037,93,5,76,29.53,24.349999999999994,3.67
41039,89,1,79,26.26,37.01,3.53
41041,97,7,82,25.64,59.3,4.9
41043,95,3,74,28.41,42.11,3.56
41045,94,4,84,32.39,20.689999999999998,3.39
41047,93,2,79,27.39,40.96,3.43
41049,95,4,84,31.76,28.549999999999997,4.02
41051,92,2,90,27.17,41.28,4.08
41053,94,6,86,28.44,48.1,5.43
41055,97,8,85,34.14,32.97,4.36
41057,98,6,76,26.21,56.53,4.71
41059,96,4,78,31.91,27.659999999999997,3.31
41061,89,7,78,26.46,29.86,3.55
41063,89,5,83,26.52,26.760000000000005,3.53
41065,97,6,76,32.87,33.06,3.43
41067,95,2,88,28.44,44.42,3.59
41069,97,4,74,32.2,25.870000000000005,3.46
41071,94,3,79,28.43,45.4,3.93
42001,82,12,75,28.21,45.56,3.82
42003,79,5,87,26.9,42.46,4.13
42005,82,6,77,27.11,43.16,3.83
42007,79,3,86,26.64,39.5,3.9
42009,84,10,81,27.16,45.68,4.17
42011,85,15,69,28.41,45.08,3.41
42013,73,5,83,23.73,42.34,4.15
42015,77,4,82,23.95,42.94,4.3
42017,70,20,89,24.92,46.53,4.54
42019,78,3,84,25.95,39.59,4.1
42021,70,10,92,22.34,47.62,5.41
42023,80,3,79,24.72,39.61,4.24
42025,69,7,79,22.03,41.29,3.68
42027,79,5,80,25.05,40.96,4.28
42029,70,17,88,24.81,45.84,4.44
42031,80,5,85,25.85,42.33,4.27
42033,70,7,88,22.46,44.55,5.0
42035,78,3,80,24.78,38.57,4.08
42037,74,16,87,24.23,48.45,4.28
42039,79,5,89,25.03,43.69,4.93
42041,92,13,71,30.55,45.47,3.17
42043,93,14,71,30.35,46.22,3.0
42045,69,16,89,24.88,45.9,4.46
42047,80,3,84,24.32,40.62,4.68
42049,93,8,83,27.58,49.05,4.66
42051,77,10,86,25.5,46.32,4.91
42053,79,4,84,24.5,41.91,4.5
42055,80,6,79,27.45,40.64,3.52
42057,79,6,80,26.76,41.42,3.91
42059,77,7,93,26.39,43.14,5.38
42061,75,5,81,25.04,41.35,4.34
42063,75,10,89,24.67,47.49,5.21
42065,80,4,81,25.09,41.72,4.01
42067,76,13,84,25.64,46.84,3.97
42069,75,7,83,22.97,43.51,4.0
42071,94,19,75,31.34,47.46,3.46
42073,78,3,86,26.18,40.11,4.21
42075,98,11,67,32.88,44.16,3.13
42077,68,9,79,23.48,41.41,3.58
42079,74,14,84,23.48,48.15,4.5
42081,80,4,75,25.18,40.36,3.54
42083,78,5,90,23.33,43.86,5.61
42085,79,6,88,25.9,43.84,4.45
42087,88,10,73,28.3,44.9,3.68
42089,82,16,77,25.52,46.65,3.38
42091,67,10,80,23.98,42.02,3.8
42093,74,15,87,24.94,47.25,4.08
42095,70,19,89,23.94,46.69,4.14
42097,75,16,87,25.0,48.62,4.09
42099,76,15,85,25.74,47.39,3.72
42101,96,22,75,33.11,47.88,3.59
42103,83,15,74,25.49,47.24,3.57
42105,74,11,95,22.51,48.3,5.9
42107,93,10,64,29.03,44.58,3.35
42109,93,16,71,30.18,48.46,3.7
42111,72,12,92,22.5,49.59,5.82
42113,75,5,83,22.28,43.66,4.8
42115,74,11,91,22.58,48.41,5.09
42117,78,4,82,23.85,42.55,4.22
42119,76,10,85,25.62,44.56,4.47
42121,79,5,88,25.23,42.13,4.65
42123,79,4,86,24.28,41.19,4.8
42125,76,3,86,25.83,40.29,4.24
42127,75,14,85,22.71,47.51,4.57
42129,77,8,84,25.72,45.78,4.29
42131,74,14,92,23.15,48.83,5.4
42133,94,20,73,31.52,48.17,3.33
44001,96,27,67,30.44,50.34,4.45
44003,90,22,70,27.96,46.79,4.22
44005,90,23,65,26.79,51.74,4.58
44007,70,14,83,22.43,42.67,4.48
44009,89,28,70,26.86,52.73,4.41
45001,97,23,82,35.65,46.87,3.32
45003,99,18,83,38.11,43.28,3.35
45005,98,17,84,37.15,43.84,3.58
45007,97,24,79,35.14,47.36,3.19
45009,99,22,88,37.9,45.62,3.89
45011,99,15,85,38.14,42.16,3.42
45013,96,30,66,33.99,55.11,3.07
45015,99,27,87,37.09,53.36,4.09
45017,99,23,89,37.83,45.73,3.98
45019,65,15,82,28.27,49.99,4.21
45021,96,27,79,34.2,47.93,2.98
45023,98,21,85,36.11,45.59,3.28
45025,99,21,82,37.49,46.11,3.54
45027,98,23,89,36.95,46.38,4.06
45029,98,31,85,36.3,51.59,4.24
45031,98,26,85,36.6,47.89,3.67
45033,97,30,87,35.6,50.23,3.8
45035,99,31,86,37.23,51.86,4.22
45037,98,25,88,37.15,46.3,3.73
45039,98,27,87,36.51,47.48,3.38
45041,98,27,89,36.6,48.7,4.07
45043,91,27,87,32.85,53.84,4.57
45045,79,13,82,29.47,41.6,3.29
45047,97,26,87,35.77,48.26,3.67
45049,97,25,88,36.18,47.95,4.1
45051,96,36,77,34.13,55.89,3.94
45053,99,33,84,37.35,53.39,3.63
45055,99,22,84,37.44,46.09,3.58
45057,99,20,84,37.36,45.46,3.44
45059,97,22,79,35.57,46.36,2.98
45061,99,25,84,37.73,46.98,3.64
45063,99,22,85,37.81,45.02,3.65
45065,97,27,88,36.2,47.72,3.63
45067,98,28,85,36.59,49.39,3.72
45069,98,26,85,36.36,48.51,3.49
45071,98,26,87,36.85,46.87,3.49
45073,77,17,86,29.28,43.33,4.17
45075,99,24,89,37.79,46.52,3.96
45077,78,17,87,29.43,44.2,4.12
45079,99,19,77,37.83,43.56,3.09
45081,98,20,86,37.13,44.58,3.78
45083,79,8,83,30.47,37.26,3.1
45085,98,24,83,36.76,45.73,3.44
45087,97,23,81,35.46,46.94,3.03
45089,99,22,86,37.68,47.76,4.02
45091,98,22,82,35.56,46.27,3.14
46003,98,4,94,36.31,32.75,4.77
46005,98,6,92,35.14,37.05,4.48
46007,96,3,88,34.32,26.370000000000005,4.32
46009,98,8,95,36.42,35.93000000000001,5.34
46011,98,9,93,33.26,40.35,5.3
46013,99,7,93,36.22,37.81,4.75
46015,98,4,93,36.64,31.75,4.77
46017,97,4,90,35.45,31.760000000000005,4.77
46019,97,7,86,34.59,29.200000000000003,4.36
46021,96,6,91,33.36,33.239999999999995,4.76
46023,98,6,94,36.77,33.849999999999994,5.39
46025,98,9,94,33.95,40.92,5.32
46027,98,8,94,35.62,37.46,5.02
46029,98,8,93,33.3,40.8,5.48
46031,96,8,94,33.69,33.75,4.97
46033,93,3,93,30.97,23.47,4.29
46035,99,6,94,37.35,35.349999999999994,4.81
46037,99,7,92,35.27,38.95,5.01
46039,98,8,94,33.15,40.33,5.58
46041,99,5,86,37.18,31.409999999999997,4.22
46043,98,6,95,36.78,34.19,5.37
46045,93,5,95,31.44,34.400000000000006,5.07
46047,94,6,92,33.79,26.019999999999996,3.61
46049,97,6,90,34.36,35.45,4.29
46051,95,6,94,31.4,38.24,5.69
46053,98,7,92,36.52,34.18000000000001,5.15
46055,99,3,84,38.04,28.159999999999997,3.81
46057,98,8,93,33.68,40.03,5.75
46059,98,3,89,35.73,31.75,4.45
46061,99,7,96,37.25,35.91,5.28
46063,97,4,90,34.28,26.42,4.8
46065,98,10,92,36.74,35.81,4.13
46067,98,7,95,36.06,35.81,5.32
46069,98,2,86,36.14,29.180000000000007,3.84
46071,97,5,89,36.12,29.200000000000003,3.94
46073,98,4,94,35.66,33.28,5.39
46075,96,9,89,35.66,33.45,4.19
46077,98,6,93,34.23,37.46,5.6
46079,98,6,92,33.57,37.39,5.0
46081,93,5,84,28.74,25.370000000000005,4.72
46083,98,4,93,34.62,34.72,4.87
46085,93,5,91,33.74,31.28,4.43
46087,98,5,91,34.8,35.519999999999996,5.1
46089,95,4,90,32.1,32.760000000000005,4.52
46091,99,6,90,35.84,37.09,5.0
46093,98,6,88,35.83,28.769999999999996,4.29
46095,93,5,88,33.94,29.61,4.54
46097,98,5,92,34.88,35.349999999999994,4.8
46099,98,7,93,34.04,38.76,5.48
46101,98,10,94,33.23,41.56,5.27
46102,97,3,90,35.69,25.180000000000007,3.9
46103,94,2,92,32.09,23.689999999999998,4.68
46105,95,3,91,33.51,26.709999999999994,4.69
46107,99,5,88,36.9,33.040000000000006,4.48
46109,92,6,97,30.23,37.81,5.97
46111,98,3,92,35.65,32.129999999999995,4.79
46115,97,8,94,34.17,38.48,4.46
46117,99,2,81,38.26,26.92,3.68
46119,98,10,92,36.54,36.39,4.67
46121,92,5,89,32.4,29.930000000000007,4.65
46123,97,5,87,35.9,30.569999999999993,4.41
46125,98,9,94,35.11,38.93,5.25
46127,98,8,93,35.17,38.21,5.02
46129,99,6,88,36.28,33.980000000000004,4.57
46135,99,10,95,37.25,37.7,5.07
46137,98,4,86,36.36,28.64,4.2
47001,76,22,87,28.13,51.25,3.16
47003,65,6,82,27.13,42.59,3.68
47005,64,7,89,27.06,42.97,3.91
47007,65,14,88,25.06,52.32,3.42
47009,65,17,90,25.81,48.87,3.64
47011,65,14,87,26.71,49.79,4.41
47013,70,13,85,26.3,47.17,4.01
47015,61,5,86,25.77,41.63,3.84
47017,63,10,92,26.55,45.69,4.09
47019,67,16,85,23.85,45.23,3.47
47021,61,7,94,25.59,43.59,4.45
47023,73,10,81,29.48,45.5,3.37
47025,68,14,86,26.07,48.1,3.81
47027,65,5,83,26.58,41.68,3.48
47029,71,14,81,26.79,46.43,3.97
47031,61,7,86,25.42,44.83,4.55
47033,87,9,74,32.29,44.98,3.3
47035,64,14,90,24.31,51.88,4.66
47037,60,5,89,25.32,42.21,3.88
47039,63,7,93,27.12,42.29,4.78
47041,63,7,88,26.03,44.01,3.54
47043,60,9,94,25.48,44.65,4.38
47045,75,17,92,29.76,48.67,4.4
47047,90,9,75,32.98,44.59,3.42
47049,64,12,91,24.86,48.61,4.68
47051,60,7,85,24.9,45.34,4.12
47053,85,12,77,31.74,47.49,3.38
47055,65,12,85,27.16,46.13,4.12
47057,77,22,87,28.52,52.07,3.08
47059,75,19,85,28.11,49.48,3.05
47061,64,8,84,24.53,48.37,4.64
47063,77,19,86,28.77,51.1,3.03
47065,63,13,90,25.87,48.4,4.19
47067,67,12,86,26.04,46.0,3.41
47069,77,9,76,30.29,45.1,3.36
47071,65,6,82,28.02,41.37,3.53
47073,71,21,88,27.49,49.82,3.39
47075,88,13,78,32.62,47.46,3.36
47077,75,13,83,29.78,46.36,3.51
47079,72,8,82,28.57,44.96,3.28
47081,62,7,88,26.49,42.0,4.21
47083,78,12,82,29.92,46.05,3.63
47085,63,6,89,26.64,41.7,3.93
47087,64,10,90,26.22,45.77,3.66
47089,69,20,92,27.3,51.4,3.96
47091,67,16,87,23.21,45.45,5.59
47093,72,20,89,28.02,51.65,3.1
47095,98,13,76,35.63,47.99,3.15
47097,86,9,78,32.29,44.56,3.52
47099,73,20,89,28.64,49.97,4.51
47101,61,6,88,26.03,42.31,4.36
47103,66,12,84,27.29,47.34,4.04
47105,63,13,88,25.94,48.5,2.89
47107,64,13,88,26.33,51.65,3.31
47109,68,7,82,28.62,43.15,3.46
47111,62,10,90,25.79,47.07,3.99
47113,73,8,77,29.39,44.7,3.37
47115,62,12,91,24.84,49.23,4.73
47117,64,11,86,26.8,45.52,4.06
47119,60,7,86,25.53,43.69,4.12
47121,67,11,86,27.24,50.72,3.75
47123,63,6,85,25.43,42.33,3.52
47125,63,5,87,26.39,41.65,4.01
47127,70,11,81,27.95,46.72,3.77
47129,65,13,89,25.06,48.76,4.17
47131,75,8,84,29.59,45.06,3.61
47133,66,5,82,26.14,42.25,4.09
47135,63,7,92,26.69,42.12,4.85
47137,60,8,92,24.52,44.09,4.5
47139,64,18,93,25.92,50.22,5.69
47141,64,8,87,25.64,45.97,4.1
47143,68,13,86,26.63,51.38,3.98
47145,67,16,89,26.89,50.63,3.47
47147,63,7,87,25.79,45.43,3.62
47149,65,5,81,27.11,42.36,3.4
47151,63,11,91,24.34,47.36,4.6
47153,70,17,84,25.87,53.93,3.49
47155,66,14,85,24.92,46.58,3.91
47157,98,28,86,35.94,53.29,4.05
47159,60,8,91,25.26,45.15,3.58
47161,79,8,78,30.02,44.41,3.46
47163,66,9,86,25.52,41.93,4.1
47165,60,6,90,24.96,44.45,3.87
47167,88,17,83,32.91,49.32,3.67
47169,64,6,85,26.67,43.96,3.31
47171,68,16,85,24.36,44.9,3.84
47173,69,12,84,26.94,47.83,3.59
47175,65,9,86,25.23,49.09,3.86
47177,63,8,87,25.87,45.58,4.32
47179,68,16,89,26.35,46.38,3.5
47181,73,11,81,28.85,45.08,3.68
47183,77,8,77,29.88,45.08,3.36
47185,64,8,87,25.81,45.53,3.99
47187,60,6,88,25.41,43.17,4.19
47189,64,6,84,26.61,43.64,3.37
48001,98,17,87,38.08,46.38,4.4
48003,91,5,92,35.8,19.180000000000007,4.49
48005,99,20,85,38.06,49.93,3.79
48007,95,30,89,33.43,64.81,4.91
48009,98,10,87,39.85,34.739999999999995,4.49
48011,98,8,91,37.07,25.370000000000005,4.43
48013,98,10,90,39.55,36.32,3.99
48015,95,12,97,36.84,46.19,5.34
48017,96,6,92,35.67,20.510000000000005,4.27
48019,94,5,88,35.82,28.840000000000003,4.46
48021,97,13,95,38.34,42.23,4.8
48023,99,6,85,40.63,30.89,4.3
48025,96,12,91,37.71,41.92,4.4
48027,95,17,96,37.3,42.37,5.34
48029,95,10,93,37.3,36.76,4.23
48031,94,5,92,36.38,30.769999999999996,4.65
48033,99,13,93,38.93,27.700000000000003,5.01
48035,98,14,92,38.99,39.64,4.64
48037,99,10,75,38.53,45.04,3.13
48039,99,31,86,35.96,64.63,4.43
48041,98,9,91,38.59,41.4,4.6
48043,90,4,89,35.16,16.58,3.67
48045,95,6,94,35.94,23.409999999999997,4.62
48047,99,20,97,40.1,47.4,5.27
48049,91,14,92,36.14,37.43,4.71
48051,98,8,89,38.56,40.13,4.44
48053,95,10,91,36.89,36.0,4.49
48055,97,14,93,38.29,41.72,4.44
48057,99,23,79,35.22,61.89,4.26
48059,99,16,87,38.9,35.959999999999994,4.68
48061,99,14,91,36.06,56.2,5.2
48063,99,9,81,38.96,42.67,4.18
48065,99,11,94,37.76,27.260000000000005,5.05
48067,99,10,79,38.47,44.87,3.46
48069,97,9,93,35.6,24.430000000000007,4.72
48071,98,39,82,34.81,67.91,3.65
48073,98,16,88,37.61,46.32,4.52
48075,94,12,99,37.64,30.810000000000002,5.32
48077,99,8,84,40.6,34.94,4.04
48079,96,6,91,35.62,20.22,4.47
48081,97,9,85,37.85,27.659999999999997,4.13
48083,94,8,88,36.82,31.340000000000003,4.18
48085,99,3,78,39.55,35.31999999999999,3.9
48087,95,9,98,37.4,29.03,5.87
48089,97,14,92,37.93,46.22,4.51
48091,97,9,85,37.51,36.43,4.07
48093,98,16,87,38.38,38.78,4.56
48095,96,17,93,37.73,35.08,4.73
48097,99,5,78,39.84,35.2,4.16
48099,97,13,90,37.99,39.02,4.78
48101,96,15,95,38.48,32.05,4.83
48103,94,8,86,37.72,20.590000000000003,3.37
48105,97,18,91,37.12,32.120000000000005,4.92
48107,98,8,92,37.4,24.760000000000005,4.83
48109,96,4,87,36.16,15.980000000000004,4.48
48111,97,2,89,35.39,18.629999999999995,4.7
48113,96,15,95,38.07,42.72,4.95
48115,98,10,93,37.89,24.25,4.72
48117,99,8,90,37.0,23.930000000000007,4.64
48119,98,5,82,38.44,39.86,4.12
48121,96,15,89,38.05,42.35,4.82
48123,96,11,90,37.6,41.48,4.44
48125,96,7,91,37.33,25.58,4.68
48127,96,20,95,39.59,39.73,4.25
48129,97,9,96,37.5,26.980000000000004,5.49
48131,99,21,93,40.12,45.03,4.98
48133,98,22,92,38.44,41.36,5.29
48135,93,6,90,36.57,19.900000000000006,4.14
48137,95,21,87,36.22,37.25,4.86
48139,96,14,92,38.15,42.16,4.77
48141,95,4,88,36.97,14.39,3.92
48143,98,22,94,38.61,42.04,5.05
48145,96,15,97,37.82,43.08,5.31
48147,99,8,84,39.48,41.53,4.39
48149,96,13,95,37.84,42.66,4.72
48151,99,8,88,39.51,27.189999999999998,4.28
48153,94,6,92,35.21,22.950000000000003,4.66
48155,99,8,85,40.79,30.189999999999998,4.11
48157,99,18,91,38.2,51.38,4.46
48159,99,6,81,39.0,41.27,4.07
48161,98,10,90,38.81,41.17,4.57
48163,98,12,87,39.64,36.63,3.8
48165,96,9,94,36.75,22.629999999999995,4.71
48167,98,32,74,33.66,68.46000000000001,3.99
48169,99,9,91,38.68,26.03,4.6
48171,96,4,88,36.17,27.230000000000004,4.67
48173,98,15,93,37.85,28.370000000000005,5.1
48175,97,15,91,37.95,44.69,4.62
48177,97,13,89,38.05,41.81,4.18
48179,98,7,93,37.1,26.439999999999998,5.2
48181,99,4,80,39.64,36.29,3.96
48183,99,13,83,38.49,44.94,4.02
48185,96,11,92,37.31,43.68,4.48
48187,94,8,95,37.18,36.19,4.47
48189,97,11,97,36.07,25.769999999999996,5.29
48191,96,9,94,38.13,27.260000000000005,4.34
48193,98,15,88,38.28,39.23,4.63
48195,98,6,94,37.84,24.310000000000002,5.24
48197,99,1,78,40.74,22.47,3.57
48199,99,25,87,36.96,57.02,4.0
48201,99,20,90,37.48,53.65,4.3
48203,98,18,86,37.44,48.63,4.17
48205,97,6,92,35.65,23.209999999999994,4.93
48207,99,4,88,40.28,26.840000000000003,4.11
48209,97,11,89,37.83,38.14,4.52
48211,97,9,97,37.4,29.709999999999994,5.8
48213,98,12,88,38.35,43.67,4.35
48215,98,18,93,39.2,46.72,4.97
48217,98,15,94,39.03,41.47,5.2
48219,97,7,92,36.48,21.790000000000006,4.71
48221,97,21,93,38.76,42.24,5.02
48223,99,5,84,39.14,40.25,4.11
48225,98,13,89,37.79,44.82,4.48
48227,98,13,92,38.11,27.739999999999995,4.66
48229,94,5,91,35.52,16.010000000000005,4.29
48231,99,6,83,39.23,41.03,4.16
48233,99,9,95,38.6,25.879999999999995,4.93
48235,98,14,89,37.85,30.549999999999997,4.68
48237,96,14,88,38.42,38.65,4.77
48239,96,15,93,36.0,50.66,4.88
48241,99,25,82,37.13,56.93,3.79
48243,96,2,88,34.13,13.730000000000004,4.2
48245,97,37,85,34.57,65.67,4.36
48247,98,20,97,39.61,44.87,5.43
48249,99,14,88,39.49,43.76,4.55
48251,96,16,92,38.35,40.95,4.85
48253,99,7,85,39.78,28.189999999999998,4.36
48255,96,10,92,37.9,38.77,4.36
48257,98,8,87,38.89,41.11,4.45
48259,94,5,91,35.79,30.370000000000005,4.95
48261,96,13,88,35.64,52.1,4.67
48263,99,10,90,39.39,28.049999999999997,4.32
48265,93,4,88,35.08,26.569999999999993,4.65
48267,97,9,85,37.19,30.75,4.38
48269,99,7,87,40.32,27.310000000000002,4.3
48271,97,28,96,38.53,41.3,5.12
48273,97,14,88,36.46,49.37,4.56
48275,99,3,84,40.57,25.879999999999995,4.31
48277,98,5,79,38.63,39.36,3.82
48279,97,8,94,35.94,22.950000000000003,4.68
48281,97,18,89,37.55,40.87,4.8
48283,98,9,85,40.17,33.879999999999995,3.68
48285,98,17,92,38.24,47.23,4.38
48287,98,12,94,38.39,42.62,5.01
48289,98,13,91,38.43,43.88,4.39
48291,99,25,90,37.17,57.36,4.18
48293,99,8,88,39.53,38.88,4.66
48295,98,7,95,37.83,28.299999999999997,5.63
48297,97,13,95,38.79,42.07,4.9
48299,93,17,89,36.6,39.84,4.51
48301,96,6,88,38.74,17.209999999999994,3.23
48303,97,9,96,36.5,24.189999999999998,5.13
48305,99,8,89,38.13,23.519999999999996,4.14
48307,94,17,92,36.8,37.09,4.82
48309,98,14,94,38.77,42.22,5.21
48311,98,13,92,40.01,38.98,4.04
48313,97,14,92,38.12,44.18,4.22
48315,99,12,79,38.39,45.45,3.62
48317,98,11,90,38.17,24.72,4.47
48319,96,11,88,36.94,33.59,4.68
48321,98,24,79,35.02,62.6,3.99
48323,97,26,95,39.56,41.3,4.48
48325,96,5,90,37.71,30.120000000000005,4.01
48327,97,15,90,37.52,34.61,4.72
48329,99,16,92,39.2,27.08,4.65
48331,99,8,88,39.39,38.66,4.23
48333,98,18,87,37.89,40.03,4.49
48335,96,11,92,37.49,27.510000000000005,4.8
48337,97,13,86,38.65,39.32,4.42
48339,99,17,87,38.1,50.01,4.26
48341,98,7,94,37.06,24.680000000000007,4.75
48343,99,9,80,38.99,42.98,3.65
48345,96,11,95,37.44,27.790000000000006,5.01
48347,98,17,86,37.43,48.37,4.16
48349,98,13,93,38.83,42.88,5.07
48351,99,29,86,36.97,58.68,3.89
48353,97,11,89,37.55,28.340000000000003,4.73
48355,98,27,90,36.29,57.15,5.08
48357,98,5,95,37.61,25.53,5.46
48359,98,7,93,36.42,23.819999999999993,4.43
48361,98,34,89,35.21,62.94,4.34
48363,97,16,89,38.82,38.3,4.64
48365,98,19,84,37.5,48.78,3.87
48367,96,20,93,38.23,42.15,4.9
48369,96,6,90,35.09,21.629999999999995,4.39
48371,93,5,84,36.16,17.709999999999994,3.77
48373,99,22,86,37.99,51.92,3.81
48375,99,8,93,37.71,25.040000000000006,4.74
48377,92,1,89,34.8,12.719999999999999,3.7
48379,99,7,85,38.85,41.83,3.78
48381,96,8,95,35.53,24.319999999999993,4.99
48383,98,12,90,37.81,27.450000000000003,4.9
48385,96,24,88,35.88,40.39,4.95
48387,98,5,75,38.16,40.56,3.25
48389,90,1,94,36.85,12.5,3.79
48391,96,23,91,35.68,55.26,4.87
48393,98,8,96,37.57,27.42,5.13
48395,98,8,91,38.71,39.96,4.63
48397,98,6,85,38.69,39.67,3.87
48399,95,18,93,37.28,34.95,4.89
48401,99,13,83,38.2,45.75,4.12
48403,98,25,87,36.8,53.62,4.05
48405,99,21,82,37.84,51.45,3.74
48407,99,20,88,38.04,50.91,4.44
48409,95,19,90,35.7,51.83,4.86
48411,92,3,85,36.18,27.049999999999997,4.22
48413,96,16,90,36.55,33.93000000000001,4.89
48415,99,10,89,38.9,27.67,4.44
48417,99,12,86,39.66,33.650000000000006,4.31
48419,98,22,84,37.34,50.79,3.55
48421,99,8,94,38.01,25.180000000000007,5.12
48423,98,14,85,37.75,45.19,4.13
48425,96,23,94,38.6,42.06,4.96
48427,98,17,98,40.06,43.23,5.32
48429,98,18,90,39.19,38.56,4.69
48431,99,11,87,38.85,27.049999999999997,4.64
48433,99,7,89,40.13,27.700000000000003,4.05
48435,96,16,89,36.84,34.42,4.74
48437,95,5,92,35.04,21.980000000000004,4.7
48439,99,3,76,39.94,31.790000000000006,3.91
48441,98,10,82,38.16,30.290000000000006,4.37
48443,98,16,82,38.06,27.760000000000005,3.8
48445,96,9,92,36.23,23.11,4.37
48447,99,6,85,40.26,30.680000000000007,4.07
48449,98,7,80,38.31,41.59,3.75
48451,95,13,90,36.82,31.540000000000006,4.77
48453,95,10,93,37.32,37.94,4.72
48455,98,20,88,37.71,48.47,4.0
48457,99,25,83,37.39,55.01,3.87
48459,99,14,84,38.7,46.42,4.11
48461,98,13,88,38.19,25.689999999999998,4.28
48463,96,19,89,37.83,39.22,4.3
48465,96,23,91,37.81,36.41,4.7
48467,99,9,84,38.91,42.31,3.92
48469,96,18,93,36.5,51.26,4.8
48471,96,16,94,36.85,46.65,4.82
48473,95,14,96,36.55,48.04,5.07
48475,99,11,86,40.88,20.819999999999993,3.23
48477,96,12,95,37.63,43.91,4.99
48479,99,21,98,40.63,39.94,5.01
48481,97,16,91,36.78,49.89,4.33
48483,95,8,97,36.54,28.980000000000004,5.93
48485,99,5,83,40.83,31.36,3.97
48487,99,1,76,40.79,24.290000000000006,3.51
48489,97,10,90,35.61,52.25,4.79
48491,99,19,94,39.17,43.05,4.86
48493,96,9,93,38.05,36.65,4.34
48495,98,11,88,39.21,21.239999999999995,3.71
48497,96,17,88,38.42,41.52,4.86
48499,99,10,83,38.7,44.53,4.0
48501,97,7,92,36.52,20.64,4.61
48503,98,14,89,39.68,36.83,4.64
48505,98,18,99,40.35,40.15,5.64
48507,97,20,94,39.27,40.05,4.2
49001,96,3,88,32.04,16.67,4.54
49003,97,6,92,33.89,22.299999999999997,3.47
49005,95,5,95,29.04,26.159999999999997,3.9
49007,95,3,89,29.14,17.86,4.45
49009,97,5,92,27.93,22.129999999999995,4.32
49011,97,4,92,34.38,21.14,4.17
49013,97,4,89,27.58,22.010000000000005,4.13
49015,96,2,90,32.95,15.280000000000001,3.82
49017,97,2,89,31.26,16.64,4.33
49019,96,1,92,33.77,13.400000000000006,4.08
49021,95,2,87,31.16,15.939999999999998,4.15
49023,93,3,93,32.71,17.239999999999995,4.29
49025,97,1,90,33.89,13.86,4.14
49027,97,4,93,34.65,16.620000000000005,4.14
49029,96,4,92,28.85,22.189999999999998,4.12
49031,96,2,91,28.3,17.909999999999997,4.2
49033,89,3,93,26.35,22.17,4.48
49035,98,3,91,32.8,19.709999999999994,3.7
49037,95,4,95,33.8,15.75,4.5
49039,96,2,91,28.64,18.340000000000003,4.7
49041,97,2,92,28.76,18.319999999999993,3.92
49043,93,5,89,24.26,25.340000000000003,5.2
49045,97,2,91,34.97,16.430000000000007,3.56
49047,95,2,98,31.23,17.810000000000002,4.32
49049,94,3,95,30.28,19.92,4.1
49051,94,4,88,25.97,23.290000000000006,4.32
49053,96,3,91,34.44,13.599999999999994,4.28
49055,94,3,96,32.33,16.010000000000005,4.77
49057,96,6,94,30.86,23.980000000000004,4.2
50001,78,6,82,23.28,43.13,3.93
50003,86,23,83,24.08,52.88,4.28
50005,78,3,75,22.33,41.22,4.58
50007,79,5,82,23.35,43.48,4.76
50009,78,11,82,21.52,49.86,5.11
50011,89,11,80,26.05,47.81,4.11
50013,89,8,78,27.12,45.36,3.29
50015,78,8,85,21.88,47.26,4.7
50017,77,14,83,22.23,49.8,4.93
50019,76,11,87,21.22,48.51,5.56
50021,73,7,84,21.61,41.16,4.74
50023,78,5,82,22.12,43.77,3.83
50025,83,15,80,23.82,47.69,4.21
50027,63,7,87,17.94,43.71,5.5
51001,68,20,74,25.21,54.01,4.18
51003,71,12,92,26.67,40.79,3.98
51005,68,8,88,24.87,40.68,4.62
51007,70,12,91,27.47,41.52,4.16
51009,78,20,90,28.37,45.07,5.13
51011,79,17,91,29.1,43.97,3.93
51013,73,9,89,27.62,39.68,4.23
51015,64,8,90,23.28,40.74,5.17
51017,67,7,86,23.61,40.93,4.87
51019,72,13,88,27.05,41.12,3.97
51021,66,6,90,23.04,38.7,4.44
51023,76,18,90,27.54,44.57,4.61
51025,93,27,83,33.12,49.01,3.82
51027,73,7,84,26.47,37.33,4.1
51029,76,15,93,28.68,42.97,4.17
51031,77,17,88,28.67,43.24,3.79
51033,73,10,91,27.82,40.14,4.26
51035,66,10,90,23.49,39.33,4.59
51036,83,12,87,31.11,41.51,4.16
51037,78,21,89,29.28,45.87,3.82
51041,75,14,90,28.92,42.91,4.28
51043,73,13,90,26.71,44.0,4.34
51045,69,15,90,24.63,44.87,4.58
51047,75,11,89,28.28,43.48,4.54
51049,70,9,92,27.45,39.0,4.06
51051,74,18,92,26.25,44.19,4.97
51053,80,23,90,30.21,48.33,4.4
51057,75,7,89,28.71,38.74,4.36
51059,71,10,89,26.87,40.34,4.24
51061,74,12,86,27.35,43.98,4.11
51063,68,14,89,23.74,43.39,4.75
51065,77,16,91,28.85,43.36,3.93
51067,66,12,90,25.43,41.62,4.4
51069,82,13,81,28.69,43.94,3.69
51071,68,7,87,23.72,40.18,4.34
51073,72,11,80,27.82,45.16,4.66
51075,72,13,91,27.69,41.62,4.06
51077,67,10,84,22.71,41.66,4.33
51079,71,10,93,25.95,40.07,3.91
51081,80,19,90,30.27,48.55,4.23
51083,69,8,82,27.42,38.63,3.39
51085,74,11,91,28.22,39.89,4.19
51087,72,7,89,28.01,37.36,4.15
51089,67,18,91,26.37,46.35,4.36
51091,67,8,86,22.16,42.94,5.33
51093,71,10,87,27.73,43.92,4.21
51095,76,11,87,29.16,42.95,4.57
51097,74,9,89,28.62,40.5,4.6
51099,73,11,90,28.16,40.45,4.22
51101,83,15,90,30.68,42.26,4.39
51103,68,7,85,26.52,43.92,4.6
51105,75,11,81,27.08,44.25,3.29
51107,74,9,84,27.41,41.31,3.69
51109,73,11,91,27.84,41.31,3.96
51111,67,14,96,26.69,42.79,4.82
51113,72,9,92,26.33,41.26,4.21
51115,72,10,71,27.18,47.19,4.08
51117,79,17,90,29.94,43.96,3.99
51119,71,11,85,27.46,45.31,4.81
51121,73,11,86,25.76,42.63,4.72
51125,70,14,94,26.29,42.78,5.35
51127,77,10,87,29.56,40.77,4.25
51131,61,15,87,23.41,51.94,5.6
51133,61,11,86,24.18,46.55,4.72
51135,69,13,92,27.1,42.36,4.49
51137,73,7,86,27.47,40.93,4.37
51139,71,8,91,25.79,39.07,4.03
51141,66,13,89,24.97,42.33,4.39
51143,76,15,86,28.68,43.25,3.5
51145,74,8,83,28.33,38.4,3.53
51147,69,10,90,27.09,40.14,3.88
51149,80,11,90,30.65,41.49,4.2
51153,70,7,89,26.73,38.37,4.34
51155,68,7,88,24.47,39.57,4.24
51157,78,13,87,28.08,43.61,3.78
51159,71,7,88,27.7,40.0,4.53
51161,67,14,91,24.84,42.79,4.89
51163,83,8,79,28.56,39.6,3.72
51165,70,8,87,25.14,39.9,4.41
51167,62,11,96,22.99,41.46,5.83
51169,62,10,91,24.16,41.73,5.07
51171,73,8,90,26.5,39.44,4.76
51173,66,11,90,23.47,42.47,5.34
51175,81,20,90,30.78,47.88,4.25
51177,74,11,92,28.0,41.67,4.3
51179,73,10,92,27.68,40.24,4.47
51181,80,12,86,30.03,43.09,4.09
51183,80,19,90,30.5,47.24,4.17
51185,65,8,90,22.71,41.02,4.54
51187,72,13,91,26.46,43.76,4.43
51191,61,9,92,23.16,40.32,5.86
51193,65,12,91,25.94,42.84,4.71
51195,63,10,97,23.2,40.59,6.45
51197,64,8,90,23.17,39.87,4.45
51199,69,10,81,26.97,44.56,4.43
51510,73,10,90,27.51,40.04,4.39
51520,62,9,91,24.12,40.44,4.83
51530,70,8,89,26.45,38.6,4.57
51540,72,13,93,27.24,40.0,3.94
51550,89,15,72,31.55,47.62,3.8
51570,82,10,90,31.24,40.98,4.23
51580,69,11,89,26.66,40.85,4.71
51590,67,10,86,27.27,38.96,3.49
51595,93,25,81,33.27,52.26,3.63
51600,76,13,86,28.13,42.42,3.96
51610,76,11,85,28.35,41.26,3.91
51620,80,16,90,30.43,46.07,4.53
51630,70,6,92,27.35,36.8,4.33
51640,68,11,84,23.97,39.64,3.96
51650,80,13,76,28.9,47.83,3.8
51660,79,9,78,28.17,41.23,3.64
51670,83,10,89,32.06,39.2,4.16
51678,70,9,90,26.52,38.98,4.23
51680,77,23,90,28.58,45.32,5.02
51683,76,12,87,28.84,40.83,4.12
51685,76,13,87,28.77,41.31,4.1
51690,68,18,91,26.74,46.36,4.4
51700,68,10,84,26.61,45.04,4.36
51710,70,12,84,26.74,46.33,4.24
51720,63,12,93,21.88,42.14,5.97
51730,80,12,90,30.48,42.99,4.18
51735,78,14,74,28.33,49.21,3.83
51740,73,10,85,27.65,45.3,4.25
51750,66,8,87,24.39,40.89,4.53
51760,73,11,89,28.17,40.07,4.11
51770,67,9,87,25.96,38.12,4.19
51775,67,16,91,25.9,42.72,4.96
51790,64,9,90,24.11,41.94,5.1
51800,70,11,88,27.53,45.77,4.28
51810,69,11,77,26.5,46.93,4.04
51820,66,9,89,24.59,40.78,5.03
51830,76,11,84,29.16,42.3,4.56
51840,74,11,89,26.66,42.55,4.22
53001,95,2,86,33.44,25.78,3.24
53003,96,2,81,31.95,23.810000000000002,3.81
53005,95,5,88,34.18,27.930000000000007,3.61
53007,92,2,82,24.56,29.569999999999993,3.64
53009,93,3,68,22.93,49.86,3.35
53011,94,2,90,28.34,41.33,3.95
53013,96,2,80,31.7,25.17,3.68
53015,96,3,83,27.8,41.41,3.6
53017,96,2,90,32.77,25.069999999999993,3.61
53019,95,2,89,29.5,24.760000000000005,3.34
53021,95,5,87,34.18,28.540000000000006,3.51
53023,96,2,84,32.18,24.540000000000006,3.61
53025,95,2,86,33.54,24.42,3.41
53027,92,3,72,23.67,52.27,3.65
53029,96,11,65,24.51,60.83,2.12
53031,93,4,62,22.76,51.53,3.22
53033,94,4,75,24.95,45.51,3.43
53035,94,7,75,26.46,51.79,3.53
53037,95,4,89,27.69,32.95,3.96
53039,92,4,89,29.76,27.180000000000007,4.34
53041,95,3,75,26.87,40.22,3.63
53043,95,2,86,32.13,26.950000000000003,3.45
53045,96,4,70,27.18,49.68,3.38
53047,95,3,83,27.63,28.39,3.45
53049,95,4,81,24.23,55.62,4.61
53051,98,3,86,30.09,32.31,3.35
53053,95,2,68,25.49,40.93,3.14
53055,93,11,69,21.83,64.43,2.57
53057,91,6,64,22.41,47.48,2.53
53059,92,6,86,24.36,38.96,4.65
53061,92,5,68,23.59,47.37,2.88
53063,96,2,85,32.11,29.08,3.47
53065,98,3,86,32.58,28.450000000000003,3.35
53067,97,4,78,28.97,47.66,3.39
53069,95,3,82,26.12,48.2,3.83
53071,96,3,80,34.73,26.189999999999998,3.49
53073,93,3,62,22.99,41.33,2.61
53075,96,2,83,33.06,27.72,3.38
53077,92,3,84,27.83,28.629999999999995,3.95
54001,68,9,91,23.73,44.51,6.62
54003,80,13,83,28.49,43.34,3.4
54005,74,10,94,26.68,42.72,5.57
54007,75,12,94,27.33,43.64,4.78
54009,79,5,86,26.73,40.86,3.62
54011,72,12,94,27.21,44.24,4.2
54013,75,12,94,27.43,44.59,4.21
54015,76,12,91,27.26,44.56,5.41
54017,76,10,93,26.83,44.35,4.2
54019,68,13,95,23.94,47.29,5.68
54021,76,11,94,27.56,43.65,4.3
54023,84,13,82,26.98,46.37,3.91
54025,68,12,90,23.16,49.48,5.12
54027,82,11,83,28.2,42.91,4.19
54029,81,5,86,27.26,41.69,3.51
54031,72,11,89,25.36,42.42,4.94
54033,76,9,92,26.77,43.67,4.36
54035,70,8,94,26.56,42.1,4.24
54037,72,7,84,26.6,39.93,3.68
54039,75,12,93,27.25,44.65,5.04
54041,74,11,92,26.8,43.76,4.72
54043,75,10,92,27.73,42.69,4.17
54045,75,10,92,27.11,41.31,4.47
54047,73,12,89,26.01,42.48,4.11
54049,77,7,90,26.97,42.19,4.23
54051,76,8,92,26.26,43.53,4.96
54053,76,11,91,27.98,44.61,3.86
54055,66,6,86,23.26,38.69,4.08
54057,83,12,83,28.35,45.33,4.07
54059,76,9,91,27.64,40.31,4.25
54061,78,6,92,26.55,41.17,4.72
54063,68,7,84,23.94,43.21,4.17
54065,83,12,82,28.69,43.63,3.29
54067,70,10,89,24.09,46.34,5.89
54069,76,6,88,25.78,41.73,4.25
54071,69,8,86,22.84,41.56,5.45
54073,77,13,90,27.02,47.36,3.98
54075,66,13,90,20.79,48.69,6.51
54077,69,8,94,22.75,44.59,5.59
54079,75,12,93,27.6,44.76,4.31
54081,74,8,88,24.77,42.6,4.73
54083,67,8,91,21.12,43.25,6.2
54085,76,12,94,27.12,45.94,4.26
54087,77,10,90,27.98,43.74,3.87
54089,67,7,87,23.61,41.54,4.89
54091,70,9,91,24.82,43.95,5.28
54093,69,12,94,21.96,45.55,6.45
54095,77,10,90,26.98,44.8,4.22
54097,73,13,91,24.96,46.15,5.42
54099,75,11,92,27.7,43.45,4.21
54101,68,10,92,23.05,44.77,5.28
54103,77,10,91,26.99,44.45,4.53
54105,69,7,94,26.13,41.91,4.36
54107,70,10,94,26.0,44.35,4.54
54109,74,12,88,25.85,43.95,4.09
55001,99,4,90,33.88,39.79,4.42
55003,83,3,92,24.26,39.85,5.2
55005,98,6,87,31.76,41.91,4.56
55007,85,5,93,25.3,42.59,5.1
55009,99,3,90,33.07,41.57,4.77
55011,99,2,87,33.82,35.33,4.03
55013,94,4,91,29.33,38.9,4.53
55015,99,3,90,33.55,41.1,5.06
55017,98,5,87,31.79,40.45,4.37
55019,99,2,84,32.7,36.26,4.14
55021,99,2,89,33.93,38.23,4.51
55023,99,6,90,33.91,44.07,4.13
55025,99,2,88,33.84,39.12,4.46
55027,99,2,87,33.65,40.07,4.64
55029,99,3,82,31.14,42.56,5.33
55031,85,3,93,25.51,38.68,5.12
55033,99,4,90,33.47,39.67,4.27
55035,98,3,89,32.06,37.97,4.17
55037,92,11,85,27.15,46.87,4.36
55039,99,2,89,33.46,39.23,4.61
55041,92,10,86,26.78,46.75,4.62
55043,99,4,91,34.09,41.97,4.44
55045,99,2,88,34.15,40.17,4.44
55047,99,3,89,33.71,40.12,4.56
55049,99,4,91,33.62,42.61,4.49
55051,82,5,93,23.68,41.68,5.49
55053,98,3,88,32.26,38.24,4.32
55055,99,3,87,34.21,42.01,4.62
55057,99,3,87,33.76,38.56,4.34
55059,94,2,89,29.82,43.25,5.14
55061,97,5,88,29.84,46.03,5.55
55063,98,3,88,32.67,38.95,4.7
55065,99,3,88,34.22,40.98,4.44
55067,95,9,83,28.22,46.91,4.71
55069,95,9,85,28.36,46.74,4.59
55071,99,2,85,32.23,42.64,5.25
55073,99,5,88,32.19,41.83,4.6
55075,97,5,80,30.25,41.03,4.18
55077,99,3,88,33.88,39.59,4.35
55078,97,5,85,30.58,42.32,4.48
55079,95,2,85,30.19,41.22,5.07
55081,99,3,87,33.48,39.69,4.59
55083,98,4,84,31.41,40.36,4.15
55085,93,10,88,27.09,46.88,4.86
55087,99,3,90,33.35,40.57,4.64
55089,97,2,87,31.07,43.54,5.44
55091,99,3,88,33.85,37.35,4.04
55093,99,4,89,33.59,39.6,4.09
55095,99,6,91,33.0,42.69,4.66
55097,99,6,89,32.86,42.59,4.55
55099,81,4,94,23.7,40.02,5.61
55101,94,2,89,29.75,42.95,5.06
55103,99,5,88,33.66,43.25,4.17
55105,99,3,86,34.22,41.7,4.45
55107,95,9,89,29.37,44.9,4.82
55109,99,4,92,33.37,39.74,4.67
55111,99,3,89,33.43,40.83,4.51
55113,93,9,91,28.16,45.65,5.03
55115,99,5,89,32.76,42.96,4.57
55117,97,3,88,31.15,44.79,5.24
55119,96,9,86,29.14,46.47,4.72
55121,99,2,87,33.71,35.94,4.05
55123,98,4,87,32.15,42.32,4.46
55125,80,2,90,22.9,37.47,4.94
55127,99,3,86,34.43,42.33,4.58
55129,89,8,94,27.52,43.31,5.3
55131,99,2,87,33.55,42.14,4.73
55133,99,4,87,34.06,44.26,4.71
55135,99,4,89,33.21,41.53,4.7
55137,99,3,88,33.54,39.06,4.71
55139,99,3,91,33.31,40.52,4.82
55141,99,2,86,33.41,35.64,4.23
56001,97,3,76,28.12,22.819999999999993,4.46
56003,99,4,91,32.83,23.299999999999997,3.17
56005,98,6,91,34.32,26.150000000000006,3.79
56007,95,3,89,28.11,21.370000000000005,5.28
56009,94,4,89,31.23,23.239999999999995,4.26
56011,92,3,89,30.61,24.930000000000007,4.73
56013,97,4,87,28.59,23.760000000000005,3.88
56015,91,3,91,31.7,21.67,3.79
56017,99,4,93,31.97,22.409999999999997,4.15
56019,97,5,91,30.96,24.569999999999993,4.07
56021,94,4,86,29.95,23.310000000000002,4.05
56023,97,3,87,27.54,23.86,3.95
56025,96,3,85,31.09,20.269999999999996,4.5
56027,96,2,79,33.66,21.540000000000006,3.43
56029,97,2,87,25.9,24.459999999999994,4.47
56031,90,4,90,30.58,22.370000000000005,4.12
56033,97,6,84,31.17,26.159999999999997,3.97
56035,96,3,84,25.44,24.430000000000007,4.48
56037,93,5,92,28.63,22.230000000000004,4.24
56039,96,3,87,24.32,27.209999999999994,4.94
56041,90,3,94,26.51,21.209999999999994,4.37
56043,98,3,93,32.83,21.83,3.46
56045,99,6,81,35.55,26.64,3.37
