ID,Tem_percentile,RH_percentile,Wind_percentile,Tem_threshold,RH_threshold,Wind_threshold
01001,66,22,86,29.31,50.51,3.49
01003,64,26,75,29.33,54.96,3.64
01005,96,40,85,34.8,57.3,3.32
01007,68,25,85,29.35,52.24,3.54
01009,61,12,76,26.71,46.8,2.97
01011,94,36,73,34.26,56.69,2.69
01013,66,22,82,29.88,50.97,3.31
01015,62,22,88,27.1,51.7,3.71
01017,60,16,77,27.51,45.93,3.14
01019,65,21,83,27.55,52.31,3.24
01021,66,19,81,28.94,49.66,3.37
01023,65,23,89,29.66,50.7,3.73
01025,69,27,89,30.53,51.73,3.67
01027,60,18,82,26.34,49.67,2.94
01029,62,22,88,26.53,51.46,4.06
01031,94,40,80,34.19,57.46,3.16
01033,68,16,85,28.53,48.09,4.04
01035,81,36,82,31.94,57.18,3.23
01037,68,20,80,29.1,51.03,3.27
01039,88,36,78,33.15,55.86,3.07
01041,94,40,77,34.36,58.23,3.14
01043,61,12,83,26.79,46.51,3.36
01045,97,39,81,35.26,55.99,3.24
01047,64,26,89,29.16,52.18,3.62
01049,61,13,80,25.18,51.64,3.36
01051,67,22,80,29.33,51.03,3.09
01053,81,37,82,32.14,56.26,3.32
01055,60,14,80,26.31,48.49,3.41
01057,67,20,85,28.92,49.05,3.5
01059,67,17,87,28.07,49.09,4.11
01061,91,35,81,33.47,54.96,3.08
01063,65,19,84,29.08,49.96,3.36
01065,66,22,85,29.55,50.5,3.35
01067,97,34,81,35.3,54.88,3.3
01069,97,37,85,35.48,55.49,3.3
01071,60,12,84,25.21,49.21,4.12
01073,64,21,85,28.35,49.7,3.36
01075,67,15,80,29.06,47.12,3.37
01077,68,16,84,28.51,47.99,3.9
01079,67,14,82,28.23,47.41,3.28
01081,76,32,80,30.62,52.08,2.97
01083,65,13,84,27.42,47.4,3.49
01085,66,21,81,29.61,50.04,3.15
01087,81,38,82,31.81,55.98,2.96
01089,63,15,84,26.64,49.68,3.99
01091,64,23,86,29.26,51.17,3.38
01093,67,19,85,28.46,49.48,3.81
01095,61,15,83,26.26,49.5,3.6
01097,60,26,83,28.46,54.6,4.02
01099,62,26,91,29.14,52.34,3.95
01101,92,39,74,34.02,56.93,2.79
01103,63,10,80,27.0,46.04,3.34
01105,66,23,85,29.2,50.94,3.49
01107,67,16,80,29.37,48.46,3.13
01109,93,39,85,33.99,58.7,3.41
01111,60,17,80,26.74,47.17,3.35
01113,93,39,79,34.12,55.64,2.81
01115,60,19,86,26.84,49.84,3.88
01117,63,20,85,28.39,49.17,3.53
01119,63,20,87,28.88,50.2,3.65
01121,60,17,84,27.46,48.74,3.37
01123,68,23,80,29.19,51.66,3.07
01125,65,19,84,28.86,49.16,3.48
01127,61,13,82,27.48,45.17,3.32
01129,64,23,87,29.95,49.44,3.61
01131,65,26,87,29.63,51.63,3.55
01133,67,19,84,28.04,50.04,3.76
04001,90,2,90,30.16,14.489999999999995,4.19
04003,94,5,84,34.98,13.25,3.58
04005,96,2,81,33.43,13.950000000000003,3.67
04007,96,4,82,35.24,12.700000000000003,3.47
04009,97,5,86,36.06,14.200000000000003,3.41
04011,95,2,84,32.97,12.599999999999994,3.8
04012,95,7,83,42.18,14.290000000000006,3.23
04013,97,7,87,42.4,14.230000000000004,2.99
04015,93,6,92,36.75,12.920000000000002,4.28
04017,92,3,89,32.14,14.060000000000002,3.97
04019,93,6,87,38.92,13.780000000000001,3.65
04021,97,4,85,41.03,12.799999999999997,2.95
04023,94,6,81,34.47,13.969999999999999,3.66
04025,92,7,87,34.52,14.790000000000006,3.71
04027,97,7,78,43.16,15.86,2.88
05001,97,19,78,36.09,49.76,3.5
05003,93,25,74,34.85,52.56,3.18
05005,97,27,78,35.84,45.81,3.35
05007,99,9,79,36.68,40.82,3.82
05009,81,19,83,30.25,44.76,3.62
05011,96,24,74,35.84,51.57,3.25
05013,96,27,75,35.87,52.22,3.19
05015,97,11,75,34.86,41.63,3.65
05017,96,21,67,35.82,51.5,2.93
05019,99,21,71,37.87,49.3,2.99
05021,98,15,70,36.62,46.24,3.05
05023,96,14,68,35.3,43.96,3.27
05025,97,20,71,36.4,49.17,2.91
05027,75,18,83,31.24,49.89,3.52
05029,98,17,73,37.33,46.61,2.94
05031,87,13,79,33.2,45.85,3.35
05033,98,19,84,36.64,47.5,3.21
05035,88,11,74,33.13,46.28,3.27
05037,87,8,78,33.1,43.52,3.37
05039,98,19,67,36.81,48.46,2.85
05041,96,21,76,35.62,51.38,3.35
05043,96,21,75,35.79,50.99,3.18
05045,99,21,72,38.01,47.89,2.97
05047,98,15,82,36.71,46.82,3.53
05049,98,25,75,36.34,46.35,3.12
05051,95,26,77,35.42,50.72,3.46
05053,97,20,72,36.34,48.2,3.01
05055,98,18,72,36.52,47.61,3.33
05057,98,16,71,37.1,48.81,3.01
05059,98,19,70,36.93,47.44,3.02
05061,95,21,81,35.16,51.42,3.91
05063,95,11,70,35.42,40.88,3.2
05065,75,17,78,30.05,42.48,3.3
05067,92,20,78,34.47,48.64,3.45
05069,98,21,77,36.93,49.69,3.34
05071,98,18,82,36.06,48.65,4.17
05073,99,18,74,38.24,49.59,2.98
05075,84,15,76,32.58,44.9,3.31
05077,94,8,70,34.65,44.36,3.09
05079,97,21,79,36.48,50.24,3.34
05081,97,13,72,36.89,47.22,3.02
05083,97,14,81,36.9,46.75,3.15
05085,94,13,75,34.69,45.82,3.18
05087,98,13,77,34.87,44.51,3.94
05089,83,18,75,31.51,42.25,3.3
05091,98,18,76,37.44,49.22,3.19
05093,88,14,79,33.13,47.37,3.47
05095,96,17,77,35.44,48.72,3.32
05097,96,26,81,35.41,52.94,4.14
05099,97,20,72,36.56,50.04,2.95
05101,79,19,81,28.73,47.46,4.62
05103,70,18,87,30.21,48.47,4.01
05105,98,18,73,37.05,47.91,3.01
05107,95,18,73,35.01,50.0,3.23
05109,96,22,77,35.4,51.56,3.58
05111,90,15,80,33.93,47.19,3.43
05113,96,20,82,34.86,52.51,4.11
05115,97,22,80,36.04,49.77,3.62
05117,94,14,78,34.89,46.43,3.28
05119,94,18,74,34.96,47.75,3.01
05121,87,27,84,32.98,49.6,3.87
05123,90,9,76,33.69,44.83,3.31
05125,97,12,63,36.34,43.58,2.82
05127,97,17,80,36.38,48.11,3.81
05129,60,5,81,24.99,36.46,4.3
05131,97,16,84,36.89,46.15,3.28
05133,96,17,79,36.24,50.32,3.75
05135,97,32,78,36.22,49.1,3.21
05137,97,30,78,35.83,48.45,3.82
05139,69,20,86,30.28,50.2,3.87
05141,96,24,76,34.87,48.48,3.36
05143,98,9,75,35.41,42.2,3.65
05145,93,17,78,34.74,46.81,3.36
05147,87,10,78,33.23,44.14,3.38
05149,97,19,77,36.62,49.21,3.23
06001,93,7,84,30.42,36.45,3.51
06003,92,10,76,23.79,27.14,3.71
06005,94,5,78,34.13,27.480000000000004,2.46
06007,92,5,75,34.34,27.230000000000004,2.97
06009,97,5,72,36.17,28.700000000000003,2.6
06011,95,6,84,37.19,28.189999999999998,3.47
06013,95,5,90,33.5,33.47,3.72
06015,92,6,86,26.53,41.76,4.65
06017,93,7,75,31.09,27.930000000000007,2.44
06019,95,4,90,32.83,25.260000000000005,2.94
06021,91,5,86,34.85,27.239999999999995,4.18
06023,94,7,82,28.97,40.13,4.84
06025,93,3,82,42.12,13.689999999999998,2.84
06027,95,4,86,36.44,14.920000000000002,3.38
06029,92,5,82,35.85,21.11,3.28
06031,97,4,91,39.72,24.739999999999995,2.83
06033,92,7,85,33.62,25.89,3.74
06035,88,5,77,27.84,21.180000000000007,3.47
06037,98,10,64,35.26,28.129999999999995,2.49
06039,95,4,82,33.85,27.53,3.14
06041,94,6,88,27.17,46.3,5.47
06043,98,4,79,34.67,25.17,2.52
06045,94,6,85,31.48,32.91,5.6
06047,98,2,91,39.09,25.989999999999995,3.73
06049,91,6,75,29.05,25.120000000000005,3.01
06051,93,15,85,26.47,24.849999999999994,3.71
06053,96,4,84,32.8,29.459999999999994,3.46
06055,93,7,88,33.98,31.22,3.51
06057,93,3,70,30.54,23.560000000000002,2.76
06059,99,16,75,33.22,42.88,2.18
06061,93,4,71,30.79,26.049999999999997,2.73
06063,86,4,77,26.89,21.799999999999997,3.72
06065,97,12,79,40.39,19.840000000000003,2.94
06067,97,4,87,37.7,29.209999999999994,2.87
06069,96,6,85,35.34,26.379999999999995,3.32
06071,91,4,85,38.05,14.86,3.49
06073,98,19,70,35.75,33.86,2.46
06075,88,10,78,21.57,57.64,3.34
06077,97,2,89,37.77,26.67,3.27
06079,94,4,82,33.06,27.739999999999995,3.4
06081,93,6,77,26.77,43.77,3.9
06083,95,10,80,30.78,34.099999999999994,4.24
06085,96,7,87,33.21,31.879999999999995,3.95
06087,95,6,88,29.88,37.54,4.02
06089,90,7,79,32.17,25.590000000000003,3.12
06091,89,6,77,27.12,24.5,3.64
06093,87,9,74,28.25,29.72,2.98
06095,96,6,91,35.8,32.06,4.12
06097,94,5,91,30.39,38.16,5.48
06099,98,5,87,38.72,27.950000000000003,3.58
06101,93,7,81,36.63,31.159999999999997,2.66
06103,90,7,79,33.5,26.950000000000003,3.66
06105,93,4,68,31.45,24.83,2.86
06107,95,4,81,31.62,23.58,2.52
06109,98,5,70,30.29,24.769999999999996,2.64
06111,95,5,70,32.73,21.049999999999997,2.49
06113,93,6,87,36.56,28.810000000000002,2.96
06115,91,7,81,34.74,29.319999999999993,2.83
08001,97,2,92,34.2,18.900000000000006,3.32
08003,95,6,91,28.02,22.42,3.36
08005,98,7,93,34.08,23.230000000000004,3.78
08007,90,2,88,25.41,19.540000000000006,4.1
08009,97,9,85,35.92,24.379999999999995,4.18
08011,94,7,87,35.78,22.290000000000006,3.41
08013,95,2,82,27.37,20.239999999999995,4.26
08014,96,3,92,32.7,19.010000000000005,3.69
08015,91,2,85,21.28,21.049999999999997,5.08
08017,96,7,90,34.8,24.879999999999995,4.03
08019,92,3,89,19.72,23.349999999999994,4.43
08021,91,4,89,23.51,22.560000000000002,5.02
08023,95,2,88,25.83,20.069999999999993,4.13
08025,94,2,88,35.0,17.379999999999995,2.85
08027,91,3,90,23.82,20.620000000000005,4.73
08029,94,2,92,29.45,17.810000000000002,3.72
08031,97,2,93,33.46,18.08,3.61
08033,94,3,84,26.29,19.040000000000006,4.37
08035,96,3,91,30.08,20.840000000000003,3.99
08037,90,4,88,22.92,22.25,4.68
08039,98,8,92,32.67,25.28,3.95
08041,98,4,88,31.44,21.819999999999993,3.29
08043,93,5,90,27.51,21.97,4.38
08045,95,3,90,26.98,19.819999999999993,4.64
08047,92,2,89,22.39,20.849999999999994,4.25
08049,91,4,84,22.25,24.590000000000003,4.53
08051,93,5,88,23.1,23.340000000000003,4.45
08053,85,3,91,18.07,20.409999999999997,5.64
08055,94,4,93,28.15,20.370000000000005,3.9
08057,94,4,82,23.61,24.760000000000005,4.88
08059,95,2,91,28.04,20.010000000000005,3.69
08061,93,7,91,34.52,23.950000000000003,3.76
08063,97,6,88,34.75,24.769999999999996,4.03
08065,91,4,78,18.53,24.819999999999993,5.17
08067,95,5,86,27.18,21.58,3.91
08069,93,4,84,25.73,23.08,4.07
08071,95,2,84,31.85,17.950000000000003,3.39
08073,97,9,91,33.76,25.25,3.86
08075,96,6,88,34.22,24.78,3.82
08077,96,2,90,30.65,16.230000000000004,3.84
08079,87,4,89,19.13,21.42,5.29
08081,94,5,93,29.59,21.180000000000007,4.13
08083,96,3,87,31.03,18.319999999999993,3.73
08085,95,2,92,30.53,16.11,3.83
08087,97,4,89,34.9,22.019999999999996,3.25
08089,93,2,89,35.1,17.0,3.0
08091,94,3,91,24.2,18.86,4.33
08093,93,3,87,22.44,22.939999999999998,4.67
08095,99,8,87,36.7,27.950000000000003,3.99
08097,88,4,94,20.77,22.930000000000007,5.11
08099,94,9,90,35.59,25.799999999999997,3.99
08101,94,2,93,33.37,17.269999999999996,3.39
08103,95,4,91,28.76,20.36,4.77
08105,92,5,90,23.59,22.510000000000005,4.13
08107,92,4,88,24.95,22.060000000000002,4.27
08109,94,3,85,24.24,20.72,3.76
08111,92,6,83,18.07,22.36,4.86
08113,94,5,89,27.24,19.189999999999998,4.46
08115,97,8,86,35.53,27.879999999999995,3.9
08117,90,4,85,19.53,23.950000000000003,5.12
08119,94,4,90,23.73,22.939999999999998,4.18
08121,98,10,91,34.96,27.659999999999997,3.81
08123,94,2,89,32.58,19.810000000000002,3.2
08125,98,6,86,35.96,25.61,3.86
09001,67,16,84,22.39,45.28,4.41
09003,68,9,77,22.51,40.17,3.91
09005,68,12,82,21.44,43.69,4.43
09007,63,13,80,20.59,44.41,4.66
09009,62,16,84,20.59,45.44,4.68
09011,65,17,80,21.07,46.89,4.59
09013,66,12,82,20.97,43.23,4.44
09015,66,17,84,21.15,45.42,4.58
10001,70,19,76,25.94,47.91,4.18
10003,91,22,71,31.28,48.32,3.58
10005,61,15,82,23.26,48.15,4.79
11001,70,17,86,26.72,44.14,3.97
12001,98,25,93,35.65,54.23,3.95
12003,98,30,92,35.77,54.11,3.92
12005,87,38,68,32.25,58.83,3.13
12007,99,22,88,36.16,52.59,3.68
12009,93,18,74,33.12,58.86,3.68
12011,88,18,87,33.41,59.1,3.54
12013,98,33,83,35.78,54.06,3.52
12015,90,20,67,33.72,58.36,2.76
12017,97,21,70,34.55,57.52,3.12
12019,99,24,89,36.62,52.23,3.91
12021,81,19,77,33.28,60.18,3.01
12023,98,33,93,35.94,55.15,3.93
12027,93,5,69,34.33,46.42,2.74
12029,97,35,76,34.33,59.81,3.31
12031,99,30,74,36.13,56.02,3.18
12033,65,25,72,29.42,55.06,3.56
12035,85,22,89,32.71,54.92,3.42
12037,89,35,82,32.56,62.05,3.7
12039,98,36,89,35.55,57.11,3.48
12041,98,21,80,35.91,50.63,3.17
12043,94,22,83,34.38,57.42,3.15
12045,89,33,73,32.49,58.69,3.53
12047,98,31,81,35.95,53.78,3.2
12049,95,9,78,34.82,48.31,3.14
12051,94,16,80,34.56,55.66,2.79
12053,97,29,81,34.55,62.17,3.53
12055,93,21,89,34.54,55.34,3.61
12057,93,24,74,33.85,59.6,3.18
12059,97,39,84,35.13,56.59,3.29
12061,85,24,86,32.87,58.78,5.03
12063,98,36,83,35.85,56.13,3.09
12065,97,35,71,35.14,57.14,2.82
12067,99,34,87,36.31,55.67,3.79
12069,91,10,74,33.75,49.13,3.05
12071,68,10,72,32.0,54.64,3.14
12073,98,37,88,35.61,57.12,3.52
12075,95,14,68,34.2,52.27,3.12
12077,98,37,86,35.69,56.46,3.94
12079,98,38,81,35.74,56.84,3.08
12081,97,24,63,34.58,58.75,2.88
12083,98,30,90,35.59,55.99,3.79
12085,78,24,88,32.38,60.82,4.06
12086,82,20,83,32.57,63.12,3.62
12087,96,39,78,33.66,69.13,3.63
12089,98,31,75,35.73,55.73,3.54
12091,78,32,68,31.46,55.79,3.11
12093,95,18,75,34.38,55.56,3.16
12095,92,17,82,33.89,53.12,3.45
12097,93,17,86,34.25,53.32,3.68
12099,86,23,88,33.04,60.58,3.66
12101,98,21,72,34.98,58.85,3.2
12103,88,29,75,32.71,65.5,3.59
12105,92,7,72,34.35,46.38,2.88
12107,99,23,87,36.61,52.82,3.53
12109,84,25,85,32.41,54.92,3.64
12111,87,22,86,33.1,59.65,4.02
12113,62,30,78,28.85,56.21,3.67
12115,90,24,62,33.78,59.6,2.85
12117,93,24,84,34.06,55.14,3.91
12119,94,23,90,34.37,55.75,3.78
12121,98,33,85,36.07,54.35,3.3
12123,96,39,65,34.69,59.01,3.18
12125,98,28,92,35.74,53.98,3.87
12127,89,21,88,32.96,55.08,3.85
12129,97,40,86,35.05,60.51,3.45
12131,96,40,70,34.43,58.03,3.23
12133,97,40,79,35.28,56.18,3.27
13001,99,25,85,37.72,49.41,3.51
13003,98,30,88,36.69,51.25,3.91
13005,98,27,87,36.63,51.18,3.64
13007,97,34,88,35.79,55.22,3.75
13009,97,25,78,36.44,48.18,3.11
13011,94,35,79,33.2,52.17,3.19
13013,86,30,79,31.55,51.19,3.18
13015,72,20,75,28.75,50.13,2.92
13017,98,27,86,36.54,51.3,3.69
13019,97,29,82,35.9,51.29,3.4
13021,97,27,81,36.31,49.36,3.36
13023,98,23,80,37.07,47.98,3.41
13025,98,28,84,36.26,52.28,3.73
13027,98,34,78,36.0,54.42,3.07
13029,99,22,73,37.28,50.23,3.78
13031,98,20,84,36.99,48.03,3.6
13033,98,25,86,36.89,47.65,3.63
13035,96,34,76,34.98,53.17,3.01
13037,97,37,85,35.36,56.15,3.45
13039,98,27,71,35.44,55.75,3.59
13043,98,20,85,37.29,46.14,3.79
13045,60,19,86,26.27,48.8,3.7
13047,60,11,86,25.45,46.45,4.2
13049,98,29,88,36.59,52.63,3.89
13051,98,36,83,35.58,57.69,4.68
13053,97,39,78,35.54,55.49,3.04
13055,61,21,89,25.81,52.83,3.98
13057,67,24,83,27.22,48.18,3.37
13059,94,28,75,33.9,49.66,3.05
13061,96,35,81,34.95,55.33,3.18
13063,92,35,74,33.08,54.06,3.27
13065,97,31,91,35.95,53.14,3.9
13067,66,22,82,27.38,49.88,3.44
13069,98,25,85,36.81,49.1,3.73
13071,97,36,82,35.71,54.46,3.34
13073,97,28,80,36.05,47.82,3.1
13075,96,39,86,35.37,55.69,3.66
13077,71,20,71,29.33,48.93,3.18
13079,97,35,82,35.94,52.64,3.32
13081,98,28,82,36.93,51.45,3.36
13083,60,12,86,24.22,50.06,4.21
13085,70,19,81,26.94,47.16,3.36
13087,98,35,88,36.09,55.93,3.5
13089,88,33,73,31.66,53.49,3.09
13091,97,26,88,36.36,49.6,3.83
13093,97,27,81,36.33,50.61,3.31
13095,97,32,82,35.92,55.27,3.5
13097,84,33,73,30.77,54.64,3.06
13099,97,35,85,35.75,55.23,3.35
13101,96,38,89,35.34,55.75,3.61
13103,99,18,78,38.08,46.43,3.51
13105,97,34,82,35.24,51.34,3.22
13107,97,21,86,36.46,46.34,3.84
13109,99,19,84,38.03,46.83,3.6
13111,62,17,84,24.5,48.17,4.8
13113,84,30,73,31.27,53.62,3.28
13115,64,20,86,27.09,50.28,3.27
13117,75,18,76,28.56,46.21,2.96
13119,90,33,81,32.62,51.51,3.18
13121,63,11,70,26.85,43.49,2.97
13123,63,21,87,24.99,50.33,4.93
13125,97,30,82,35.84,50.07,3.34
13127,98,26,71,35.14,58.42,4.04
13129,72,18,74,28.84,50.0,2.97
13131,97,38,87,35.49,56.77,3.57
13133,97,33,80,35.74,51.44,3.34
13135,74,19,75,28.85,47.17,3.22
13137,64,17,85,25.69,44.21,4.25
13139,76,20,80,28.85,46.04,3.22
13141,96,32,82,35.37,50.91,3.35
13143,61,12,81,26.05,44.73,3.42
13145,91,40,78,33.32,54.95,3.28
13147,89,27,80,32.36,48.72,3.08
13149,60,12,76,27.13,43.88,3.3
13151,86,31,75,31.9,52.79,3.21
13153,97,28,85,36.29,50.09,3.48
13155,98,29,83,36.35,52.73,3.48
13157,93,35,78,33.24,52.48,3.13
13159,96,32,77,35.12,51.61,3.07
13161,98,23,88,36.77,48.48,3.63
13163,98,25,85,36.82,47.49,3.47
13165,98,22,86,37.26,46.96,3.77
13167,98,21,86,37.09,46.58,3.67
13169,96,29,79,35.57,49.9,3.16
13171,94,35,75,34.04,54.44,2.9
13173,97,25,79,35.93,49.52,3.18
13175,97,23,87,36.62,47.61,3.7
13177,97,31,84,35.86,54.4,3.45
13179,99,24,72,37.19,52.37,3.7
13181,97,30,81,36.01,49.35,3.15
13183,99,21,79,37.88,48.25,3.58
13185,97,37,85,35.76,55.01,3.45
13187,68,19,81,26.2,47.63,3.78
13189,96,31,82,35.26,50.7,3.2
13191,99,30,72,35.72,59.41,4.03
13193,97,31,80,36.15,51.79,3.29
13195,95,32,78,34.07,51.46,3.07
13197,97,40,80,35.4,55.47,3.2
13199,87,34,71,32.35,53.55,3.15
13201,98,33,86,36.38,54.73,3.32
13205,97,35,87,35.86,55.37,3.61
13207,95,30,79,34.85,50.89,3.1
13209,98,23,86,37.07,46.59,3.52
13211,94,32,79,34.2,51.19,3.12
13213,62,19,87,25.94,52.03,4.24
13215,92,39,80,34.05,54.37,3.33
13217,94,34,79,33.97,52.83,3.15
13219,95,33,78,34.4,51.6,3.16
13221,97,34,81,35.37,52.17,3.31
13223,67,22,80,27.64,51.25,3.22
13225,97,29,80,36.11,50.37,3.26
13227,76,20,75,28.16,48.2,3.39
13229,98,24,87,36.96,49.35,3.76
13231,94,36,71,33.84,55.5,3.09
13233,65,18,83,27.54,48.4,3.17
13235,97,26,84,36.39,49.69,3.57
13237,96,29,77,35.45,49.93,3.07
13239,96,38,81,35.12,55.92,3.13
13241,69,18,80,25.67,45.05,4.21
13243,97,39,82,35.65,56.16,3.19
13245,98,25,79,36.8,46.41,3.1
13247,92,35,77,33.14,53.59,3.17
13249,97,37,84,35.69,54.71,3.41
13251,98,17,83,37.21,45.68,3.45
13253,98,35,89,36.15,56.09,3.48
13255,91,32,71,32.72,54.46,3.04
13257,77,20,82,29.64,45.12,3.52
13259,95,39,81,34.73,56.05,2.99
13261,97,32,80,35.83,53.6,3.2
13263,89,39,80,33.1,54.37,3.32
13265,97,34,80,35.64,52.04,3.28
13267,98,23,87,36.95,47.78,3.78
13269,96,39,85,35.3,54.27,3.43
13271,98,24,86,36.93,48.23,3.57
13273,97,33,84,35.63,54.8,3.43
13275,98,38,81,35.94,55.55,3.22
13277,98,28,81,36.06,52.98,3.46
13279,98,22,87,37.0,46.11,3.66
13281,63,22,87,23.81,49.75,5.38
13283,97,19,86,36.48,45.3,3.6
13285,60,15,77,27.53,45.29,3.4
13287,97,30,81,35.6,53.52,3.45
13289,98,23,80,37.08,47.42,3.21
13291,63,22,88,24.09,49.9,4.75
13293,96,40,72,35.13,55.07,2.95
13295,60,13,84,24.94,49.09,4.21
13297,95,34,79,34.03,52.71,3.13
13299,98,27,92,36.71,51.31,4.1
13301,96,31,82,35.15,51.08,3.3
13303,98,25,85,36.66,48.74,3.57
13305,98,30,85,36.72,51.95,3.77
13307,97,38,81,35.5,55.65,3.11
13309,98,21,85,37.03,46.4,3.43
13311,76,24,80,27.67,48.84,3.89
13313,62,16,84,26.24,50.44,3.88
13315,98,29,87,36.77,51.51,3.79
13317,96,32,81,35.06,51.48,3.24
13319,98,26,81,37.32,48.26,3.38
13321,97,28,79,35.67,53.25,3.33
16001,92,6,82,33.39,23.159999999999997,3.52
16003,89,7,86,27.31,26.709999999999994,3.44
16005,96,6,87,30.88,26.39,4.22
16007,90,6,88,26.02,26.989999999999995,4.41
16009,90,4,84,27.67,31.599999999999994,4.13
16011,96,8,90,31.54,28.42,3.92
16013,92,6,85,28.29,25.53,3.97
16015,93,6,84,28.58,23.72,3.84
16017,93,4,80,27.29,34.739999999999995,3.54
16019,94,5,90,28.4,26.61,4.24
16021,97,3,74,27.45,34.92,3.18
16023,93,6,90,28.98,26.36,3.9
16025,95,8,82,28.28,26.36,3.76
16027,95,5,83,35.02,24.939999999999998,2.9
16029,96,6,85,28.56,27.480000000000004,4.45
16031,94,7,83,30.47,26.870000000000005,3.94
16033,93,5,90,27.02,27.200000000000003,4.22
16035,91,4,85,27.01,31.230000000000004,3.48
16037,95,7,80,25.45,27.269999999999996,4.14
16039,93,6,77,30.9,23.040000000000006,3.41
16041,95,5,89,30.04,25.510000000000005,3.6
16043,96,7,88,28.36,30.819999999999993,4.05
16045,94,5,85,32.39,23.319999999999993,3.19
16047,93,9,87,33.02,25.72,3.38
16049,91,4,79,26.06,29.799999999999997,3.31
16051,95,4,88,31.61,26.689999999999998,3.33
16053,91,7,89,32.36,26.069999999999993,3.62
16055,95,3,81,29.61,31.28,3.65
16057,89,3,90,27.61,30.03,3.93
16059,96,3,80,27.03,26.849999999999994,3.25
16061,92,4,88,28.38,29.040000000000006,2.97
16063,92,6,88,32.24,24.930000000000007,3.63
16065,95,4,86,29.62,26.75,4.23
16067,94,6,86,32.41,26.36,3.56
16069,90,4,90,29.3,26.239999999999995,3.69
16071,94,7,88,30.57,26.209999999999994,4.06
16073,94,6,77,31.81,23.340000000000003,3.17
16075,94,5,88,34.64,23.83,2.94
16077,96,6,85,32.12,26.17,3.85
16079,95,3,71,27.27,31.290000000000006,3.73
16081,95,4,86,27.69,27.299999999999997,4.52
16083,93,6,83,31.05,25.510000000000005,3.69
16085,94,4,77,26.0,25.299999999999997,3.7
16087,93,5,89,31.55,23.459999999999994,3.08
17001,97,7,82,34.09,43.08,3.95
17003,78,19,84,29.9,51.3,3.7
17005,99,6,75,36.38,42.65,3.82
17007,98,4,80,33.11,42.4,4.26
17009,97,11,84,34.12,46.0,4.2
17011,95,4,79,32.12,40.97,3.86
17013,97,6,80,34.81,41.93,3.8
17015,99,4,82,35.02,41.69,4.02
17017,97,7,80,34.21,43.29,4.06
17019,94,12,80,32.12,48.69,3.89
17021,98,10,79,34.67,45.94,4.04
17023,99,12,76,35.54,48.81,3.7
17025,99,15,74,36.37,48.93,3.63
17027,99,14,75,36.32,48.13,3.78
17029,98,13,80,34.51,48.43,4.03
17031,86,6,86,28.49,44.65,4.62
17033,98,15,79,34.89,50.89,3.6
17035,99,9,75,35.68,46.32,3.83
17037,98,5,81,33.15,42.78,4.38
17039,90,8,82,30.99,45.11,4.18
17041,98,8,75,34.77,44.87,3.73
17043,90,9,85,30.18,45.84,4.69
17045,99,11,77,35.32,48.87,3.81
17047,99,14,72,36.29,48.96,3.35
17049,98,11,78,34.83,47.6,4.0
17051,99,11,80,36.26,46.87,4.04
17053,95,7,78,32.21,45.33,3.97
17055,78,12,78,29.53,48.36,3.23
17057,98,10,82,34.7,46.01,4.21
17059,82,13,72,30.55,49.26,3.16
17061,97,5,79,34.49,41.73,3.87
17063,90,6,85,30.18,43.73,4.17
17065,97,14,70,34.59,49.61,3.1
17067,98,7,80,35.11,43.4,3.94
17069,64,11,91,25.99,47.51,4.67
17071,98,7,81,34.71,43.7,3.99
17073,94,5,84,31.64,42.38,4.19
17075,98,9,78,33.97,46.43,3.99
17077,60,10,93,24.47,46.68,4.39
17079,99,9,75,35.78,46.85,3.76
17081,98,16,70,35.23,49.39,3.19
17083,98,6,80,35.34,42.62,3.81
17085,99,4,85,34.7,42.35,4.19
17087,68,13,86,27.19,48.95,3.79
17089,98,5,78,33.2,43.62,4.27
17091,93,9,81,31.27,47.07,4.04
17093,90,6,86,29.96,43.76,4.29
17095,98,5,80,34.22,42.5,4.04
17097,84,6,92,26.93,46.55,5.72
17099,91,8,84,30.39,43.93,4.23
17101,98,9,65,34.78,46.82,3.08
17103,98,7,80,33.4,44.52,4.16
17105,98,6,78,34.02,44.19,3.79
17107,98,11,79,34.67,46.34,4.02
17109,97,7,80,33.89,44.92,4.07
17111,99,3,78,34.38,41.83,4.29
17113,91,6,80,31.13,43.8,4.26
17115,98,9,79,34.66,45.53,4.0
17117,98,12,82,35.24,46.16,4.14
17119,98,8,78,35.28,44.55,3.78
17121,98,9,71,35.13,44.74,3.5
17123,97,5,78,33.69,41.61,3.86
17125,97,10,80,34.23,45.08,4.07
17127,70,16,85,27.91,50.49,3.72
17129,98,9,82,34.7,44.64,4.21
17131,98,4,81,34.47,40.72,3.93
17133,98,12,77,35.55,46.11,3.38
17135,98,12,82,35.08,46.35,4.16
17137,97,8,82,34.11,44.29,4.17
17139,98,8,76,34.72,44.84,3.83
17141,98,6,80,33.27,44.56,4.28
17143,97,5,80,33.53,42.2,4.05
17145,98,21,74,35.36,50.8,3.17
17147,91,9,81,31.36,46.21,3.99
17149,97,7,79,34.31,43.05,3.84
17151,71,14,85,28.07,49.29,3.81
17153,77,20,83,29.62,52.43,3.62
17155,96,6,78,32.97,41.85,3.83
17157,77,12,77,29.66,45.29,3.35
17159,98,12,72,34.92,48.35,3.48
17161,99,6,81,35.87,42.49,3.86
17163,98,17,79,35.43,48.36,3.45
17165,77,11,78,29.52,48.01,3.37
17167,98,9,82,34.67,44.57,4.19
17169,98,9,79,34.9,45.37,4.0
17171,97,7,80,34.32,43.29,4.03
17173,98,11,79,34.78,46.84,4.02
17175,95,6,84,32.14,43.46,4.23
17177,99,4,85,34.35,43.04,4.45
17179,97,11,82,33.84,46.42,4.25
17181,70,13,83,27.78,48.18,3.57
17183,91,9,80,31.11,46.37,3.94
17185,98,12,70,35.05,48.37,3.16
17187,98,7,80,34.58,44.0,4.04
17189,97,9,69,34.45,45.06,3.3
17191,98,14,71,35.23,48.77,3.47
17193,96,13,71,34.12,49.97,3.2
17195,99,5,81,35.33,42.08,3.79
17197,90,7,83,30.02,45.76,4.14
17199,76,10,77,28.9,48.09,3.25
17201,98,5,81,33.15,43.85,4.29
17203,97,8,83,33.76,44.61,4.25
18001,93,11,83,30.78,48.35,4.22
18003,82,8,88,27.76,46.78,4.21
18005,82,20,85,28.76,53.16,4.22
18007,94,9,80,31.41,46.88,3.89
18009,89,9,82,29.09,48.22,4.15
18011,92,12,77,30.74,48.33,4.02
18013,81,14,78,28.39,50.84,3.69
18015,91,10,83,30.63,47.17,3.94
18017,89,7,81,29.66,45.64,4.1
18019,65,9,87,25.57,44.96,4.14
18021,92,9,74,31.4,47.36,3.57
18023,90,12,81,29.97,49.03,4.18
18025,66,9,88,25.71,45.64,4.34
18027,95,15,73,32.99,49.95,3.38
18029,82,7,74,28.53,45.65,3.15
18031,71,8,81,25.55,46.86,3.72
18033,87,10,87,28.9,48.44,4.04
18035,92,14,84,30.19,50.85,4.41
18037,67,10,90,25.77,46.42,4.48
18039,84,6,82,27.91,45.58,4.38
18041,99,6,64,33.78,44.83,3.2
18043,66,9,86,25.87,44.5,3.77
18045,92,12,80,31.08,48.42,3.97
18047,99,8,63,34.07,46.4,3.12
18049,89,11,83,29.31,49.2,4.41
18051,96,17,79,33.93,50.53,3.55
18053,90,9,82,29.72,48.11,4.24
18055,93,12,77,31.89,49.51,3.65
18057,92,12,77,30.5,49.46,3.96
18059,85,11,79,28.88,48.69,4.08
18061,66,9,89,25.82,45.17,4.24
18063,93,14,77,30.97,49.89,4.14
18065,93,18,80,30.33,52.71,4.32
18067,95,10,77,31.69,48.49,3.6
18069,87,8,84,29.12,46.65,4.44
18071,79,11,77,28.52,48.15,3.29
18073,91,8,80,30.33,46.3,3.86
18075,93,15,83,30.44,51.1,4.1
18077,66,9,89,25.02,47.71,4.72
18079,65,10,88,24.51,48.33,4.15
18081,85,14,81,28.95,50.78,4.21
18083,98,14,73,34.56,49.82,3.5
18085,89,6,81,28.98,45.36,4.34
18087,86,6,81,27.91,46.08,4.27
18089,90,6,81,29.86,45.45,4.11
18091,87,7,83,28.57,46.75,4.42
18093,66,8,85,25.12,46.17,3.89
18095,92,10,79,30.33,48.54,4.16
18097,84,10,80,28.69,47.74,4.17
18099,87,6,82,28.95,44.84,4.29
18101,63,7,90,24.53,45.15,4.39
18103,95,15,82,31.52,50.92,4.16
18105,92,13,77,31.18,50.43,3.53
18107,89,6,77,30.01,44.25,4.0
18109,92,11,76,30.8,48.83,4.0
18111,93,8,80,31.23,46.05,4.0
18113,87,6,81,28.39,45.8,4.25
18115,74,13,81,27.08,49.47,3.3
18117,64,8,89,24.76,45.54,4.63
18119,91,10,77,30.7,48.95,3.68
18121,97,12,79,33.61,47.96,3.92
18123,67,13,89,26.16,48.61,4.14
18125,97,15,71,33.93,49.53,3.23
18127,90,8,82,29.57,47.2,4.2
18129,90,11,70,32.16,47.88,3.12
18131,90,8,84,29.88,46.61,4.17
18133,97,11,75,32.93,48.55,3.86
18135,93,18,83,30.15,52.74,4.2
18137,66,7,83,23.99,47.03,3.52
18139,83,12,77,28.23,49.5,3.8
18141,93,12,83,30.33,49.57,4.62
18143,64,9,89,24.86,46.83,4.42
18145,82,14,78,28.47,50.69,3.95
18147,77,15,81,29.07,48.96,3.66
18149,90,10,83,29.9,47.89,4.14
18151,87,7,79,28.11,47.84,4.01
18153,98,14,77,34.29,50.85,3.75
18155,65,7,83,24.75,45.51,3.75
18157,91,9,82,30.52,46.46,4.07
18159,88,8,82,29.26,47.4,4.05
18161,96,5,65,31.88,43.26,3.23
18163,82,18,79,30.33,49.72,3.54
18165,98,11,78,34.29,48.14,3.82
18167,92,8,74,31.66,46.42,3.58
18169,88,9,83,29.19,47.75,4.36
18171,95,13,83,32.05,48.78,4.01
18173,84,17,78,30.58,49.65,3.53
18175,67,9,86,25.72,45.8,4.01
18177,99,6,64,33.49,45.01,3.5
18179,92,10,81,30.14,48.58,4.2
18181,91,5,80,30.45,43.31,3.91
18183,88,7,83,28.69,46.9,4.39
19001,97,8,90,33.74,40.95,4.93
19003,95,5,89,32.59,38.88,5.0
19005,98,4,87,32.51,40.92,4.46
19007,95,10,91,32.6,44.0,4.94
19009,97,8,89,33.49,41.69,4.95
19011,97,4,86,33.1,39.56,4.33
19013,98,4,85,33.4,39.48,4.24
19015,96,5,85,32.76,38.97,4.46
19017,97,4,85,32.36,39.58,4.74
19019,98,4,84,33.19,39.77,4.21
19021,97,8,89,32.65,40.49,4.74
19023,98,5,83,33.44,40.17,4.56
19025,97,8,87,33.24,40.67,4.81
19027,97,7,87,33.3,40.47,4.8
19029,96,8,90,33.09,41.13,4.98
19031,99,5,83,35.89,41.22,3.97
19033,96,4,84,31.55,39.32,4.63
19035,98,8,89,33.65,40.01,4.64
19037,97,4,85,32.1,39.82,4.77
19039,95,6,89,32.64,40.46,4.6
19041,89,7,93,29.16,41.01,5.31
19043,98,4,88,32.91,40.23,4.32
19045,99,5,83,35.34,41.99,4.02
19047,97,9,91,33.16,41.51,4.95
19049,96,7,88,32.9,41.31,4.2
19051,99,9,84,36.98,42.77,4.28
19053,96,5,89,33.27,38.95,4.48
19055,98,4,87,33.02,40.48,4.36
19057,99,6,81,36.26,42.32,3.92
19059,93,7,90,30.33,41.56,5.17
19061,98,4,86,32.87,41.28,4.33
19063,92,6,91,29.88,40.55,4.9
19065,97,4,87,31.98,39.98,4.73
19067,97,8,86,32.39,43.54,4.82
19069,95,6,86,31.44,40.95,4.5
19071,95,5,90,33.64,37.34,4.13
19073,97,6,85,33.66,39.06,4.65
19075,97,6,85,32.6,41.73,4.46
19077,97,6,86,33.6,40.02,4.41
19079,96,5,85,32.31,38.92,4.61
19081,96,5,86,31.77,39.55,4.69
19083,96,7,88,32.13,41.89,4.65
19085,98,10,92,34.8,41.74,5.11
19087,99,6,81,36.61,42.12,3.86
19089,98,3,83,32.3,38.88,4.57
19091,97,6,87,32.75,39.33,4.73
19093,97,9,91,33.16,40.75,4.95
19095,99,4,82,35.96,39.51,4.06
19097,97,4,87,32.51,41.41,4.32
19099,99,5,86,35.69,40.6,4.37
19101,99,4,79,36.88,39.41,3.87
19103,99,4,82,36.25,39.35,4.07
19105,99,4,83,35.32,40.16,4.26
19107,98,3,82,34.89,37.68,4.28
19109,96,5,85,31.9,38.61,4.48
19111,97,10,85,33.98,44.7,4.22
19113,97,4,85,33.13,39.54,4.37
19115,99,5,82,36.44,41.17,3.8
19117,96,6,88,33.32,40.61,4.45
19119,98,11,92,34.06,42.54,4.87
19121,97,5,87,33.82,38.86,4.55
19123,99,6,82,36.21,40.74,4.38
19125,99,6,85,36.25,40.5,4.2
19127,98,5,85,33.65,41.1,4.2
19129,95,7,92,33.23,39.4,4.71
19131,99,7,85,33.6,42.68,4.71
19133,98,8,92,34.95,39.36,4.98
19135,99,7,85,36.57,41.41,4.44
19137,97,11,92,34.07,42.91,5.03
19139,99,6,82,36.31,41.91,3.84
19141,96,8,90,32.3,41.19,4.59
19143,92,6,90,29.97,39.73,4.99
19145,97,4,88,34.2,37.77,4.49
19147,98,8,87,33.13,41.68,4.44
19149,98,8,89,34.55,38.81,4.67
19151,96,7,87,32.27,40.28,4.66
19153,99,5,85,35.82,39.77,4.14
19155,97,11,92,33.78,42.59,5.19
19157,99,5,84,35.6,41.15,4.44
19159,97,4,89,33.8,37.65,4.92
19161,97,8,86,32.94,40.89,4.62
19163,98,6,83,34.01,42.4,3.88
19165,97,10,91,33.38,42.6,5.08
19167,98,8,88,34.22,39.33,4.35
19169,96,6,88,32.17,41.79,4.69
19171,98,5,86,33.74,40.82,4.26
19173,98,5,89,34.89,38.86,5.0
19175,95,5,88,32.57,39.12,4.89
19177,99,7,81,36.97,41.88,3.83
19179,99,3,79,36.81,37.38,4.25
19181,96,6,87,33.23,40.37,4.27
19183,99,5,82,36.72,40.04,3.8
19185,96,8,90,33.08,42.36,4.69
19187,96,5,85,32.49,37.79,4.67
19189,96,6,86,31.62,40.8,4.72
19191,98,4,85,32.39,40.07,4.78
19193,98,8,90,34.69,39.21,4.85
19195,95,3,85,30.9,37.85,4.7
19197,96,6,85,31.89,40.51,4.62
20001,99,7,86,37.67,39.05,4.48
20003,96,6,89,35.19,37.8,4.93
20005,97,8,90,35.39,39.18,4.95
20007,97,6,88,38.4,31.53,4.79
20009,99,4,90,39.61,29.58,4.96
20011,97,5,90,36.08,38.01,4.64
20013,96,7,89,35.02,38.58,4.81
20015,99,5,82,38.69,34.2,4.8
20017,99,3,82,38.5,31.989999999999995,4.7
20019,99,5,81,39.0,35.5,4.05
20021,95,4,88,35.02,37.49,4.55
20023,97,8,90,35.8,28.519999999999996,4.3
20025,96,6,92,37.56,29.189999999999998,4.5
20027,99,2,91,39.19,30.099999999999994,4.54
20029,98,2,90,37.48,29.769999999999996,4.67
20031,99,5,81,37.8,36.55,4.49
20033,97,8,93,38.27,31.450000000000003,5.16
20035,97,6,83,37.57,35.650000000000006,4.2
20037,96,6,90,35.51,39.93,4.64
20039,97,6,90,36.55,30.0,4.65
20041,99,3,90,39.09,31.86,4.82
20043,97,10,89,34.98,41.86,4.47
20045,98,3,86,36.42,35.349999999999994,3.97
20047,99,5,87,39.37,29.909999999999997,4.81
20049,97,9,88,36.86,38.84,4.62
20051,99,5,89,39.33,30.269999999999996,4.82
20053,99,3,92,39.48,29.760000000000005,5.26
20055,98,6,90,37.59,27.760000000000005,4.91
20057,97,8,93,37.16,30.659999999999997,5.42
20059,97,4,84,35.81,35.59,4.37
20061,99,4,87,38.37,34.230000000000004,4.46
20063,96,6,90,36.07,29.349999999999994,4.47
20065,97,8,93,36.96,32.61,5.2
20067,99,8,89,38.9,26.67,4.29
20069,98,7,93,37.75,28.799999999999997,5.36
20071,97,10,91,36.31,27.89,4.44
20073,99,5,82,38.25,35.28,4.38
20075,97,11,92,37.06,27.549999999999997,4.46
20077,96,8,90,37.96,35.06,4.87
20079,99,4,86,39.22,32.93000000000001,4.71
20081,98,6,90,37.74,26.870000000000005,4.71
20083,98,7,92,38.05,30.180000000000007,5.26
20085,97,7,89,35.74,37.74,4.87
20087,97,6,90,35.44,38.09,4.61
20089,98,7,89,37.22,35.14,4.47
20091,97,5,89,35.21,37.58,4.57
20093,98,7,90,37.61,26.53,4.62
20095,98,7,89,38.77,34.22,5.33
20097,98,7,92,38.13,31.189999999999998,5.64
20099,96,5,88,35.79,38.43,4.68
20101,98,6,91,37.63,28.409999999999997,4.95
20103,97,6,90,35.38,38.18,4.71
20105,99,2,91,39.92,28.17,4.77
20107,97,5,89,35.81,37.73,4.63
20109,97,7,91,36.57,28.260000000000005,4.61
20111,99,4,83,37.94,34.91,4.44
20113,99,3,88,39.29,30.86,5.07
20115,99,5,88,38.63,34.620000000000005,5.32
20117,99,5,88,38.0,35.75,4.56
20119,97,6,92,37.72,28.060000000000002,4.92
20121,97,4,89,35.5,36.51,4.54
20123,98,4,87,38.16,31.730000000000004,4.3
20125,95,6,88,35.6,38.03,4.63
20127,99,3,84,38.25,33.209999999999994,4.69
20129,98,6,87,37.76,23.349999999999994,4.65
20131,97,5,89,35.62,36.01,4.83
20133,96,6,88,35.64,38.97,4.44
20135,98,7,91,38.17,30.569999999999993,4.93
20137,97,9,92,36.64,33.43000000000001,4.86
20139,97,3,84,35.73,34.45,4.29
20141,98,7,90,38.38,33.28,4.77
20143,99,3,92,39.75,30.75,4.49
20145,99,3,86,39.45,27.810000000000002,4.7
20147,97,7,92,36.97,33.010000000000005,4.57
20149,99,4,88,38.32,34.56,4.53
20151,98,7,90,38.42,32.17,5.51
20153,97,8,90,36.1,30.540000000000006,4.55
20155,99,3,86,39.45,30.769999999999996,4.78
20157,98,3,89,37.07,32.120000000000005,4.77
20159,98,3,90,37.93,30.120000000000005,5.39
20161,99,4,89,38.62,34.06,4.33
20163,99,6,88,39.15,31.5,4.6
20165,99,4,89,39.64,28.83,4.82
20167,98,4,92,38.13,30.230000000000004,5.27
20169,99,3,93,39.54,31.03,4.7
20171,98,7,91,37.58,28.209999999999994,4.92
20173,99,5,84,39.34,34.230000000000004,4.45
20175,98,6,91,38.16,26.930000000000007,4.74
20177,96,7,90,34.94,38.86,4.51
20179,97,6,91,36.67,29.739999999999995,4.93
20181,97,10,92,35.56,29.730000000000004,4.67
20183,97,10,94,36.85,35.68000000000001,4.92
20185,99,3,86,39.8,28.549999999999997,4.63
20187,98,8,88,37.86,25.379999999999995,4.35
20189,98,5,87,37.78,24.629999999999995,4.39
20191,97,8,87,38.0,37.07,4.57
20193,97,6,88,35.98,28.53,4.64
20195,98,7,91,37.73,31.459999999999994,4.65
20197,97,7,89,35.84,38.09,4.9
20199,96,7,91,35.76,26.409999999999997,4.78
20201,99,3,89,38.56,31.939999999999998,4.58
20203,99,9,90,37.92,28.58,4.74
20205,98,8,89,37.28,39.53,4.46
20207,99,6,84,37.96,37.46,4.25
20209,97,6,90,35.26,37.83,4.75
21001,60,12,92,24.42,47.54,4.42
21003,61,9,88,25.27,46.52,4.19
21005,65,12,88,25.48,47.34,4.11
21007,78,19,86,30.05,51.59,3.77
21009,61,9,88,25.35,45.7,3.86
21011,69,9,83,26.53,44.54,3.71
21013,68,14,84,25.43,47.03,3.93
21015,82,9,72,28.87,45.75,2.91
21017,68,7,76,26.0,44.43,3.55
21019,69,12,94,26.48,44.65,4.61
21021,67,11,81,25.97,47.12,3.64
21023,71,7,77,26.3,44.32,3.47
21025,71,11,86,27.04,42.41,3.69
21027,66,10,89,26.21,47.3,4.32
21029,66,9,88,26.64,43.11,3.98
21031,63,10,89,25.81,46.7,4.23
21033,74,12,83,29.29,46.74,4.02
21035,66,8,83,27.26,44.54,3.42
21037,74,8,74,27.16,45.17,3.49
21039,79,18,86,30.49,50.11,3.9
21041,66,9,88,25.55,45.49,4.5
21043,66,11,92,25.45,45.23,4.53
21045,60,12,92,23.97,47.69,4.23
21047,67,9,83,27.3,45.55,3.77
21049,68,11,82,26.17,46.59,3.59
21051,73,10,81,27.19,43.63,3.67
21053,66,7,82,26.23,43.64,3.5
21055,71,11,85,28.2,46.77,4.36
21057,63,13,90,25.83,47.14,4.23
21059,77,15,82,29.48,49.02,3.62
21061,67,12,87,27.15,47.46,3.89
21063,68,12,91,26.24,45.05,4.2
21065,68,10,84,26.48,44.1,3.74
21067,67,8,82,25.58,45.06,3.69
21069,62,12,92,24.03,46.63,4.6
21071,67,12,91,26.44,41.32,4.37
21073,66,12,88,25.52,48.17,4.5
21075,75,16,88,29.75,49.6,4.19
21077,68,8,83,25.83,45.24,3.43
21079,68,10,81,26.47,45.37,3.71
21081,82,10,70,29.31,46.03,3.12
21083,77,17,84,29.83,49.05,3.8
21085,62,9,90,25.17,46.22,4.55
21087,60,14,93,24.65,48.04,4.73
21089,68,12,93,26.07,45.26,4.78
21091,77,20,85,29.02,52.02,3.86
21093,65,8,83,25.88,44.44,3.8
21095,69,11,83,24.86,43.85,3.96
21097,72,8,76,27.06,44.76,3.44
21099,65,8,84,26.33,44.45,3.81
21101,71,10,84,28.04,45.25,3.77
21103,66,9,88,25.64,45.77,4.66
21105,77,17,89,30.01,49.74,4.59
21107,76,10,84,29.82,45.89,3.71
21109,64,10,87,24.46,45.34,4.19
21111,65,11,88,25.81,44.84,3.96
21113,68,12,82,26.23,46.85,3.7
21115,71,9,85,27.38,40.55,3.69
21117,75,8,73,27.38,45.04,3.22
21119,64,13,94,24.93,42.91,4.85
21121,68,12,85,26.23,45.14,3.95
21123,66,13,86,26.23,47.43,3.94
21125,70,11,81,26.64,45.11,3.55
21127,68,11,90,26.43,43.31,4.07
21129,70,10,84,26.82,43.46,3.75
21131,67,13,88,25.29,44.74,4.2
21133,60,13,94,23.44,42.53,5.18
21135,65,11,92,25.0,45.41,4.66
21137,60,12,93,23.87,47.27,4.53
21139,68,11,85,27.46,47.02,4.08
21141,62,9,87,25.48,46.51,3.94
21143,69,11,85,28.16,46.38,4.2
21145,72,18,86,28.6,50.67,3.75
21147,60,8,90,24.06,44.12,4.1
21149,81,9,76,30.51,45.82,3.27
21151,67,12,83,26.08,46.9,3.75
21153,67,11,90,26.1,42.69,4.11
21155,60,12,92,24.28,46.88,4.63
21157,72,12,83,28.96,46.84,3.62
21159,68,11,91,26.46,41.81,4.43
21161,72,7,76,26.69,43.87,3.47
21163,65,10,88,25.77,46.23,4.14
21165,69,8,84,26.32,42.91,3.57
21167,68,11,81,26.49,46.13,3.57
21169,60,11,90,24.62,47.21,4.33
21171,63,9,85,25.88,45.99,3.69
21173,69,11,83,26.48,46.31,3.67
21175,68,11,90,26.41,44.16,3.99
21177,78,9,79,29.88,46.18,3.39
21179,66,10,87,26.5,44.94,3.97
21181,68,6,78,25.92,43.31,3.5
21183,63,8,87,25.87,45.2,3.97
21185,66,11,88,25.9,46.38,4.48
21187,63,13,91,24.71,47.7,4.51
21189,71,11,84,26.95,44.06,3.8
21191,70,6,76,26.29,43.31,3.54
21193,69,10,86,26.23,41.8,3.91
21195,70,13,90,26.88,41.38,4.34
21197,69,9,83,26.59,43.54,3.52
21199,61,10,89,24.43,45.84,3.95
21201,70,7,78,26.47,43.81,3.26
21203,60,11,92,23.78,45.99,4.66
21205,64,10,92,24.93,43.95,4.44
21207,61,13,92,24.53,48.19,4.04
21209,72,9,72,26.99,45.8,3.47
21211,64,9,88,25.09,46.43,4.54
21213,61,10,89,25.16,47.7,4.25
21215,66,10,88,26.18,45.31,4.25
21217,65,12,86,25.83,47.66,4.09
21219,63,11,87,25.89,47.57,4.03
21221,68,10,83,27.73,45.9,3.69
21223,66,9,87,25.44,46.18,4.66
21225,69,9,84,27.55,45.67,3.75
21227,61,10,88,25.3,47.35,4.06
21229,66,12,89,26.14,46.81,4.09
21231,67,7,82,26.27,43.78,3.44
21233,74,8,85,29.25,44.3,3.82
21235,66,9,86,25.73,43.92,4.0
21237,72,9,83,27.12,42.64,3.47
21239,69,12,80,26.34,47.18,3.69
22001,96,37,73,34.76,62.39,2.93
22003,98,39,82,35.93,61.55,3.58
22005,61,25,88,29.31,56.14,3.18
22007,80,30,74,32.13,58.52,2.61
22009,98,33,72,36.01,58.72,3.01
22011,97,36,84,35.4,60.53,3.69
22013,97,27,74,36.36,53.83,3.26
22015,98,18,73,37.35,49.12,3.18
22017,98,22,76,37.41,50.36,3.43
22019,97,39,79,34.71,63.96,3.02
22021,96,31,74,35.74,55.17,3.29
22023,68,18,68,30.06,59.02,3.04
22025,98,25,72,36.41,54.12,2.99
22027,97,19,73,36.26,52.21,3.1
22029,98,19,69,36.19,51.88,2.9
22031,98,19,71,37.15,49.67,3.06
22033,66,29,92,30.1,57.08,3.93
22035,98,9,62,36.3,46.5,2.69
22037,91,40,74,33.55,60.91,3.16
22039,96,33,77,35.33,59.74,3.33
22041,98,17,63,36.66,50.08,2.67
22043,69,29,91,30.75,55.75,4.18
22045,61,35,89,28.61,63.66,4.05
22047,83,32,74,32.46,59.31,2.58
22049,97,30,76,36.47,54.27,3.47
22051,62,27,82,29.12,61.13,3.36
22053,85,36,84,32.87,62.44,3.27
22055,72,34,86,31.07,61.16,3.41
22057,60,27,81,28.64,60.64,3.41
22059,98,29,72,36.57,55.62,3.0
22061,97,30,76,36.43,54.81,3.33
22063,94,37,70,34.23,60.52,2.78
22065,98,19,64,36.14,51.52,2.68
22067,71,21,87,30.89,51.71,3.81
22069,98,26,72,36.88,53.81,3.14
22071,66,25,80,30.06,59.51,3.6
22073,95,33,78,35.56,55.94,3.34
22075,70,27,83,29.69,66.9,4.53
22077,74,33,93,31.17,59.5,3.93
22079,96,29,70,35.4,57.17,3.17
22081,97,26,74,36.51,52.93,3.1
22083,98,19,66,36.5,51.39,2.74
22085,98,26,77,36.69,53.78,3.5
22087,67,30,84,29.6,65.25999999999999,4.29
22089,70,30,82,30.56,59.82,2.95
22091,96,38,74,34.92,59.72,3.17
22093,73,27,79,31.21,57.4,2.69
22095,70,26,81,30.57,58.89,2.9
22097,87,37,87,33.27,60.97,3.67
22099,84,32,72,32.44,60.32,2.61
22101,66,36,86,29.44,63.21,3.83
22103,95,39,68,34.23,63.51,3.18
22105,94,33,68,34.4,59.36,2.83
22107,99,21,65,37.26,51.51,2.71
22109,61,31,84,28.48,62.98,4.12
22111,76,32,85,31.86,55.25,3.64
22113,74,38,75,30.94,64.92,3.33
22115,97,35,81,35.84,58.41,3.77
22117,96,35,74,35.06,58.18,3.21
22119,97,18,74,36.58,50.33,3.28
22121,73,36,93,31.21,59.87,3.99
22123,98,12,63,36.58,47.9,2.73
22125,95,36,72,34.38,59.94,3.04
22127,67,29,93,30.37,54.38,4.55
23001,83,19,75,25.0,46.01,3.81
23003,87,12,75,24.01,47.43,3.97
23005,77,27,75,22.87,51.72,4.39
23007,72,12,75,18.94,45.81,4.39
23009,85,19,64,24.44,47.93,3.93
23011,85,22,74,25.56,45.98,3.5
23013,78,28,68,21.57,53.87,4.37
23015,83,26,64,23.73,52.88,3.87
23017,69,7,70,19.04,43.52,4.24
23019,83,16,72,24.07,44.97,4.06
23021,80,20,81,21.88,47.2,4.58
23023,68,17,72,19.65,48.53,4.14
23025,74,13,74,19.82,45.9,4.38
23027,80,23,80,23.35,49.44,4.63
23029,76,22,70,21.51,50.6,4.5
23031,83,27,76,25.37,50.31,4.47
24001,77,10,82,26.61,44.05,3.63
24003,85,28,73,30.36,49.41,3.3
24005,69,18,84,25.76,44.87,3.85
24009,60,10,80,23.13,44.32,3.64
24011,74,16,76,27.83,45.98,3.5
24013,75,13,78,26.99,44.92,3.67
24015,90,20,68,31.55,45.79,3.39
24017,75,12,84,27.9,41.32,3.84
24019,68,12,65,26.15,46.54,2.88
24021,77,12,81,27.66,45.3,3.44
24023,68,12,93,21.4,48.6,5.75
24025,91,19,65,31.84,45.2,3.08
24027,69,16,87,25.8,44.94,4.07
24029,66,14,82,25.06,43.91,3.94
24031,76,14,82,27.58,44.53,3.68
24033,66,12,83,25.29,42.62,3.8
24035,66,18,83,25.27,46.43,3.78
24037,60,15,82,23.16,46.82,4.06
24039,64,19,79,24.64,50.78,3.69
24041,69,20,75,26.39,48.3,2.97
24043,78,12,80,27.97,42.59,3.28
24045,60,15,83,23.68,48.09,4.36
24047,65,18,76,24.43,51.81,4.25
24510,65,10,78,24.96,37.34,3.42
25001,64,27,82,18.52,58.98,5.6
25003,65,10,83,19.04,45.98,4.29
25005,92,26,63,28.73,51.02,4.08
25007,62,22,80,18.5,57.24,5.22
25009,61,12,80,19.04,45.78,4.48
25011,64,7,80,19.74,41.31,4.82
25013,65,11,83,20.75,43.18,4.23
25015,64,8,81,20.08,41.65,4.34
25017,64,9,84,20.81,40.24,4.28
25019,60,25,82,16.34,60.66,6.03
25021,65,13,84,21.14,43.43,4.48
25023,90,22,67,27.82,50.37,4.04
25025,63,12,88,20.0,43.45,5.04
25027,72,17,80,22.67,45.52,3.97
26001,90,7,88,27.68,44.89,5.15
26003,90,8,86,26.37,48.39,5.3
26005,81,6,87,26.31,47.62,5.09
26007,90,10,84,27.02,50.94,5.09
26009,92,8,81,27.91,47.36,4.76
26011,92,6,82,28.46,46.35,4.03
26013,84,4,86,24.53,40.21,5.02
26015,90,7,77,29.08,46.45,4.17
26017,98,12,84,32.05,50.78,3.95
26019,97,8,80,29.88,48.76,4.67
26021,89,11,85,28.79,51.73,5.13
26023,86,9,81,27.92,49.41,4.25
26025,87,13,83,28.0,51.25,4.41
26027,93,14,82,30.27,51.51,4.48
26029,93,17,83,27.09,54.69,5.0
26031,94,8,80,28.46,48.6,4.92
26033,80,10,86,22.16,50.04,4.68
26035,95,10,86,29.69,47.79,4.59
26037,94,5,79,30.28,44.67,4.21
26039,85,8,94,25.86,46.23,5.52
26041,97,10,80,28.59,50.52,4.34
26043,85,11,85,25.16,46.8,4.1
26045,88,15,86,28.09,52.86,4.61
26047,84,9,84,24.2,50.8,5.01
26049,94,7,79,29.92,46.76,4.11
26051,96,8,79,30.79,45.53,3.86
26053,81,4,88,23.24,41.95,4.81
26055,97,5,82,30.18,43.84,4.77
26057,95,5,80,30.78,45.14,3.99
26059,88,17,88,28.23,53.29,4.75
26061,87,4,83,24.85,42.68,4.93
26063,93,3,81,28.81,46.75,4.59
26065,98,5,73,31.96,44.88,3.91
26067,92,7,80,29.6,46.57,4.27
26069,92,6,83,28.48,43.72,4.71
26071,81,3,84,23.6,39.41,4.19
26073,96,8,85,30.91,46.77,4.24
26075,85,14,90,27.3,51.67,4.86
26077,88,8,79,28.85,46.24,4.27
26079,89,9,87,26.8,47.56,4.85
26081,95,8,78,30.47,47.17,4.16
26083,93,6,81,24.41,47.05,5.27
26085,98,7,85,31.81,46.6,5.25
26087,92,9,83,29.31,48.66,4.44
26089,94,11,82,27.74,53.28,4.85
26091,87,15,89,28.54,51.08,4.68
26093,96,5,73,30.7,44.62,3.95
26095,90,20,86,25.86,58.49,4.85
26097,89,16,76,24.51,53.87,4.12
26099,94,8,75,30.18,46.95,3.63
26101,93,8,82,28.4,48.5,5.32
26103,84,4,88,24.27,41.39,5.06
26105,97,11,86,30.48,50.62,5.51
26107,96,7,84,30.46,46.54,4.35
26109,99,10,76,32.01,46.65,3.92
26111,97,7,80,32.01,45.71,3.64
26113,96,8,83,29.72,46.25,4.52
26115,91,16,87,29.92,51.43,4.53
26117,95,8,82,30.54,47.36,4.29
26119,87,6,91,26.86,42.66,5.57
26121,84,9,88,25.89,49.93,5.72
26123,97,7,78,31.24,46.38,4.44
26125,92,15,89,29.3,50.87,4.76
26127,85,11,91,26.31,51.6,6.22
26129,91,12,85,28.23,48.55,4.37
26131,94,8,82,27.71,45.62,4.57
26133,96,9,85,29.82,47.67,4.65
26135,89,8,85,27.41,45.46,4.71
26137,89,7,88,27.1,43.56,5.35
26139,81,8,86,25.87,48.51,4.88
26141,91,5,84,27.41,46.1,5.34
26143,91,10,87,27.72,47.81,4.7
26145,93,10,86,30.09,48.46,4.08
26147,91,13,91,28.82,52.92,5.01
26149,87,9,82,28.55,47.73,4.33
26151,92,5,83,29.03,47.08,4.73
26153,94,15,78,27.25,54.54,4.37
26155,95,5,77,30.53,44.57,4.11
26157,94,6,81,30.41,45.91,4.17
26159,86,6,79,27.78,47.83,4.6
26161,89,13,84,28.7,51.0,4.52
26163,90,12,79,29.23,48.51,4.0
26165,97,12,89,30.04,50.09,5.38
27001,84,5,94,25.19,39.18,5.15
27003,98,8,86,32.72,42.86,4.09
27005,89,4,92,27.17,36.27,4.99
27007,93,2,83,28.25,33.25,4.26
27009,98,12,87,32.52,45.24,4.8
27011,92,6,95,30.13,37.97,5.39
27013,95,8,90,31.54,41.3,4.67
27015,93,6,91,30.57,39.25,4.81
27017,84,7,93,25.24,41.4,5.19
27019,99,6,84,34.04,40.56,3.97
27021,87,5,89,26.14,38.29,4.59
27023,93,8,93,30.6,40.04,5.18
27025,99,7,81,33.51,42.51,4.16
27027,94,6,92,30.66,37.75,4.78
27029,90,5,91,27.14,37.35,5.1
27031,91,5,79,24.56,38.27,4.44
27033,93,8,93,30.38,41.74,5.59
27035,82,6,93,25.08,38.82,5.15
27037,99,8,87,33.87,42.78,4.16
27039,94,6,87,30.47,42.86,4.96
27041,93,10,92,29.21,44.43,4.91
27043,97,7,88,32.18,41.38,4.88
27045,99,4,86,33.36,40.62,4.8
27047,98,6,86,32.46,41.53,4.77
27049,98,7,88,32.81,42.74,4.39
27051,92,10,95,29.72,42.4,5.35
27053,96,10,89,31.44,43.77,4.35
27055,98,3,87,32.41,39.75,4.66
27057,88,4,89,26.48,36.34,5.08
27059,89,5,92,28.03,39.53,4.75
27061,89,2,87,26.3,33.129999999999995,4.59
27063,91,5,91,29.42,38.64,5.33
27065,84,5,92,26.06,40.1,5.03
27067,89,6,94,28.75,39.42,5.38
27069,96,4,89,30.92,36.43,4.32
27071,92,2,87,27.54,32.84,4.61
27073,92,6,94,30.75,37.72,5.39
27075,84,8,91,23.65,42.71,5.37
27077,97,3,88,30.52,35.91,4.64
27079,98,8,89,32.94,41.95,4.39
27081,98,10,93,32.89,42.09,5.26
27083,95,8,93,31.45,39.75,5.07
27085,93,8,90,30.28,42.52,4.35
27087,91,4,92,28.11,35.480000000000004,5.1
27089,96,5,91,31.13,37.35,4.84
27091,92,4,90,29.8,37.76,5.11
27093,88,7,94,28.48,40.66,5.02
27095,83,6,94,25.74,40.49,5.28
27097,85,7,94,26.87,41.06,5.24
27099,99,7,86,33.31,43.38,4.79
27101,92,7,93,29.82,39.92,5.42
27103,97,8,88,32.62,41.23,4.17
27105,93,5,90,30.38,37.81,5.3
27107,95,6,93,31.29,37.81,4.81
27109,98,6,86,32.49,42.75,4.44
27111,88,6,94,27.43,39.73,4.93
27113,93,3,91,29.37,33.2,4.75
27115,89,8,91,27.18,43.39,4.87
27117,97,10,92,32.45,42.02,5.06
27119,92,4,93,29.0,35.7,4.91
27121,91,6,92,28.97,39.39,5.01
27123,98,8,87,33.23,41.66,4.13
27125,94,4,93,29.79,35.16,4.92
27127,94,6,87,31.12,38.56,4.51
27129,93,4,89,30.64,36.59,4.37
27131,97,6,85,32.1,41.84,4.61
27133,98,12,93,33.59,42.65,5.44
27135,94,2,88,28.99,33.56999999999999,4.43
27137,83,3,90,24.01,36.51,4.81
27139,98,7,88,32.92,41.54,4.25
27141,98,10,87,32.84,43.53,4.57
27143,97,9,88,32.47,42.89,4.16
27145,88,9,94,28.21,43.11,5.22
27147,93,8,91,30.25,43.38,5.32
27149,92,6,92,29.56,39.88,5.05
27151,93,7,93,30.39,39.84,5.16
27153,88,7,93,27.56,42.38,5.27
27155,92,8,95,30.5,39.02,5.21
27157,97,3,85,32.25,37.75,4.13
27159,89,6,88,27.15,41.55,4.18
27161,98,7,86,32.73,41.94,4.47
27163,99,8,87,33.84,42.92,4.12
27165,92,6,93,30.17,39.57,5.49
27167,93,6,93,30.64,36.78,4.8
27169,98,3,86,32.51,38.55,4.29
27171,98,10,87,32.8,44.44,4.61
27173,94,8,93,31.17,40.4,5.1
28001,74,31,89,31.19,54.83,4.06
28003,64,15,85,27.89,47.73,4.05
28005,94,38,79,34.21,59.42,3.56
28007,64,25,90,28.82,52.55,4.24
28009,64,12,83,27.64,46.9,4.01
28011,96,29,79,35.47,54.75,3.36
28013,66,11,78,28.91,45.76,3.36
28015,69,18,81,29.62,49.79,3.62
28017,64,12,80,28.16,47.7,3.32
28019,66,21,89,29.01,51.89,4.01
28021,68,29,92,30.28,54.54,4.18
28023,64,21,88,29.26,50.12,3.83
28025,63,11,78,28.42,46.33,3.02
28027,96,26,74,35.36,53.54,3.19
28029,74,32,88,31.29,55.46,3.94
28031,71,28,86,30.39,54.17,3.53
28033,78,26,84,30.85,52.93,4.0
28035,74,28,85,31.42,52.22,3.62
28037,70,28,88,30.69,54.43,4.11
28039,63,28,86,29.75,51.48,3.85
28041,64,23,87,29.8,50.18,3.66
28043,70,14,79,29.76,47.95,3.44
28045,96,38,71,34.4,63.41,3.45
28047,94,40,68,33.72,64.14,3.63
28049,64,26,91,29.38,53.17,4.19
28051,68,15,80,29.71,48.41,3.52
28053,72,12,78,31.13,47.72,3.19
28055,74,17,80,31.17,50.92,3.4
28057,65,9,81,28.61,43.68,3.42
28059,70,30,77,29.96,60.56,3.8
28061,68,30,88,29.85,54.36,3.76
28063,68,28,91,30.31,53.9,4.34
28065,73,28,84,30.95,54.91,3.46
28067,68,24,86,30.14,51.2,3.5
28069,67,24,89,29.57,51.28,3.76
28071,64,13,82,28.04,47.5,3.62
28073,75,30,86,31.5,54.6,3.69
28075,66,24,87,29.54,51.61,3.73
28077,71,30,86,30.86,55.31,3.82
28079,67,22,84,29.66,50.34,3.58
28081,65,9,80,28.62,44.35,3.42
28083,69,16,86,30.11,49.54,3.65
28085,80,38,86,32.08,58.63,3.86
28087,68,19,80,29.76,49.39,3.09
28089,66,26,89,29.65,52.88,4.05
28091,74,31,86,31.42,56.36,3.68
28093,64,14,85,27.59,48.43,3.99
28095,64,11,81,28.57,45.61,3.29
28097,67,23,88,28.8,52.16,4.13
28099,66,22,88,29.19,50.08,3.77
28101,64,23,86,28.93,51.12,3.7
28103,67,21,84,29.55,51.01,3.37
28105,64,20,88,28.65,51.11,3.57
28107,67,12,84,28.92,47.05,3.7
28109,94,36,79,34.39,59.07,3.52
28111,71,30,85,31.19,52.21,3.56
28113,95,36,76,34.54,58.74,3.4
28115,64,11,80,27.98,47.04,3.46
28117,65,9,78,27.99,45.09,3.55
28119,68,12,83,29.52,46.96,3.62
28121,66,25,89,29.78,52.09,3.98
28123,66,24,86,29.68,51.04,3.75
28125,73,16,78,31.12,50.4,3.26
28127,64,23,86,29.26,52.39,3.8
28129,64,21,85,29.14,51.07,3.73
28131,96,37,69,35.06,56.37,3.16
28133,72,14,82,30.77,48.79,3.4
28135,71,14,82,30.23,48.05,3.68
28137,65,13,84,27.95,47.92,3.86
28139,65,12,82,27.77,46.97,4.04
28141,67,10,79,28.39,45.01,3.6
28143,73,21,83,30.22,51.24,3.77
28145,64,13,83,28.0,47.25,3.87
28147,95,37,73,34.58,58.88,3.28
28149,65,19,90,29.72,50.85,4.03
28151,73,11,79,31.12,47.46,3.35
28153,71,25,87,30.78,51.34,3.52
28155,66,21,87,29.04,50.71,3.79
28157,97,23,67,35.2,53.94,2.99
28159,68,23,87,29.38,52.51,3.76
28161,65,15,82,28.62,47.91,3.59
28163,71,21,82,30.6,51.52,3.5
29001,96,7,88,33.62,41.9,4.66
29003,98,7,89,35.52,40.36,4.37
29005,97,6,90,34.72,38.85,4.34
29007,99,3,79,37.2,37.74,3.98
29009,97,8,82,34.54,41.28,3.86
29011,95,4,90,34.54,37.96,4.68
29013,98,3,88,36.59,35.42,4.53
29015,96,7,90,34.65,39.91,4.54
29017,71,20,86,27.96,48.76,4.14
29019,99,4,81,36.89,38.83,4.05
29021,97,8,89,34.85,40.31,4.58
29023,98,15,72,36.22,45.85,3.06
29025,98,8,89,35.38,41.49,4.56
29027,99,6,75,36.63,40.48,3.65
29029,97,9,84,34.99,39.41,3.98
29031,67,17,92,27.24,48.99,4.59
29033,98,6,88,35.63,40.07,4.27
29035,98,19,70,35.98,44.82,3.06
29037,97,4,90,35.56,37.0,4.71
29039,98,9,90,36.15,42.29,4.43
29041,99,6,89,36.82,40.67,4.06
29043,97,21,82,34.43,48.46,4.16
29045,97,10,85,34.4,44.45,4.07
29047,98,6,88,35.49,39.09,4.5
29049,97,6,85,34.41,39.23,4.22
29051,99,7,80,36.85,39.75,3.63
29053,99,4,81,36.63,38.17,3.75
29055,87,8,79,31.38,39.3,3.65
29057,98,10,89,36.02,42.99,4.46
29059,97,11,83,34.84,42.81,4.01
29061,98,8,89,35.37,41.32,4.56
29063,98,9,90,35.21,42.26,4.62
29065,78,13,80,29.07,42.3,3.9
29067,91,24,82,32.39,48.78,3.97
29069,98,15,72,36.39,47.39,3.05
29071,85,9,78,31.1,41.73,3.55
29073,90,13,79,32.04,43.36,3.75
29075,98,7,89,35.35,40.62,4.41
29077,98,7,79,35.32,40.95,4.03
29079,97,5,89,34.56,38.54,4.54
29081,95,4,89,33.15,37.32,4.49
29083,97,7,89,35.41,40.33,4.62
29085,98,7,86,35.85,40.25,4.07
29087,97,5,89,34.89,37.92,4.39
29089,99,4,83,36.68,38.68,3.89
29091,60,12,92,24.5,42.2,4.47
29093,67,15,92,26.31,43.3,5.09
29095,98,6,87,35.99,38.52,4.51
29097,96,8,87,35.06,41.38,4.68
29099,98,6,70,35.63,40.74,3.22
29101,98,5,91,36.01,38.97,4.9
29103,97,6,82,34.52,40.86,4.29
29105,98,11,80,35.4,41.6,3.81
29107,98,6,91,35.69,40.12,4.58
29109,99,7,80,36.55,41.01,3.93
29111,97,8,80,34.49,43.11,3.96
29113,97,6,79,35.12,41.44,3.88
29115,99,9,89,36.97,42.12,4.58
29117,97,7,89,34.71,41.41,4.71
29119,97,9,86,35.24,41.57,4.2
29121,97,5,86,34.9,39.46,4.59
29123,68,21,90,26.79,46.95,4.93
29125,97,10,80,34.36,41.69,3.42
29127,95,3,82,33.6,38.55,3.87
29129,96,4,89,33.58,37.14,4.35
29131,84,11,86,30.74,41.07,3.99
29133,77,20,90,30.1,52.17,4.38
29135,99,5,79,36.92,38.47,3.81
29137,96,4,86,34.28,38.66,4.16
29139,99,7,74,37.24,41.15,3.89
29141,99,9,82,36.74,40.41,3.93
29143,85,11,75,31.9,47.21,3.26
29145,97,9,84,35.24,42.05,4.29
29147,98,6,90,35.27,40.0,4.63
29149,98,33,78,36.0,50.47,3.52
29151,99,5,77,36.74,38.22,3.25
29153,87,22,78,32.02,45.32,3.42
29155,96,16,73,34.98,48.87,3.15
29157,61,12,93,24.79,45.37,4.67
29159,99,4,82,37.0,38.06,4.19
29161,81,9,82,29.71,40.49,3.9
29163,98,4,80,35.5,39.97,3.77
29165,98,7,88,35.86,39.1,4.56
29167,98,6,86,35.68,39.91,4.17
29169,90,14,81,32.06,42.29,3.68
29171,96,5,88,33.41,39.71,4.55
29173,98,4,84,35.53,39.77,3.82
29175,99,5,84,37.16,39.13,3.96
29177,98,6,89,35.59,39.88,4.3
29179,67,18,92,26.58,44.44,4.99
29181,98,17,71,36.36,45.53,3.05
29183,97,6,79,34.9,42.15,3.63
29185,99,7,90,37.63,40.2,4.42
29186,66,16,93,26.28,46.12,5.08
29187,68,12,89,26.49,43.0,5.01
29189,97,8,78,34.83,43.55,3.63
29195,99,2,81,36.92,35.650000000000006,3.81
29197,95,8,89,33.0,42.45,4.76
29199,97,10,85,34.33,43.9,4.16
29201,77,21,87,29.93,52.66,4.06
29203,70,21,91,27.48,45.61,4.64
29205,98,9,86,35.68,42.55,4.53
29207,76,24,91,30.04,51.63,4.18
29209,98,11,77,35.4,41.84,3.65
29211,96,5,88,33.57,39.38,4.5
29213,98,15,75,35.87,42.74,3.35
29215,65,11,89,25.49,42.19,4.72
29217,97,4,90,35.92,37.44,4.62
29219,97,10,74,34.96,43.82,3.61
29221,69,9,89,26.69,41.3,4.51
29223,67,22,91,27.2,47.61,4.37
29225,97,18,82,34.29,47.6,3.94
29227,98,6,89,35.42,39.44,4.73
29229,93,23,80,32.64,49.15,4.16
29510,97,10,77,34.94,45.14,3.71
30001,90,7,86,24.04,31.459999999999994,4.25
30003,96,3,80,33.61,22.019999999999996,3.28
30005,95,4,87,31.68,27.629999999999995,4.52
30007,94,6,82,28.79,29.47,3.63
30009,96,3,82,29.57,24.090000000000003,3.54
30011,96,4,81,33.67,26.370000000000005,3.94
30013,93,7,82,29.37,29.120000000000005,4.43
30015,96,2,87,32.68,23.290000000000006,4.06
30017,97,4,87,35.44,25.78,3.82
30019,97,4,90,33.4,29.25,4.69
30021,97,4,88,34.79,27.620000000000005,4.2
30023,89,8,75,22.87,35.379999999999995,4.24
30025,95,6,89,33.23,30.409999999999997,4.7
30027,96,4,83,32.18,25.810000000000002,4.31
30029,89,4,78,23.18,33.83,4.42
30031,93,4,83,26.35,28.459999999999994,3.62
30033,96,3,86,34.56,25.08,4.06
30035,95,3,75,26.78,30.760000000000005,3.99
30037,95,7,84,31.36,27.010000000000005,3.64
30039,83,8,82,21.59,36.19,4.23
30041,97,3,88,33.13,25.64,4.25
30043,90,5,85,25.3,29.42,3.73
30045,96,3,75,29.15,25.78,4.33
30047,92,4,79,27.16,34.269999999999996,3.49
30049,90,10,82,25.3,35.489999999999995,4.61
30051,97,3,88,32.41,26.269999999999996,4.13
30053,93,2,76,26.07,29.67,3.4
30055,96,3,88,34.38,26.28,4.14
30057,93,6,81,25.63,30.120000000000005,3.97
30059,93,10,74,26.33,32.11,4.51
30061,89,4,83,25.18,31.92,3.75
30063,91,5,76,25.83,33.72,3.47
30065,96,6,85,33.49,26.599999999999994,3.36
30067,94,8,83,25.5,30.33,4.12
30069,96,4,84,34.41,25.450000000000003,3.76
30071,95,5,91,33.01,28.569999999999993,4.21
30073,93,3,82,28.48,27.22,4.07
30075,96,4,84,34.19,24.239999999999995,3.69
30077,85,9,85,22.72,36.83,4.5
30079,97,3,87,34.97,26.120000000000005,4.03
30081,83,7,84,22.37,35.260000000000005,4.13
30083,97,4,91,35.09,27.569999999999993,4.48
30085,97,3,89,34.68,27.299999999999997,4.11
30087,96,3,86,34.54,23.909999999999997,3.72
30089,94,3,78,27.8,31.700000000000003,3.42
30091,98,5,93,34.86,31.439999999999998,4.6
30093,92,6,77,25.0,30.25,4.13
30095,95,4,85,29.8,24.709999999999994,3.32
30097,93,4,76,27.57,25.83,3.61
30099,92,5,80,27.45,29.590000000000003,4.28
30101,93,3,87,29.89,26.150000000000006,4.08
30103,95,4,87,34.15,24.480000000000004,3.62
30105,97,4,86,33.84,28.150000000000006,3.82
30107,97,3,68,30.81,25.090000000000003,3.89
30109,96,5,89,33.78,29.89,4.09
30111,97,7,88,34.52,26.129999999999995,3.5
31001,96,6,91,34.66,34.0,4.79
31003,96,11,94,33.83,38.43,5.54
31005,97,8,84,34.7,30.650000000000006,4.21
31007,98,8,87,34.49,26.58,4.0
31009,97,11,91,34.81,34.870000000000005,4.82
31011,98,10,94,35.48,38.88,5.25
31013,94,5,89,32.45,28.299999999999997,4.05
31015,98,9,91,36.39,35.69,4.81
31017,98,10,88,35.57,33.97,4.77
31019,96,5,91,34.27,31.810000000000002,4.8
31021,98,8,93,35.38,39.44,4.79
31023,97,8,91,34.83,38.45,4.81
31025,95,8,91,33.49,39.66,4.9
31027,98,12,94,35.55,39.74,5.49
31029,98,7,87,36.22,28.209999999999994,4.08
31031,96,7,82,33.87,31.019999999999996,4.08
31033,95,5,85,33.46,24.450000000000003,3.87
31035,97,5,89,34.99,34.459999999999994,4.72
31037,98,9,93,35.57,38.88,4.8
31039,98,8,91,35.4,38.54,4.96
31041,97,15,90,34.66,37.84,4.77
31043,98,10,93,35.15,40.02,5.57
31045,94,4,88,33.12,26.010000000000005,3.75
31047,99,6,87,36.74,32.010000000000005,4.19
31049,97,8,85,35.29,28.150000000000006,3.85
31051,98,10,93,35.26,39.09,5.53
31053,98,10,94,35.57,39.69,4.94
31055,97,9,93,34.17,40.26,5.02
31057,98,8,88,36.52,28.64,4.07
31059,97,5,89,35.24,34.56999999999999,5.05
31061,95,5,93,34.55,32.489999999999995,5.16
31063,98,9,89,36.31,32.879999999999995,4.35
31065,98,7,90,37.44,31.58,4.46
31067,97,5,90,35.5,35.36,4.66
31069,97,8,86,34.65,29.569999999999993,4.06
31071,97,13,93,34.51,37.96,5.25
31073,98,7,89,35.99,32.739999999999995,4.23
31075,97,6,83,34.23,29.33,4.22
31077,97,9,93,34.61,36.47,5.23
31079,96,5,90,34.39,33.489999999999995,4.81
31081,95,5,89,33.77,34.47,4.59
31083,98,8,90,36.83,34.36,4.44
31085,98,9,91,36.12,31.97,4.39
31087,98,9,89,36.59,31.439999999999998,4.19
31089,97,11,92,35.02,36.78,5.1
31091,97,6,80,34.69,29.620000000000005,4.17
31093,97,10,94,34.88,37.09,5.19
31095,97,5,89,35.62,35.14,4.66
31097,95,4,89,34.24,35.239999999999995,4.65
31099,96,4,91,34.86,30.459999999999994,5.12
31101,97,8,84,35.27,30.379999999999995,3.64
31103,98,9,88,35.89,35.0,4.41
31105,98,6,85,34.2,24.870000000000005,3.74
31107,98,11,92,36.22,38.0,4.99
31109,96,10,93,34.61,40.15,5.01
31111,99,7,84,36.99,31.489999999999995,3.91
31113,97,10,88,35.05,33.34,4.43
31115,97,14,93,34.55,37.7,4.99
31117,97,8,86,34.76,31.599999999999994,4.25
31119,97,8,90,34.32,37.72,5.19
31121,97,8,91,35.09,36.82,4.6
31123,95,6,85,33.58,26.680000000000007,3.91
31125,97,9,93,34.78,37.76,4.8
31127,96,6,91,34.74,37.36,4.73
31129,95,5,92,34.46,34.010000000000005,5.04
31131,97,4,85,34.97,35.349999999999994,4.37
31133,96,6,90,35.03,36.65,4.67
31135,99,9,87,37.23,30.47,3.95
31137,98,7,91,35.84,33.68000000000001,4.73
31139,97,11,95,34.7,38.97,5.65
31141,98,9,92,35.68,38.41,5.01
31143,97,8,92,35.1,37.58,4.67
31145,98,7,88,36.64,31.069999999999993,4.29
31147,97,5,88,35.54,36.84,4.44
31149,98,13,91,35.46,37.41,4.77
31151,95,9,93,34.25,38.16,5.17
31153,97,9,93,34.4,40.35,5.13
31155,97,8,93,34.81,38.53,4.94
31157,93,6,89,32.74,25.58,3.68
31159,97,7,89,35.2,36.9,4.8
31161,91,5,90,31.52,28.47,4.32
31163,97,5,85,34.65,32.14,4.16
31165,90,3,88,31.02,23.22,3.66
31167,98,11,93,35.52,39.65,5.53
31169,96,6,92,34.91,36.14,5.34
31171,97,9,84,34.83,32.39,4.26
31173,98,9,91,35.59,38.69,5.04
31175,96,11,92,33.95,36.99,4.91
31177,98,10,94,35.07,40.87,4.98
31179,97,11,94,34.31,39.93,5.56
31181,96,8,94,35.13,35.69,5.1
31183,96,11,93,34.05,37.59,5.33
31185,96,5,89,34.55,35.11,4.84
32001,90,4,83,32.76,18.450000000000003,2.81
32003,95,2,86,38.5,10.780000000000001,3.86
32005,92,6,78,29.28,22.650000000000006,3.68
32007,92,7,84,29.6,23.069999999999993,3.61
32009,93,4,80,32.57,16.629999999999995,3.35
32011,93,10,87,30.79,23.540000000000006,3.73
32013,95,4,75,32.7,18.709999999999994,3.08
32015,91,9,86,30.78,22.260000000000005,3.68
32017,96,6,87,34.56,15.650000000000006,4.05
32019,93,5,83,32.31,20.200000000000003,2.78
32021,94,8,80,31.94,20.980000000000004,2.98
32023,92,4,84,31.88,16.560000000000002,3.72
32027,90,5,82,31.98,19.25,3.21
32029,93,9,84,31.07,26.08,3.35
32031,94,3,70,30.99,20.47,3.13
32033,89,8,95,28.65,21.58,5.1
32510,92,6,78,29.31,24.319999999999993,3.95
33001,66,14,84,19.79,45.05,4.79
33003,67,8,74,19.12,43.44,3.89
33005,63,12,85,19.06,44.75,4.86
33007,80,14,73,21.16,53.44,4.6
33009,78,14,76,22.16,49.57,4.97
33011,65,11,83,20.17,42.61,4.44
33013,65,11,83,19.86,43.73,4.45
33015,66,16,84,20.84,45.27,4.47
33017,77,25,80,24.06,48.76,4.54
33019,62,10,86,18.24,45.83,4.87
34001,61,15,83,22.04,47.47,4.37
34003,72,20,80,24.64,46.35,4.18
34005,65,12,81,24.04,43.2,4.38
34007,95,25,69,32.85,48.79,3.45
34009,69,28,86,24.72,52.82,4.4
34011,70,17,77,25.51,47.85,3.72
34013,67,16,81,23.19,44.59,4.35
34015,96,21,69,33.15,48.2,3.47
34017,64,11,76,22.08,41.8,4.3
34019,86,20,68,28.96,46.63,3.3
34021,73,19,79,25.94,46.14,3.72
34023,73,18,79,25.73,46.2,3.9
34025,87,23,68,28.81,48.77,3.56
34027,67,12,81,22.24,42.91,4.11
34029,63,13,79,22.43,45.66,4.8
34031,71,18,82,23.74,46.63,4.19
34033,93,21,73,32.04,48.5,3.66
34035,79,22,77,27.19,48.54,3.81
34037,70,18,83,23.06,47.86,4.23
34039,70,17,80,24.94,44.69,4.24
34041,64,13,83,21.55,44.05,3.95
35001,95,4,87,32.97,15.909999999999997,3.77
35003,94,2,84,29.34,13.969999999999999,3.92
35005,96,5,85,35.77,17.39,3.46
35006,96,2,83,30.92,15.010000000000005,3.73
35007,94,2,87,28.44,18.75,3.81
35009,96,5,87,35.07,19.89,4.07
35011,95,3,83,35.27,16.14,3.62
35013,88,5,92,34.44,14.629999999999995,3.91
35015,96,7,82,36.86,18.439999999999998,3.3
35017,96,3,82,33.54,13.64,3.93
35019,94,2,88,33.77,14.780000000000001,4.1
35021,98,5,89,34.68,20.159999999999997,3.97
35023,96,6,82,36.08,14.400000000000006,3.47
35025,96,6,85,36.53,18.730000000000004,3.83
35027,95,2,82,32.43,13.849999999999994,3.94
35028,97,1,84,28.99,16.78,4.41
35029,97,3,81,37.31,13.430000000000007,3.52
35031,92,2,88,29.85,15.019999999999996,4.16
35033,96,2,88,29.1,17.090000000000003,4.13
35035,93,3,85,33.01,14.939999999999998,3.98
35037,96,5,88,35.36,20.28,3.81
35039,93,1,87,27.8,16.709999999999994,3.98
35041,96,5,86,35.28,19.39,4.02
35043,97,2,84,32.08,15.090000000000003,3.8
35045,95,4,86,32.9,17.28,3.25
35047,96,2,87,32.3,16.11,4.23
35049,96,2,85,30.81,16.239999999999995,4.18
35051,96,4,81,34.5,14.049999999999997,3.36
35053,96,4,84,33.72,14.980000000000004,3.6
35055,95,3,88,26.42,20.97,4.49
35057,94,3,84,31.56,14.879999999999995,4.36
35059,98,5,84,33.86,20.189999999999998,4.17
35061,98,5,84,35.92,15.430000000000007,3.37
36001,79,16,78,24.64,49.19,3.86
36003,75,5,87,22.72,43.08,5.37
36005,65,14,80,22.15,43.31,4.43
36007,75,9,82,23.12,47.27,4.57
36009,74,7,88,22.43,45.85,5.54
36011,79,5,85,24.58,46.64,4.41
36013,91,12,78,27.04,48.96,4.53
36015,80,7,76,25.22,45.89,3.59
36017,77,5,81,23.47,45.63,4.61
36019,93,19,75,27.57,52.78,3.71
36021,81,20,79,25.9,49.06,3.79
36023,78,5,80,23.36,46.69,4.66
36025,73,9,82,21.7,45.51,4.97
36027,64,5,82,21.37,37.67,4.1
36029,90,15,71,27.08,52.25,4.07
36031,72,6,80,20.66,44.26,4.66
36033,74,13,89,21.28,53.5,5.37
36035,85,13,78,25.0,50.83,3.67
36037,80,10,87,25.31,49.84,4.99
36039,86,17,74,25.56,47.87,4.81
36041,72,6,86,20.0,47.15,5.39
36043,76,4,77,21.84,45.96,4.36
36045,94,16,74,27.77,54.59,4.11
36047,66,22,75,22.54,47.57,4.79
36049,80,6,84,22.89,48.78,5.07
36051,74,3,86,23.3,42.75,4.97
36053,83,10,82,25.01,51.39,4.14
36055,81,7,77,25.55,48.02,4.16
36057,85,15,78,26.35,50.67,3.49
36059,73,20,75,24.26,49.18,4.29
36061,72,16,76,24.75,43.76,4.38
36063,98,13,74,31.45,52.36,3.78
36065,85,8,77,25.54,49.84,3.9
36067,80,5,82,24.62,46.78,4.61
36069,79,5,85,24.51,46.08,4.48
36071,70,11,83,23.37,43.42,4.16
36073,94,16,70,29.58,52.78,3.79
36075,86,10,80,25.95,52.52,4.07
36077,74,6,81,22.33,46.16,4.48
36079,70,12,81,23.39,43.13,3.97
36081,63,12,74,21.32,43.6,4.63
36083,77,16,82,23.9,49.25,3.45
36085,71,23,75,24.78,47.35,4.34
36087,71,15,84,23.86,44.46,4.16
36089,92,16,81,27.24,54.45,4.25
36091,77,13,82,23.96,48.58,3.26
36093,85,14,78,26.09,49.63,2.97
36095,84,14,71,24.94,48.49,4.16
36097,76,11,90,23.7,48.54,4.97
36099,78,8,88,24.92,48.35,4.57
36101,74,3,82,22.92,41.49,4.56
36103,72,29,77,23.36,55.01,4.93
36105,66,6,80,20.13,40.67,4.47
36107,72,12,87,22.47,50.36,4.46
36109,74,6,80,22.79,46.75,4.35
36111,74,15,84,22.95,46.67,4.83
36113,74,6,82,21.77,42.73,4.02
36115,74,6,79,23.35,41.25,4.14
36117,82,4,81,25.9,45.63,3.95
36119,71,13,79,24.07,43.39,3.81
36121,75,8,90,22.62,48.51,5.69
36123,79,7,87,24.63,46.04,4.7
37001,60,11,88,25.42,40.2,3.87
37003,69,18,82,27.07,42.94,3.22
37005,67,19,88,22.98,45.12,4.5
37007,98,23,72,36.21,47.05,2.84
37009,67,13,79,22.23,43.69,4.03
37011,69,19,76,21.92,47.01,3.81
37013,85,26,82,31.08,52.18,3.91
37015,86,26,85,31.5,51.56,3.88
37017,83,24,82,31.26,47.38,3.66
37019,71,34,76,28.88,57.78,4.69
37021,69,15,80,24.55,45.57,3.83
37023,68,19,83,26.57,43.66,4.16
37025,98,39,76,35.53,52.74,3.07
37027,66,13,78,25.79,40.56,3.61
37029,61,15,78,25.51,48.85,4.31
37031,64,35,82,26.78,61.13,4.96
37033,64,12,85,26.5,41.51,3.48
37035,68,19,85,27.34,43.97,3.31
37037,63,11,83,26.59,40.75,3.51
37039,63,20,81,24.54,49.52,4.17
37041,88,26,87,31.68,51.41,3.36
37043,63,22,84,23.47,50.87,4.8
37045,76,12,76,29.3,40.17,2.91
37047,83,31,80,31.43,51.38,4.32
37049,85,32,80,31.32,53.69,3.54
37051,81,22,82,31.02,46.35,3.7
37053,60,19,82,24.59,52.02,4.96
37055,62,26,81,25.15,58.82,5.51
37057,62,11,85,26.22,39.27,3.25
37059,66,11,84,27.27,38.45,3.04
37061,79,23,84,30.69,48.36,4.01
37063,66,10,81,27.33,39.64,3.61
37065,81,27,85,30.96,50.11,4.02
37067,67,10,81,27.01,37.32,3.25
37069,65,17,87,27.1,44.53,4.01
37071,92,27,75,32.76,48.01,2.91
37073,85,27,83,30.95,52.05,3.39
37075,66,20,85,24.05,48.23,4.67
37077,69,10,82,27.82,39.93,3.64
37079,81,24,84,31.23,48.84,3.94
37081,66,10,83,26.74,38.87,3.55
37083,73,22,87,29.12,47.43,4.09
37085,83,21,80,31.19,46.05,3.42
37087,67,18,81,22.63,47.87,4.9
37089,72,16,78,25.78,45.59,3.9
37091,85,29,85,31.08,52.03,3.69
37093,81,26,85,31.26,47.48,3.92
37095,79,33,73,29.62,58.36,3.91
37097,65,16,87,26.78,41.7,3.43
37099,68,18,80,23.47,49.65,4.26
37101,84,24,84,31.42,47.91,3.57
37103,85,26,80,31.58,50.07,3.67
37105,72,15,82,29.2,43.03,3.53
37107,80,22,83,30.88,48.58,3.89
37109,64,21,87,26.49,45.03,3.43
37111,71,18,80,26.8,43.17,4.3
37113,67,21,83,23.77,49.55,4.11
37115,68,17,80,24.5,46.31,4.03
37117,83,26,86,30.92,51.06,4.08
37119,96,25,71,34.14,47.23,2.9
37121,70,17,79,23.16,44.77,3.22
37123,84,25,81,31.49,48.66,3.2
37125,79,21,81,30.59,45.61,3.56
37127,80,25,84,30.44,49.54,3.76
37129,60,15,64,26.48,50.23,3.47
37131,79,30,90,30.36,51.32,4.3
37133,60,28,89,27.14,51.45,4.9
37135,62,13,87,25.89,41.62,3.82
37137,62,28,91,26.96,53.22,4.51
37139,60,10,82,25.4,45.78,3.87
37141,81,29,77,30.74,51.31,3.7
37143,89,28,85,31.78,52.77,3.28
37145,63,11,85,25.85,40.05,3.51
37147,82,25,84,31.05,48.49,3.99
37149,75,18,81,29.13,43.38,3.78
37151,61,10,86,25.93,38.59,3.5
37153,86,23,79,32.2,47.7,3.11
37155,82,23,84,31.44,47.57,3.69
37157,65,11,85,26.27,40.77,3.52
37159,63,11,84,26.44,39.88,3.22
37161,73,20,83,28.65,44.06,3.95
37163,82,23,84,31.05,47.84,3.74
37165,86,21,79,32.34,46.46,3.0
37167,84,25,80,31.56,47.27,3.13
37169,66,12,84,25.97,39.53,3.38
37171,63,15,86,25.18,38.66,3.4
37173,63,25,88,22.28,50.82,5.19
37175,75,19,80,25.52,49.33,4.55
37177,60,15,87,25.83,47.97,3.91
37179,98,30,79,35.77,49.37,3.11
37181,66,9,82,27.01,39.61,3.64
37183,83,29,82,30.87,49.47,3.56
37185,66,20,90,27.12,45.83,4.26
37187,86,22,84,31.58,49.34,3.56
37189,66,23,86,21.57,50.37,5.0
37191,81,23,84,31.05,48.73,3.86
37193,66,19,87,25.55,41.08,3.94
37195,81,28,88,30.93,51.25,4.07
37197,66,12,81,26.83,37.83,3.07
37199,70,15,79,23.27,44.1,3.5
38001,96,6,91,33.23,31.930000000000007,4.95
38003,95,6,92,31.47,36.65,4.91
38005,94,3,90,30.43,31.64,4.62
38007,97,5,88,34.18,29.730000000000004,4.45
38009,98,5,91,33.27,34.5,4.44
38011,95,4,86,32.58,28.439999999999998,4.52
38013,98,5,91,33.14,32.980000000000004,4.81
38015,97,7,92,33.41,35.230000000000004,4.83
38017,95,6,92,31.77,36.68,4.51
38019,95,3,93,29.51,33.14,5.02
38021,94,6,93,31.59,35.790000000000006,4.91
38023,98,4,94,33.79,31.989999999999995,4.95
38025,97,5,92,33.85,29.879999999999995,4.72
38027,95,5,88,31.23,34.81,4.62
38029,97,8,91,33.81,35.120000000000005,4.76
38031,94,6,89,30.73,36.7,4.73
38033,97,5,88,34.3,29.900000000000006,4.38
38035,95,3,89,30.92,33.709999999999994,4.59
38037,97,5,88,33.8,31.08,4.41
38039,95,4,87,31.07,34.19,4.71
38041,97,8,93,33.87,32.89,5.21
38043,97,8,93,33.2,36.79,5.07
38045,94,5,92,31.21,35.150000000000006,4.7
38047,96,8,92,32.22,36.98,5.07
38049,97,4,90,33.25,32.11,4.37
38051,96,9,92,32.14,37.79,5.01
38053,97,4,92,34.45,28.230000000000004,4.56
38055,96,5,91,32.54,32.18000000000001,4.65
38057,97,4,88,33.63,29.53,4.5
38059,97,5,90,33.8,31.47,4.46
38061,97,4,91,32.93,30.42,5.12
38063,95,4,89,30.79,34.209999999999994,4.8
38065,96,6,92,32.92,32.519999999999996,4.95
38067,95,3,90,30.48,33.7,4.35
38069,98,4,89,33.86,32.900000000000006,4.42
38071,96,4,90,31.03,33.269999999999996,4.8
38073,97,4,87,33.47,33.730000000000004,4.05
38075,98,5,91,33.44,33.650000000000006,4.76
38077,94,9,94,31.53,39.49,4.63
38079,96,6,93,30.44,36.71,4.96
38081,99,5,86,35.89,35.69,3.84
38083,97,7,92,33.38,35.42,4.96
38085,94,7,92,32.53,32.900000000000006,4.66
38087,97,6,90,33.8,31.14,4.8
38089,97,6,92,33.52,31.680000000000007,4.88
38091,95,4,91,31.08,34.42,4.55
38093,95,7,92,31.61,36.95,5.06
38095,95,5,93,30.14,35.34,4.94
38097,95,5,93,31.51,36.69,4.59
38099,96,5,92,31.74,35.66,4.6
38101,97,5,92,32.79,32.94,4.84
38103,95,6,92,31.78,35.25,5.13
38105,98,4,94,34.47,29.989999999999995,4.58
39001,65,12,92,24.55,47.26,4.46
39003,88,6,80,29.19,44.37,3.93
39005,70,4,83,23.56,44.09,4.42
39007,80,6,82,25.61,47.62,4.7
39009,67,11,94,24.78,47.9,4.48
39011,90,6,78,29.74,44.35,3.85
39013,69,9,91,24.05,46.17,4.85
39015,73,9,79,26.41,46.86,3.8
39017,99,9,67,34.7,46.35,3.2
39019,75,8,86,25.59,46.63,3.8
39021,82,8,83,27.73,46.15,4.09
39023,80,9,82,27.3,47.29,4.02
39025,79,9,75,27.98,46.59,3.6
39027,99,7,66,33.54,46.36,3.07
39029,77,6,86,26.0,43.93,3.79
39031,76,12,82,25.91,49.83,3.51
39033,94,17,82,30.36,53.24,4.2
39035,73,6,88,24.04,45.83,5.18
39037,95,16,81,31.13,51.24,4.38
39039,88,5,76,29.4,43.62,3.7
39041,78,7,81,26.83,45.21,4.24
39043,90,9,85,28.45,51.11,4.68
39045,80,13,80,27.51,49.91,3.75
39047,87,14,77,28.86,50.57,3.45
39049,81,9,79,28.01,45.57,3.98
39051,95,19,85,31.4,52.31,4.49
39053,84,17,81,29.47,48.72,3.14
39055,78,8,85,24.97,48.55,4.8
39057,85,6,70,28.96,44.18,3.23
39059,74,10,86,25.88,47.27,3.88
39061,88,7,66,30.43,44.34,3.11
39063,97,21,86,32.1,53.12,4.08
39065,99,7,68,33.82,45.28,3.44
39067,74,7,85,25.56,45.45,3.81
39069,89,6,78,29.43,44.51,3.72
39071,80,10,79,27.51,48.18,3.67
39073,86,12,78,28.87,49.75,3.51
39075,68,11,91,23.19,50.03,4.63
39077,96,15,76,31.06,52.77,4.07
39079,70,12,92,25.85,48.35,4.32
39081,77,6,86,26.31,42.93,3.61
39083,95,14,74,30.45,51.85,3.37
39085,83,7,83,26.41,48.11,5.15
39087,69,11,93,26.4,44.66,4.19
39089,77,9,82,26.32,47.6,3.95
39091,81,7,85,27.29,45.66,4.26
39093,77,5,87,25.91,44.99,5.12
39095,95,17,84,31.39,51.81,4.19
39097,96,5,67,31.89,42.91,3.18
39099,70,9,88,24.01,46.78,4.23
39101,82,7,83,27.62,46.46,4.01
39103,70,7,90,23.79,46.76,5.13
39105,67,10,93,25.2,45.91,4.25
39107,94,12,83,31.02,48.52,4.01
39109,81,10,83,27.73,47.08,4.38
39111,72,11,91,25.3,47.27,4.75
39113,99,6,67,34.27,43.78,3.16
39115,72,11,88,25.74,47.71,4.01
39117,96,20,79,30.92,54.61,4.02
39119,71,11,88,25.07,48.16,4.02
39121,70,12,90,25.07,47.76,4.25
39123,96,4,75,31.13,46.26,4.0
39125,99,5,74,34.28,43.38,3.32
39127,72,14,89,25.55,50.36,4.18
39129,98,8,67,33.13,46.03,3.11
39131,83,11,77,28.77,47.0,3.44
39133,70,8,90,23.46,47.5,5.0
39135,99,5,66,33.75,43.44,3.34
39137,99,7,72,33.96,45.25,3.25
39139,94,17,79,29.85,53.73,4.02
39141,98,6,67,33.06,45.11,3.14
39143,97,4,71,31.99,44.17,3.56
39145,68,12,93,25.69,46.37,4.5
39147,98,17,83,32.82,52.45,4.07
39149,89,6,81,29.3,44.8,3.91
39151,73,7,86,24.55,46.5,4.59
39153,70,7,90,23.48,46.43,5.06
39155,72,8,90,24.44,46.77,4.83
39157,69,9,88,24.03,48.3,4.08
39159,81,9,85,27.71,46.54,4.25
39161,99,5,73,34.41,43.3,3.31
39163,65,11,93,24.13,49.8,4.26
39165,99,6,67,34.25,44.67,3.15
39167,69,12,94,25.29,46.81,4.45
39169,68,9,91,22.92,49.12,5.17
39171,86,9,85,28.69,47.89,4.4
39173,96,18,84,31.86,52.01,4.03
39175,94,14,80,30.91,50.59,3.72
40001,98,6,79,36.39,39.03,3.88
40003,98,4,83,39.66,31.549999999999997,3.98
40005,97,6,80,37.87,40.09,3.82
40007,97,7,93,37.72,28.22,4.7
40009,95,6,84,37.35,29.069999999999993,4.73
40011,96,14,93,37.66,39.36,5.43
40013,97,7,80,38.03,40.68,3.74
40015,97,15,90,38.18,39.14,4.97
40017,97,7,83,37.79,35.41,4.71
40019,97,7,78,38.46,36.41,3.94
40021,98,5,82,37.38,38.88,4.29
40023,98,9,75,38.71,42.33,3.47
40025,96,5,86,35.53,21.349999999999994,4.45
40027,99,5,77,39.73,33.31999999999999,4.27
40029,98,7,81,38.78,39.59,4.54
40031,95,14,90,37.68,38.47,4.84
40033,97,6,83,39.3,33.099999999999994,4.03
40035,96,7,87,36.37,39.95,4.54
40037,99,6,79,39.61,36.47,3.94
40039,96,14,94,37.81,36.44,5.57
40041,99,7,82,38.24,39.93,3.91
40043,96,13,94,37.48,36.34,5.95
40045,95,11,96,36.4,33.2,5.83
40047,93,11,91,36.6,37.92,4.98
40049,97,8,82,38.4,35.06,4.63
40051,98,5,79,38.75,33.989999999999995,4.09
40053,98,6,84,39.33,34.93000000000001,4.18
40055,96,9,87,38.55,31.879999999999995,4.49
40057,95,8,86,38.32,29.950000000000003,4.23
40059,95,6,94,37.59,29.11,4.78
40061,96,6,77,37.07,38.4,3.37
40063,97,7,82,37.95,38.11,4.09
40065,99,3,75,40.83,27.480000000000004,3.46
40067,99,6,77,40.53,34.129999999999995,3.69
40069,98,6,80,38.86,37.75,3.62
40071,98,9,84,38.79,38.3,4.55
40073,95,7,85,37.47,35.42,4.79
40075,98,5,80,39.27,31.28,4.04
40077,96,15,82,36.54,45.56,4.21
40079,96,13,81,36.23,45.46,3.87
40081,99,5,79,39.69,34.739999999999995,3.97
40083,98,4,81,38.97,32.44,3.95
40085,97,10,79,38.44,39.06,4.11
40087,97,7,85,38.19,35.019999999999996,4.74
40089,97,16,79,36.9,48.88,3.69
40091,98,4,81,38.5,36.78,3.61
40093,98,4,83,39.38,31.299999999999997,4.22
40095,97,7,81,38.26,38.64,3.77
40097,96,7,85,36.53,40.08,4.35
40099,98,7,81,38.8,36.01,4.02
40101,98,10,84,38.34,42.33,4.28
40103,98,7,83,38.9,36.49,4.05
40105,98,8,85,38.1,39.77,4.43
40107,97,9,84,38.08,39.0,4.56
40109,98,5,80,38.5,33.620000000000005,4.49
40111,96,10,83,37.12,41.23,4.23
40113,99,7,85,39.23,37.59,4.38
40115,97,9,87,36.49,42.25,4.48
40117,99,6,82,39.49,35.89,4.03
40119,99,3,78,39.43,32.83,3.73
40121,97,6,79,37.43,38.83,3.97
40123,98,7,80,38.79,36.3,4.31
40125,98,6,81,39.03,34.86,4.56
40127,97,13,79,37.19,45.24,4.1
40129,95,14,97,36.81,34.370000000000005,5.7
40131,98,7,85,38.16,39.67,4.03
40133,97,9,83,38.21,37.74,4.75
40135,94,7,84,35.32,39.19,3.63
40137,99,7,79,39.94,35.56999999999999,3.89
40139,98,6,91,37.88,24.629999999999995,4.69
40141,95,17,95,38.38,38.39,4.95
40143,99,7,82,39.32,38.73,3.92
40145,94,9,87,35.88,41.37,4.43
40147,98,8,86,38.4,39.69,4.57
40149,94,9,89,37.21,33.379999999999995,4.74
40151,98,4,84,39.55,29.53,4.07
40153,97,10,90,38.06,33.47,5.03
41001,92,7,84,28.99,26.290000000000006,3.24
41003,94,2,83,28.57,43.99,3.84
41005,87,3,80,24.07,41.56,3.88
41007,96,6,73,25.3,55.21,4.23
41009,97,5,78,29.12,47.58,3.26
41011,94,6,80,25.6,52.79,4.42
41013,93,7,74,29.63,28.629999999999995,3.16
41015,94,7,87,27.72,43.66,5.8
41017,95,4,68,29.82,26.86,2.98
41019,93,8,82,28.86,42.38,3.88
41021,93,7,85,31.43,31.510000000000005,4.12
41023,89,9,72,27.11,27.42,3.51
41025,95,7,71,31.3,23.510000000000005,3.02
41027,92,6,78,25.2,40.44,4.29
41029,93,8,74,30.23,33.040000000000006,3.08
41031,93,5,76,30.28,29.39,3.24
41033,92,7,85,30.76,32.790000000000006,3.81
41035,91,5,67,27.88,28.53,3.05
41037,93,12,76,29.53,28.840000000000003,3.67
41039,89,4,75,26.26,43.41,3.29
41041,94,9,82,24.48,60.71,4.9
41043,91,3,74,26.79,42.11,3.56
41045,94,5,78,32.39,21.310000000000002,3.12
41047,92,3,77,27.06,42.99,3.3
41049,90,4,83,29.4,28.549999999999997,3.94
41051,91,3,84,26.82,43.12,3.6
41053,94,6,80,28.44,48.1,4.77
41055,91,8,85,30.65,32.97,4.36
41057,97,7,76,25.36,57.59,4.71
41059,93,4,77,30.24,27.659999999999997,3.26
41061,89,7,72,26.46,29.86,3.27
41063,89,7,79,26.52,28.61,3.31
41065,96,6,73,32.11,33.06,3.32
41067,93,3,84,27.51,45.94,3.27
41069,94,5,74,30.38,26.849999999999994,3.46
41071,94,5,79,28.43,47.88,3.93
42001,78,12,75,27.07,45.56,3.82
42003,77,6,83,26.4,43.32,3.83
42005,79,6,77,26.43,43.16,3.83
42007,77,6,86,26.13,42.88,3.9
42009,77,10,81,25.49,45.68,4.17
42011,85,21,69,28.41,47.66,3.41
42013,71,9,83,23.1,45.93,4.15
42015,76,4,77,23.62,42.94,4.02
42017,70,20,82,24.92,46.53,3.95
42019,78,6,81,25.95,43.4,3.92
42021,70,10,87,22.34,47.62,4.87
42023,75,5,79,23.42,42.49,4.24
42025,64,7,75,20.42,41.29,3.48
42027,75,8,80,24.0,43.64,4.28
42029,70,17,81,24.81,45.84,3.88
42031,74,7,85,24.34,44.3,4.27
42033,70,10,88,22.46,46.93,5.0
42035,76,7,79,24.24,43.31,4.02
42037,74,19,82,24.23,49.79,3.94
42039,78,5,82,24.82,43.69,4.37
42041,92,21,70,30.55,48.78,3.14
42043,93,20,69,30.35,48.77,2.95
42045,67,16,85,24.06,45.9,4.11
42047,76,6,84,23.26,44.41,4.68
42049,89,10,80,26.55,50.34,4.48
42051,73,14,86,24.65,48.88,4.91
42053,77,7,84,24.02,45.07,4.5
42055,80,9,76,27.45,42.95,3.39
42057,75,7,80,25.67,42.2,3.91
42059,76,7,85,26.16,43.14,4.64
42061,74,8,81,24.77,44.36,4.34
42063,71,11,89,23.63,48.28,5.21
42065,78,7,81,24.62,44.86,4.01
42067,76,13,76,25.64,46.84,3.51
42069,75,13,83,22.97,47.83,4.0
42071,94,19,67,31.34,47.46,3.17
42073,77,9,86,25.95,46.45,4.21
42075,92,12,67,30.17,44.69,3.13
42077,68,14,79,23.48,44.57,3.58
42079,73,16,83,23.15,49.15,4.44
42081,75,4,74,23.76,40.36,3.5
42083,74,7,90,22.23,45.96,5.61
42085,75,9,88,24.96,46.25,4.45
42087,78,10,73,25.8,44.9,3.68
42089,77,16,77,24.12,46.65,3.38
42091,67,14,80,23.98,44.21,3.8
42093,74,16,82,24.94,47.8,3.76
42095,70,19,82,23.94,46.69,3.62
42097,75,16,80,25.0,48.62,3.64
42099,76,17,79,25.74,48.22,3.39
42101,88,23,74,30.45,48.24,3.54
42103,83,17,73,25.49,48.2,3.52
42105,74,11,90,22.51,48.3,5.16
42107,86,11,64,27.16,45.22,3.35
42109,89,16,68,29.12,48.46,3.59
42111,68,12,92,21.31,49.59,5.82
42113,70,5,83,20.78,43.66,4.8
42115,74,12,83,22.58,48.87,4.36
42117,76,4,78,23.28,42.55,3.99
42119,75,10,77,25.39,44.56,3.97
42121,77,8,86,24.77,44.88,4.48
42123,77,7,86,23.78,44.38,4.8
42125,76,6,85,25.83,43.79,4.17
42127,75,14,82,22.71,47.51,4.37
42129,75,13,84,25.31,48.73,4.29
42131,74,14,84,23.15,48.83,4.65
42133,92,20,70,30.96,48.17,3.23
44001,96,28,62,30.44,50.67,4.22
44003,79,22,70,25.08,46.79,4.22
44005,83,30,65,25.1,54.31,4.58
44007,65,14,83,20.86,42.67,4.48
44009,88,29,62,26.58,53.11,4.02
45001,97,30,80,35.65,49.53,3.24
45003,98,21,82,37.13,44.59,3.3
45005,98,22,83,37.15,46.24,3.52
45007,91,27,79,32.99,48.61,3.19
45009,99,22,80,37.9,45.62,3.44
45011,99,23,83,38.14,45.71,3.31
45013,96,37,66,33.99,57.8,3.07
45015,98,32,86,35.97,55.39,4.02
45017,98,26,86,36.83,47.12,3.76
45019,65,24,78,28.27,54.27,4.0
45021,90,27,77,32.31,47.93,2.91
45023,98,29,81,36.11,48.83,3.08
45025,98,24,78,36.38,47.31,3.34
45027,98,26,89,36.95,47.58,4.06
45029,96,37,84,35.16,53.55,4.16
45031,97,28,81,35.77,48.63,3.44
45033,97,35,86,35.6,52.22,3.73
45035,98,33,84,36.14,52.65,4.11
45037,98,26,82,37.15,46.62,3.38
45039,98,27,80,36.51,47.48,3.04
45041,98,28,86,36.6,49.04,3.88
45043,91,28,79,32.85,54.26,4.09
45045,77,17,82,29.12,43.98,3.29
45047,97,26,80,35.77,48.26,3.3
45049,96,29,86,35.67,49.5,3.97
45051,96,40,72,34.13,57.22,3.72
45053,97,37,84,35.66,54.72,3.63
45055,99,27,81,37.44,48.01,3.42
45057,98,26,84,36.22,47.78,3.44
45059,92,27,79,33.64,48.32,2.98
45061,99,26,79,37.73,47.46,3.4
45063,97,26,84,36.03,46.65,3.59
45065,97,27,81,36.2,47.72,3.25
45067,98,32,85,36.59,50.99,3.72
45069,98,26,77,36.36,48.51,3.12
45071,97,26,76,36.01,46.87,2.97
45073,68,19,86,27.65,44.36,4.17
45075,98,28,85,36.73,48.09,3.68
45077,75,21,84,28.93,46.3,3.91
45079,98,23,77,36.94,45.26,3.09
45081,97,23,81,36.35,45.89,3.5
45083,79,25,83,30.47,46.52,3.1
45085,98,27,81,36.76,46.95,3.34
45087,97,29,80,35.46,49.37,2.98
45089,99,28,85,37.68,50.21,3.96
45091,98,33,82,35.56,50.66,3.14
46003,98,5,91,36.31,33.94,4.43
46005,98,6,90,35.14,37.05,4.29
46007,92,3,88,32.43,26.370000000000005,4.32
46009,98,9,92,36.42,36.71,4.95
46011,98,10,93,33.26,40.98,5.3
46013,96,7,91,32.93,37.81,4.54
46015,98,4,89,36.64,31.75,4.39
46017,97,4,88,35.45,31.760000000000005,4.59
46019,96,7,85,34.04,29.200000000000003,4.28
46021,96,6,88,33.36,33.239999999999995,4.48
46023,98,6,90,36.77,33.849999999999994,4.87
46025,98,10,92,33.95,41.52,5.06
46027,98,10,91,35.62,38.93,4.68
46029,96,9,93,31.64,41.54,5.48
46031,95,8,90,33.11,33.75,4.49
46033,93,9,91,30.97,28.489999999999995,4.09
46035,98,7,93,35.9,36.14,4.69
46037,95,7,92,31.53,38.95,5.01
46039,93,9,94,29.98,41.12,5.58
46041,99,5,82,37.18,31.409999999999997,3.98
46043,98,6,91,36.78,34.19,4.87
46045,93,9,94,31.44,38.37,4.93
46047,93,7,87,33.32,26.760000000000005,3.34
46049,95,8,90,32.93,37.27,4.29
46051,92,6,94,30.07,38.24,5.69
46053,98,7,89,36.52,34.18000000000001,4.81
46055,96,4,84,35.21,29.159999999999997,3.81
46057,93,8,92,30.42,40.03,5.63
46059,98,5,88,35.73,34.45,4.37
46061,99,7,92,37.25,35.91,4.75
46063,95,4,90,33.14,26.42,4.8
46065,98,10,89,36.74,35.81,3.86
46067,98,8,93,36.06,36.69,5.07
46069,98,7,86,36.14,34.849999999999994,3.84
46071,91,5,89,33.0,29.200000000000003,3.94
46073,98,5,90,35.66,34.489999999999995,4.88
46075,93,9,89,33.95,33.45,4.19
46077,98,9,92,34.23,40.02,5.47
46079,98,10,92,33.57,40.73,5.0
46081,93,9,80,28.74,28.620000000000005,4.43
46083,98,10,91,34.62,40.37,4.66
46085,93,5,87,33.74,31.28,4.08
46087,98,7,91,34.8,37.57,5.1
46089,94,5,90,31.57,33.849999999999994,4.52
46091,96,6,89,32.62,37.09,4.9
46093,94,6,87,33.21,28.769999999999996,4.21
46095,93,8,87,33.94,32.260000000000005,4.44
46097,98,8,92,34.88,38.18,4.8
46099,98,8,91,34.04,39.77,5.26
46101,98,11,93,33.23,42.15,5.15
46102,91,3,90,32.75,25.180000000000007,3.9
46103,94,5,86,32.09,27.58,4.15
46105,95,5,90,33.51,28.97,4.59
46107,98,10,88,35.58,37.58,4.48
46109,92,6,94,30.23,37.81,5.35
46111,98,6,92,35.65,35.459999999999994,4.79
46115,94,8,94,32.25,38.48,4.46
46117,99,6,81,38.26,31.560000000000002,3.68
46119,98,10,87,36.54,36.39,4.2
46121,92,5,83,32.4,29.930000000000007,4.19
46123,97,9,87,35.9,33.790000000000006,4.41
46125,98,10,91,35.11,39.7,4.9
46127,98,9,91,35.17,39.07,4.79
46129,96,8,88,33.27,35.66,4.57
46135,98,10,93,35.65,37.7,4.78
46137,97,5,86,35.43,29.799999999999997,4.2
47001,74,22,85,27.76,51.25,3.05
47003,64,11,82,26.87,45.91,3.68
47005,64,8,85,27.06,43.77,3.63
47007,62,15,88,24.3,52.88,3.42
47009,63,18,90,25.26,49.4,3.64
47011,63,14,86,26.15,49.79,4.32
47013,69,13,81,26.05,47.17,3.78
47015,61,8,85,25.77,44.12,3.77
47017,63,10,86,26.55,45.69,3.61
47019,65,17,84,23.3,45.81,3.39
47021,60,10,90,25.28,45.55,4.0
47023,72,15,81,29.23,48.05,3.37
47025,66,15,86,25.61,48.61,3.81
47027,64,7,83,26.33,43.37,3.48
47029,67,16,80,25.94,47.49,3.89
47031,61,11,85,25.42,47.5,4.46
47033,83,14,74,31.42,47.82,3.3
47035,62,16,90,23.67,53.06,4.66
47037,60,9,89,25.32,45.05,3.88
47039,63,15,91,27.12,46.86,4.53
47041,60,7,86,25.05,44.01,3.4
47043,60,11,90,25.48,45.88,3.95
47045,74,17,92,29.54,48.67,4.4
47047,89,14,70,32.82,47.4,3.21
47049,60,12,91,23.69,48.61,4.68
47051,60,12,85,24.9,48.91,4.12
47053,77,16,77,30.14,49.4,3.38
47055,64,12,83,26.9,46.13,4.0
47057,72,23,87,27.6,52.43,3.08
47059,69,19,85,26.97,49.48,3.05
47061,60,9,84,23.44,49.14,4.64
47063,69,19,86,27.26,51.1,3.03
47065,63,13,86,25.87,48.4,3.85
47067,67,12,81,26.04,46.0,3.14
47069,72,9,75,29.29,45.1,3.31
47071,63,9,82,27.48,43.49,3.53
47073,69,21,88,27.04,49.82,3.39
47075,86,14,74,32.18,47.96,3.18
47077,71,13,78,28.94,46.36,3.27
47079,67,8,82,27.43,44.96,3.28
47081,62,10,87,26.49,43.96,4.13
47083,74,12,78,29.16,46.05,3.4
47085,63,7,84,26.64,42.36,3.6
47087,64,10,86,26.22,45.77,3.36
47089,68,21,90,27.05,51.81,3.77
47091,65,19,84,22.67,46.96,5.22
47093,68,20,89,27.16,51.65,3.1
47095,89,15,76,32.86,48.82,3.15
47097,86,13,78,32.29,46.93,3.52
47099,68,20,86,27.67,49.97,4.24
47101,61,9,85,26.03,44.29,4.15
47103,63,12,84,26.5,47.34,4.04
47105,63,14,87,25.94,49.06,2.83
47107,64,13,85,26.33,51.65,3.13
47109,62,7,82,27.05,43.15,3.46
47111,62,10,87,25.79,47.07,3.78
47113,71,8,77,28.99,44.7,3.37
47115,60,13,85,24.28,49.81,4.19
47117,64,16,86,26.8,47.93,4.06
47119,60,13,86,25.53,47.43,4.12
47121,64,14,86,26.5,52.46,3.75
47123,63,14,85,25.43,47.71,3.52
47125,63,11,87,26.39,46.14,4.01
47127,65,11,81,26.8,46.72,3.77
47129,64,14,87,24.82,49.45,4.01
47131,72,9,81,28.89,45.85,3.44
47133,66,9,82,26.14,45.53,4.09
47135,63,15,91,26.69,46.9,4.72
47137,60,10,90,24.52,45.59,4.32
47139,63,18,89,25.7,50.22,5.14
47141,64,8,80,25.64,45.97,3.65
47143,68,15,82,26.63,52.57,3.75
47145,63,16,89,25.83,50.63,3.47
47147,60,7,87,24.86,45.43,3.62
47149,63,7,81,26.55,44.05,3.4
47151,60,11,90,23.48,47.36,4.51
47153,70,22,84,25.87,56.62,3.49
47155,66,20,85,24.92,49.82,3.91
47157,90,28,86,33.33,53.29,4.05
47159,60,8,88,25.26,45.15,3.37
47161,70,8,78,28.13,44.41,3.46
47163,66,16,86,25.52,46.07,4.1
47165,60,10,89,24.96,47.24,3.79
47167,88,17,79,32.91,49.32,3.46
47169,63,10,85,26.41,46.8,3.31
47171,68,16,80,24.36,44.9,3.47
47173,69,13,81,26.94,48.36,3.45
47175,64,9,80,24.96,49.09,3.5
47177,63,11,86,25.87,47.61,4.24
47179,67,20,89,26.11,48.28,3.5
47181,72,13,81,28.62,46.11,3.68
47183,73,8,77,29.03,45.08,3.36
47185,64,8,82,25.81,45.53,3.66
47187,60,8,85,25.41,44.67,3.95
47189,61,6,84,25.66,43.64,3.37
48001,97,20,86,37.52,47.53,4.34
48003,91,5,88,35.8,19.180000000000007,4.24
48005,97,23,83,36.68,51.24,3.68
48007,94,31,83,33.31,65.17,4.6
48009,97,14,86,39.4,37.01,4.43
48011,97,8,87,36.36,25.370000000000005,4.15
48013,97,20,90,39.05,42.58,3.99
48015,95,14,92,36.84,47.42,4.69
48017,96,6,88,35.67,20.510000000000005,4.01
48019,94,22,88,35.82,41.68,4.46
48021,97,14,91,38.34,42.8,4.45
48023,98,9,83,39.91,32.870000000000005,4.2
48025,96,17,87,37.71,45.28,4.16
48027,95,18,92,37.3,42.88,4.9
48029,95,15,88,37.3,40.62,3.92
48031,93,14,89,36.06,39.1,4.43
48033,98,14,90,38.14,28.230000000000004,4.77
48035,96,17,91,38.09,41.3,4.55
48037,97,10,71,37.09,45.04,2.99
48039,97,32,84,34.91,64.94,4.33
48041,98,17,91,38.59,46.1,4.6
48043,90,4,85,35.16,16.58,3.44
48045,95,6,89,35.94,23.409999999999997,4.17
48047,99,21,92,40.1,47.77,4.78
48049,91,20,92,36.14,40.54,4.71
48051,98,16,89,38.56,45.43,4.44
48053,95,17,89,36.89,40.68,4.33
48055,97,15,89,38.29,42.29,4.16
48057,98,27,78,34.66,63.79,4.22
48059,96,21,87,37.3,38.37,4.68
48061,97,15,91,35.4,56.8,5.2
48063,98,14,81,37.98,46.05,4.18
48065,98,11,89,36.9,27.260000000000005,4.64
48067,98,13,72,37.63,46.84,3.16
48069,96,9,90,35.11,24.430000000000007,4.49
48071,96,39,77,34.2,67.91,3.45
48073,98,18,81,37.61,47.25,4.07
48075,94,12,91,37.64,30.810000000000002,4.12
48077,97,8,83,39.14,34.94,3.99
48079,96,6,88,35.62,20.22,4.27
48081,97,10,83,37.85,28.28,4.04
48083,94,12,80,36.82,34.03,3.79
48085,98,6,78,38.77,38.85,3.9
48087,95,11,93,37.4,30.340000000000003,5.14
48089,97,17,91,37.93,47.95,4.43
48091,97,16,84,37.51,41.76,4.03
48093,96,16,82,37.42,38.78,4.25
48095,96,18,90,37.73,35.56,4.48
48097,97,8,78,38.38,37.57,4.16
48099,95,17,90,37.24,41.23,4.78
48101,96,17,94,38.48,32.95,4.71
48103,94,14,85,37.72,23.900000000000006,3.33
48105,97,18,86,37.12,32.120000000000005,4.62
48107,98,8,90,37.4,24.760000000000005,4.66
48109,94,4,86,35.35,15.980000000000004,4.37
48111,97,5,88,35.39,22.0,4.65
48113,96,16,92,38.07,43.19,4.62
48115,98,10,91,37.89,24.25,4.56
48117,98,8,88,36.09,23.930000000000007,4.52
48119,98,7,79,38.44,41.64,3.96
48121,96,18,89,38.05,43.68,4.82
48123,96,18,89,37.6,46.31,4.38
48125,95,7,88,36.9,25.58,4.47
48127,96,25,95,39.59,41.9,4.25
48129,95,9,92,36.49,26.980000000000004,4.97
48131,99,21,92,40.12,45.03,4.89
48133,93,22,92,36.41,41.36,5.29
48135,93,9,85,36.57,21.89,3.88
48137,95,24,86,36.22,38.93,4.79
48139,95,15,88,37.73,42.66,4.44
48141,90,4,87,35.52,14.39,3.84
48143,96,24,94,37.6,42.98,5.05
48145,96,15,92,37.82,43.08,4.7
48147,98,8,80,38.72,41.53,4.16
48149,96,18,94,37.84,45.51,4.63
48151,95,8,88,37.57,27.189999999999998,4.28
48153,94,6,87,35.21,22.950000000000003,4.28
48155,99,14,84,40.79,33.510000000000005,4.05
48157,99,18,86,38.2,51.38,4.12
48159,98,9,81,38.12,43.58,4.07
48161,98,15,90,38.81,44.03,4.57
48163,97,19,87,39.22,40.95,3.8
48165,96,11,91,36.75,23.83,4.47
48167,97,35,68,33.36,69.35,3.76
48169,96,9,89,37.04,26.03,4.44
48171,96,23,88,36.17,41.33,4.67
48173,98,18,93,37.85,29.900000000000006,5.1
48175,96,15,82,37.61,44.69,4.08
48177,97,17,89,38.05,44.17,4.18
48179,96,8,91,35.94,27.08,5.03
48181,97,7,80,38.14,38.99,3.96
48183,98,16,80,37.7,46.46,3.85
48185,96,14,90,37.31,45.72,4.32
48187,94,15,91,37.18,41.7,4.11
48189,95,11,93,35.16,25.769999999999996,4.73
48191,96,11,90,38.13,28.519999999999996,3.99
48193,98,17,87,38.28,40.34,4.56
48195,98,9,92,37.84,26.379999999999995,5.04
48197,99,5,77,40.74,28.0,3.53
48199,98,27,83,36.28,57.77,3.77
48201,98,20,84,36.58,53.65,3.93
48203,98,18,78,37.44,48.63,3.68
48205,97,6,89,35.65,23.209999999999994,4.69
48207,99,9,85,40.28,30.659999999999997,3.94
48209,97,19,89,37.83,42.94,4.52
48211,97,10,95,37.4,30.36,5.45
48213,98,18,86,38.35,46.52,4.21
48215,98,22,93,39.2,48.56,4.97
48217,96,15,90,38.17,41.47,4.8
48219,97,7,87,36.48,21.790000000000006,4.38
48221,95,21,92,37.91,42.24,4.91
48223,98,7,82,38.29,42.11,3.99
48225,96,18,84,36.76,47.45,4.12
48227,98,15,91,38.11,28.900000000000006,4.57
48229,94,5,84,35.52,16.010000000000005,3.65
48231,98,7,82,38.46,41.99,4.11
48233,98,9,90,37.54,25.879999999999995,4.48
48235,94,14,89,36.42,30.549999999999997,4.68
48237,96,15,84,38.42,39.24,4.49
48239,96,20,86,36.0,53.72,4.37
48241,99,27,80,37.13,57.8,3.7
48243,93,4,88,33.02,15.409999999999997,4.2
48245,97,38,80,34.57,65.92,4.12
48247,97,20,95,39.26,44.87,5.18
48249,98,20,88,38.88,47.3,4.55
48251,94,19,90,37.59,42.51,4.68
48253,99,11,84,39.78,30.980000000000004,4.31
48255,96,17,86,37.9,43.76,4.01
48257,98,8,82,38.89,41.11,4.13
48259,94,21,89,35.79,42.86,4.81
48261,96,16,88,35.64,53.99,4.67
48263,94,11,90,36.99,28.72,4.32
48265,93,21,88,35.08,40.17,4.65
48267,97,18,84,37.19,36.69,4.32
48269,99,14,85,40.32,31.489999999999995,4.17
48271,96,28,94,38.25,41.3,4.93
48273,97,22,88,36.46,54.25,4.56
48275,99,8,83,40.57,30.14,4.26
48277,98,9,77,38.63,42.5,3.73
48279,97,8,88,35.94,22.950000000000003,4.23
48281,97,18,86,37.55,40.87,4.6
48283,97,14,85,39.79,37.78,3.68
48285,97,20,91,37.78,48.84,4.3
48287,98,18,93,38.39,45.96,4.91
48289,97,15,90,37.9,44.97,4.31
48291,98,25,83,36.4,57.36,3.74
48293,97,13,87,38.27,42.19,4.6
48295,97,10,95,37.3,30.680000000000007,5.63
48297,97,19,91,38.79,45.73,4.53
48299,93,20,89,36.6,41.28,4.51
48301,96,10,84,38.74,19.72,3.07
48303,97,9,90,36.5,24.189999999999998,4.53
48305,96,8,89,36.31,23.519999999999996,4.14
48307,94,21,92,36.8,39.16,4.82
48309,95,14,91,37.49,42.22,4.91
48311,97,20,90,39.54,43.06,3.93
48313,97,15,88,38.12,44.67,3.92
48315,98,17,74,37.65,48.11,3.39
48317,98,13,90,38.17,25.760000000000005,4.47
48319,96,20,87,36.94,39.06,4.62
48321,98,31,79,35.02,65.53999999999999,3.99
48323,97,28,94,39.56,42.09,4.41
48325,96,20,89,37.71,42.36,3.96
48327,97,21,90,37.52,37.62,4.72
48329,98,16,90,38.26,27.08,4.5
48331,98,16,88,38.66,43.92,4.23
48333,98,18,83,37.89,40.03,4.25
48335,94,14,90,36.73,29.540000000000006,4.65
48337,97,13,82,38.65,39.32,4.19
48339,98,24,87,37.41,53.5,4.26
48341,98,7,89,37.06,24.680000000000007,4.38
48343,98,11,77,38.01,44.45,3.51
48345,96,11,91,37.44,27.790000000000006,4.58
48347,98,18,83,37.43,48.81,3.98
48349,97,13,90,38.42,42.88,4.77
48351,97,32,85,35.63,59.77,3.82
48353,97,12,84,37.55,28.930000000000007,4.42
48355,95,27,87,35.42,57.15,4.91
48357,98,10,95,37.61,29.230000000000004,5.46
48359,98,11,92,36.42,26.120000000000005,4.35
48361,98,34,82,35.21,62.94,3.93
48363,95,17,87,38.03,38.89,4.48
48365,98,19,77,37.5,48.78,3.5
48367,96,20,90,38.23,42.15,4.63
48369,96,8,88,35.09,23.200000000000003,4.29
48371,93,9,84,36.16,20.310000000000002,3.77
48373,97,24,83,36.6,52.72,3.65
48375,98,8,87,36.84,25.040000000000006,4.31
48377,92,3,84,34.8,14.799999999999997,3.42
48379,99,10,84,38.85,44.05,3.72
48381,96,9,91,35.53,24.900000000000006,4.62
48383,98,20,90,37.81,31.72,4.9
48385,96,28,88,35.88,42.35,4.95
48387,98,11,75,38.16,45.01,3.25
48389,90,5,92,36.85,16.39,3.62
48391,96,27,85,35.68,57.19,4.5
48393,98,8,89,37.57,27.42,4.43
48395,98,15,89,38.71,44.66,4.47
48397,98,11,84,38.69,43.28,3.81
48399,95,18,90,37.28,34.95,4.63
48401,99,13,75,38.2,45.75,3.72
48403,97,25,80,36.27,53.62,3.64
48405,98,23,79,37.06,52.25,3.6
48407,97,23,85,36.68,52.3,4.24
48409,95,26,90,35.7,55.57,4.86
48411,92,16,84,36.18,38.22,4.17
48413,96,17,88,36.55,34.489999999999995,4.76
48415,96,10,87,37.27,27.67,4.32
48417,99,12,82,39.66,33.650000000000006,4.11
48419,97,22,75,36.78,50.79,3.16
48421,99,9,91,38.01,25.790000000000006,4.83
48423,98,15,81,37.75,45.7,3.89
48425,96,24,93,38.6,42.47,4.85
48427,98,22,98,40.06,45.44,5.32
48429,97,18,86,38.61,38.56,4.41
48431,96,11,86,37.17,27.049999999999997,4.57
48433,99,10,86,40.13,29.72,3.88
48435,94,19,89,36.29,35.91,4.74
48437,95,10,92,35.04,25.519999999999996,4.7
48439,99,4,73,39.94,33.150000000000006,3.77
48441,97,10,79,37.67,30.290000000000006,4.23
48443,98,22,82,38.06,30.659999999999997,3.8
48445,96,9,89,36.23,23.11,4.16
48447,98,9,84,39.64,32.78,4.03
48449,98,11,78,38.31,44.51,3.66
48451,95,17,90,36.82,33.790000000000006,4.77
48453,95,18,91,37.32,43.15,4.57
48455,97,20,83,37.2,48.47,3.7
48457,98,26,80,36.66,55.39,3.72
48459,99,14,80,38.7,46.42,3.88
48461,97,17,88,37.73,27.83,4.28
48463,96,25,89,37.83,42.27,4.3
48465,96,23,87,37.81,36.41,4.47
48467,99,13,83,38.91,45.03,3.86
48469,96,18,85,36.5,51.26,4.23
48471,96,17,86,36.85,47.06,4.16
48473,95,14,91,36.55,48.04,4.49
48475,98,12,85,39.89,21.379999999999995,3.19
48477,96,16,91,37.63,46.24,4.6
48479,98,24,98,40.12,41.28,5.01
48481,97,20,89,36.78,52.13,4.19
48483,95,10,94,36.54,30.36,5.48
48485,96,6,81,38.88,32.41,3.88
48487,99,4,76,40.79,29.290000000000006,3.51
48489,97,15,90,35.61,55.61,4.79
48491,97,20,92,38.13,43.47,4.67
48493,96,13,85,38.05,40.05,3.87
48495,97,11,84,38.66,21.239999999999995,3.54
48497,96,20,87,38.42,42.79,4.77
48499,99,11,80,38.7,45.13,3.83
48501,97,10,88,36.52,22.78,4.33
48503,98,14,83,39.68,36.83,4.27
48505,98,19,96,40.35,40.6,5.1
48507,96,26,94,38.95,42.8,4.2
49001,93,3,88,31.06,16.67,4.54
49003,95,6,92,33.13,22.299999999999997,3.47
49005,95,5,91,29.04,26.159999999999997,3.55
49007,92,4,89,28.3,18.75,4.45
49009,93,5,92,26.6,22.129999999999995,4.32
49011,95,4,90,33.59,21.14,3.96
49013,94,4,88,26.49,22.010000000000005,4.04
49015,95,3,90,32.56,16.08,3.82
49017,95,3,87,30.43,17.480000000000004,4.14
49019,95,2,91,33.39,14.260000000000005,3.98
49021,95,4,86,31.16,17.319999999999993,4.06
49023,89,3,93,31.54,17.239999999999995,4.29
49025,97,3,90,33.89,15.760000000000005,4.14
49027,97,4,89,34.65,16.620000000000005,3.78
49029,96,4,88,28.85,22.189999999999998,3.75
49031,93,5,91,27.45,20.349999999999994,4.2
49033,89,7,92,26.35,25.379999999999995,4.36
49035,94,3,91,31.15,19.709999999999994,3.7
49037,94,5,93,33.48,16.400000000000006,4.21
49039,93,5,91,27.75,21.0,4.7
49041,93,3,91,27.45,19.590000000000003,3.84
49043,93,7,86,24.26,26.92,4.91
49045,96,2,88,34.55,16.430000000000007,3.32
49047,95,3,95,31.23,18.849999999999994,3.76
49049,93,3,93,29.97,19.92,3.86
49051,93,7,87,25.64,25.519999999999996,4.22
49053,93,3,91,33.37,13.599999999999994,4.28
49055,94,3,91,32.33,16.010000000000005,4.06
49057,96,6,89,30.86,23.980000000000004,3.69
50001,71,6,81,21.22,43.13,3.88
50003,83,24,83,23.28,53.25,4.28
50005,78,8,73,22.33,46.38,4.48
50007,79,14,81,23.35,49.46,4.68
50009,78,13,80,21.52,50.92,4.96
50011,84,13,80,24.56,48.96,4.11
50013,84,10,78,25.6,46.77,3.29
50015,68,8,85,18.76,47.26,4.7
50017,77,15,77,22.23,50.28,4.54
50019,68,12,87,18.69,49.0,5.56
50021,69,7,81,20.43,41.16,4.55
50023,78,13,82,22.12,49.6,3.83
50025,76,20,80,21.84,49.99,4.21
50027,61,9,86,17.2,45.32,5.41
51001,65,24,74,24.19,55.47,4.18
51003,71,16,91,26.67,42.96,3.88
51005,68,17,88,24.87,46.19,4.62
51007,68,12,88,26.99,41.52,3.91
51009,76,20,86,27.94,45.07,4.71
51011,75,17,88,28.17,43.97,3.72
51013,68,9,82,26.11,39.68,3.73
51015,64,16,90,23.28,45.85,5.17
51017,64,9,85,22.72,42.43,4.78
51019,72,17,88,27.05,43.37,3.97
51021,65,12,85,22.77,43.47,3.99
51023,69,18,89,26.03,44.57,4.46
51025,89,27,81,32.03,49.01,3.72
51027,71,12,84,26.09,40.76,4.1
51029,70,15,93,27.18,42.97,4.17
51031,71,17,88,27.15,43.24,3.79
51033,72,13,89,27.55,41.76,4.07
51035,66,13,81,23.49,41.3,3.89
51036,72,12,86,28.58,41.51,4.09
51037,77,22,84,29.07,46.37,3.51
51041,71,14,88,27.94,42.91,4.11
51043,73,13,83,26.71,44.0,3.82
51045,68,16,88,24.35,45.56,4.33
51047,75,15,88,28.28,45.95,4.45
51049,70,12,90,27.45,40.8,3.87
51051,71,18,92,25.68,44.19,4.97
51053,80,26,88,30.21,49.55,4.24
51057,75,14,89,28.71,42.8,4.36
51059,71,13,84,26.87,41.91,3.86
51061,74,14,84,27.35,45.14,3.97
51063,65,14,84,22.91,43.39,4.29
51065,77,21,90,28.85,45.73,3.84
51067,65,16,88,25.11,43.95,4.22
51069,80,13,81,28.18,43.94,3.69
51071,66,12,87,23.14,43.99,4.34
51073,65,11,80,26.06,45.16,4.66
51075,71,18,91,27.46,43.99,4.06
51077,67,17,84,22.71,45.81,4.33
51079,71,15,91,25.95,43.18,3.73
51081,80,29,90,30.27,52.25,4.23
51083,66,8,82,26.63,38.63,3.39
51085,74,18,91,28.22,43.57,4.19
51087,72,14,89,28.01,41.63,4.15
51089,64,18,90,25.46,46.35,4.27
51091,67,17,86,22.16,48.66,5.33
51093,68,11,87,27.05,44.42,4.21
51095,68,11,87,27.32,42.95,4.57
51097,72,10,87,28.12,41.16,4.42
51099,68,13,90,26.79,41.35,4.22
51101,75,15,90,28.88,42.26,4.39
51103,63,13,85,24.97,47.53,4.6
51105,71,11,80,26.32,44.25,3.23
51107,74,14,84,27.41,44.31,3.69
51109,73,16,91,27.84,44.2,3.96
51111,66,14,87,26.44,42.79,3.88
51113,72,9,86,26.33,41.26,3.74
51115,68,10,71,26.18,47.19,4.08
51117,79,17,79,29.94,43.96,3.34
51119,65,11,85,25.86,45.31,4.81
51121,65,11,86,23.73,42.63,4.72
51125,69,16,91,26.01,43.96,4.91
51127,73,12,87,28.63,41.74,4.25
51131,61,15,77,23.41,51.94,4.73
51133,60,17,84,23.85,49.18,4.56
51135,68,13,87,26.87,42.36,4.04
51137,71,14,85,26.94,45.7,4.3
51139,71,10,85,25.79,40.49,3.62
51141,66,17,86,24.97,44.49,4.13
51143,66,15,86,26.23,43.25,3.5
51145,74,17,83,28.33,43.45,3.53
51147,68,10,86,26.89,40.14,3.61
51149,71,11,88,28.61,41.49,4.05
51153,70,12,84,26.73,41.58,3.94
51155,61,13,87,22.39,43.66,4.15
51157,77,14,86,27.84,44.33,3.71
51159,65,7,85,26.01,40.0,4.28
51161,67,14,86,24.84,42.79,4.31
51163,70,8,79,25.78,39.6,3.72
51165,63,8,86,23.07,39.9,4.33
51167,60,13,92,22.43,42.63,5.15
51169,62,15,91,24.16,44.54,5.07
51171,67,14,90,24.88,43.16,4.76
51173,66,19,89,23.47,46.59,5.21
51175,80,26,90,30.56,50.21,4.25
51177,74,15,86,28.0,44.06,3.83
51179,73,12,87,27.68,41.42,4.05
51181,71,12,85,27.96,43.09,4.03
51183,80,29,89,30.5,51.12,4.09
51185,64,12,88,22.41,43.78,4.34
51187,67,14,88,25.03,44.38,4.15
51191,60,12,92,22.9,42.36,5.86
51193,64,12,88,25.63,42.84,4.43
51195,63,13,90,23.2,42.44,5.19
51197,64,10,82,23.17,41.3,3.82
51199,65,14,81,25.96,46.62,4.43
51510,69,10,84,26.29,40.04,3.89
51520,60,10,86,23.51,41.04,4.33
51530,68,14,89,25.93,42.46,4.57
51540,72,18,93,27.24,42.55,3.94
51550,89,22,72,31.55,50.39,3.8
51570,70,10,90,28.54,40.98,4.23
51580,69,17,88,26.66,44.02,4.62
51590,66,10,84,26.95,38.96,3.38
51595,88,25,80,31.93,52.26,3.57
51600,72,13,83,27.04,42.42,3.78
51610,76,13,80,28.35,42.45,3.63
51620,67,16,90,27.56,46.07,4.53
51630,70,12,91,27.35,40.84,4.23
51640,68,14,80,23.97,41.44,3.73
51650,68,13,76,26.17,47.83,3.8
51660,71,9,78,26.29,41.23,3.64
51670,72,10,86,29.65,39.2,3.94
51678,62,9,90,24.23,38.98,4.23
51680,77,23,85,28.58,45.32,4.5
51683,73,12,84,28.0,40.83,3.91
51685,72,13,84,27.67,41.31,3.88
51690,64,18,90,25.61,46.36,4.3
51700,66,11,81,26.14,45.5,4.16
51710,70,13,79,26.74,46.85,3.94
51720,63,14,90,21.88,43.26,5.52
51730,70,12,90,28.2,42.99,4.18
51735,65,14,74,25.11,49.21,3.83
51740,71,11,84,27.2,45.78,4.19
51750,65,12,87,24.09,43.46,4.53
51760,73,15,89,28.17,42.25,4.11
51770,67,14,84,25.96,41.34,3.94
51775,67,16,86,25.9,42.72,4.35
51790,61,10,88,23.13,42.72,4.87
51800,67,11,87,26.86,45.77,4.2
51810,63,12,77,24.99,47.44,4.04
51820,65,15,88,24.34,44.57,4.93
51830,69,11,84,27.61,42.3,4.56
51840,74,12,82,26.66,43.13,3.72
53001,94,3,84,32.95,26.900000000000006,3.11
53003,96,4,80,31.95,26.049999999999997,3.75
53005,94,5,84,33.62,27.930000000000007,3.34
53007,90,5,82,23.68,33.41,3.64
53009,92,3,65,22.55,49.86,3.21
53011,93,3,87,27.87,43.21,3.7
53013,94,4,80,30.4,27.560000000000002,3.68
53015,96,5,78,27.8,43.53,3.32
53017,93,2,90,30.8,25.069999999999993,3.61
53019,95,3,85,29.5,26.299999999999997,3.1
53021,95,6,84,34.18,29.39,3.28
53023,95,4,84,31.56,27.019999999999996,3.61
53025,93,3,86,32.43,25.540000000000006,3.41
53027,92,3,69,23.67,52.27,3.51
53029,96,13,61,24.51,61.65,1.94
53031,93,6,62,22.76,53.26,3.22
53033,93,6,75,24.58,47.36,3.43
53035,94,7,71,26.46,51.79,3.29
53037,92,4,87,26.18,32.95,3.83
53039,92,4,86,29.76,27.180000000000007,4.14
53041,94,4,74,26.32,41.29,3.56
53043,94,2,84,31.51,26.950000000000003,3.33
53045,96,4,68,27.18,49.68,3.26
53047,93,3,82,26.49,28.39,3.4
53049,95,5,78,24.23,57.17,4.36
53051,93,4,86,27.05,33.56999999999999,3.35
53053,94,5,68,25.03,44.52,3.14
53055,93,12,64,21.83,64.84,2.31
53057,89,9,63,21.78,49.67,2.48
53059,92,6,79,24.36,38.96,4.16
53061,92,5,61,23.59,47.37,2.59
53063,95,4,83,31.42,31.629999999999995,3.35
53065,94,3,85,29.74,28.450000000000003,3.31
53067,97,4,75,28.97,47.66,3.24
53069,95,3,78,26.12,48.2,3.6
53071,95,3,80,34.11,26.189999999999998,3.49
53073,92,6,61,22.58,44.13,2.58
53075,94,2,82,31.74,27.72,3.32
53077,89,4,84,26.59,29.939999999999998,3.95
54001,67,11,90,23.47,46.13,6.49
54003,80,13,76,28.49,43.34,3.08
54005,73,10,91,26.45,42.72,5.14
54007,72,12,94,26.61,43.64,4.78
54009,75,7,86,25.8,43.05,3.62
54011,69,12,94,26.49,44.24,4.2
54013,70,12,94,26.31,44.59,4.21
54015,74,12,91,26.85,44.56,5.41
54017,73,10,89,26.15,44.35,3.84
54019,67,13,93,23.65,47.29,5.35
54021,73,12,94,26.87,44.25,4.3
54023,77,13,82,25.52,46.37,3.91
54025,68,13,84,23.16,50.04,4.49
54027,76,11,83,26.66,42.91,4.19
54029,78,8,85,26.59,44.63,3.44
54031,72,15,87,25.36,44.66,4.73
54033,66,10,92,24.23,44.51,4.36
54035,69,12,94,26.35,44.97,4.24
54037,65,7,83,24.41,39.93,3.62
54039,74,13,93,27.05,45.25,5.04
54041,70,11,92,25.86,43.76,4.72
54043,73,10,92,27.27,42.69,4.17
54045,73,10,91,26.71,41.31,4.36
54047,67,13,89,24.74,43.03,4.11
54049,75,8,84,26.51,43.05,3.82
54051,72,8,90,25.33,43.53,4.75
54053,70,11,91,26.58,44.61,3.86
54055,66,12,86,23.26,43.47,4.08
54057,73,12,83,26.02,45.33,4.07
54059,71,10,91,26.57,40.95,4.25
54061,76,6,84,26.13,41.17,4.12
54063,66,8,81,23.43,44.21,3.96
54065,78,12,81,27.37,43.63,3.24
54067,68,11,89,23.61,47.3,5.89
54069,73,6,85,25.11,41.73,4.05
54071,67,13,86,22.32,45.04,5.45
54073,72,13,89,25.85,47.36,3.91
54075,66,14,88,20.79,49.32,6.23
54077,67,11,93,22.2,47.07,5.45
54079,71,12,93,26.65,44.76,4.31
54081,66,10,88,23.03,44.43,4.73
54083,67,13,91,21.12,46.95,6.2
54085,70,13,94,25.73,46.55,4.26
54087,71,10,90,26.62,43.74,3.87
54089,67,12,84,23.61,45.67,4.57
54091,67,10,91,24.1,44.87,5.28
54093,69,15,94,21.96,47.25,6.45
54095,71,11,89,25.61,45.45,4.14
54097,69,13,91,24.02,46.15,5.42
54099,71,11,92,26.79,43.45,4.21
54101,68,11,89,23.05,45.59,4.91
54103,73,10,91,26.08,44.45,4.53
54105,68,12,94,25.86,45.41,4.36
54107,69,11,92,25.76,45.08,4.3
54109,71,13,88,25.2,44.55,4.09
55001,99,5,87,33.88,41.23,4.19
55003,79,5,90,22.98,43.01,5.0
55005,93,8,87,28.98,43.83,4.56
55007,80,5,93,23.88,42.59,5.1
55009,99,4,85,33.07,43.2,4.41
55011,97,4,87,32.03,39.22,4.03
55013,90,8,91,27.87,43.33,4.53
55015,99,3,87,33.55,41.1,4.79
55017,95,11,87,29.9,46.34,4.37
55019,99,4,82,32.7,40.27,4.01
55021,98,5,88,32.71,42.98,4.42
55023,98,6,87,32.61,44.07,3.91
55025,98,6,87,32.52,44.87,4.4
55027,98,7,86,32.5,46.65,4.58
55029,95,5,82,27.72,45.47,5.33
55031,80,4,93,24.0,40.43,5.12
55033,94,4,87,30.02,39.67,4.06
55035,98,3,84,32.06,37.97,3.85
55037,85,11,85,24.96,46.87,4.36
55039,98,5,88,32.15,43.89,4.53
55041,92,10,84,26.78,46.75,4.49
55043,98,4,88,32.82,41.97,4.17
55045,99,3,85,34.15,41.97,4.25
55047,99,5,87,33.71,42.99,4.41
55049,99,4,88,33.62,42.61,4.25
55051,80,5,90,23.02,41.68,5.17
55053,98,3,84,32.26,38.24,4.07
55055,99,6,84,34.21,45.76,4.43
55057,98,5,87,32.52,41.33,4.34
55059,89,7,89,28.02,50.14,5.14
55061,94,5,84,28.07,46.03,5.24
55063,98,3,84,32.67,38.95,4.42
55065,98,4,87,32.69,42.44,4.36
55067,91,10,83,26.7,47.86,4.71
55069,90,10,84,26.55,47.63,4.53
55071,99,2,81,32.23,42.64,4.99
55073,99,5,80,32.19,41.83,4.1
55075,97,6,76,30.25,42.06,3.99
55077,99,5,87,33.88,42.4,4.29
55078,97,8,82,30.58,45.43,4.3
55079,91,6,85,28.54,46.62,5.07
55081,99,5,83,33.48,42.48,4.35
55083,98,6,80,31.41,42.6,3.95
55085,89,10,88,25.79,46.88,4.86
55087,98,3,86,32.11,40.57,4.33
55089,90,4,87,27.63,46.88,5.44
55091,98,4,84,32.81,39.17,3.8
55093,98,4,86,32.53,39.6,3.88
55095,99,6,81,33.0,42.69,3.97
55097,99,8,87,32.86,44.59,4.39
55099,79,4,91,23.07,40.02,5.26
55101,89,7,89,27.97,49.96,5.06
55103,98,7,88,32.44,45.21,4.17
55105,99,3,81,34.22,41.7,4.16
55107,92,9,89,28.14,44.9,4.82
55109,99,5,85,33.37,41.04,4.15
55111,99,5,88,33.43,43.39,4.43
55113,89,10,90,26.8,46.27,4.92
55115,99,5,82,32.76,42.96,4.13
55117,96,3,83,30.42,44.79,4.89
55119,91,10,86,27.22,47.39,4.72
55121,99,4,85,33.71,39.63,3.94
55123,98,4,83,32.15,42.32,4.2
55125,79,3,89,22.52,39.61,4.87
55127,99,4,83,34.43,44.12,4.39
55129,89,9,90,27.52,44.24,4.88
55131,96,4,86,30.8,45.62,4.66
55133,98,4,83,32.8,44.26,4.47
55135,99,6,87,33.21,43.87,4.56
55137,99,5,86,33.54,41.97,4.57
55139,99,4,87,33.31,42.04,4.47
55141,99,4,83,33.41,39.21,4.05
56001,96,4,75,27.7,24.060000000000002,4.41
56003,97,4,87,31.11,23.299999999999997,2.88
56005,97,8,90,33.62,27.730000000000004,3.7
56007,95,4,82,28.11,22.36,4.78
56009,94,4,84,31.23,23.239999999999995,3.96
56011,92,6,83,30.61,28.150000000000006,4.25
56013,97,4,85,28.59,23.760000000000005,3.77
56015,89,4,89,31.07,22.72,3.66
56017,96,4,90,30.01,22.409999999999997,3.88
56019,97,5,88,30.96,24.569999999999993,3.88
56021,90,4,85,28.82,23.310000000000002,3.98
56023,95,6,87,26.7,26.510000000000005,3.95
56025,96,5,82,31.09,22.17,4.32
56027,96,5,76,33.66,24.819999999999993,3.32
56029,92,3,87,24.04,25.78,4.47
56031,86,4,88,29.43,22.370000000000005,3.97
56033,97,6,80,31.17,26.159999999999997,3.74
56035,95,6,84,25.12,27.150000000000006,4.48
56037,93,5,87,28.63,22.230000000000004,3.89
56039,96,7,87,24.32,30.879999999999995,4.94
56041,90,4,90,26.51,22.230000000000004,4.02
56043,97,3,92,32.25,21.83,3.37
56045,97,6,80,33.92,26.64,3.33
